[0.000000] (-) TimerEvent: {}
[0.003355] (masc_chassis_can_sdk) JobQueued: {'identifier': 'masc_chassis_can_sdk', 'dependencies': OrderedDict()}
[0.003538] (masc_chassis_msgs) JobQueued: {'identifier': 'masc_chassis_msgs', 'dependencies': OrderedDict()}
[0.003578] (masc_chassis_ros_driver) JobQueued: {'identifier': 'masc_chassis_ros_driver', 'dependencies': OrderedDict({'masc_chassis_can_sdk': '/home/tiema/project/masc_chassis/chassis_ros_ws/install/masc_chassis_can_sdk', 'masc_chassis_msgs': '/home/tiema/project/masc_chassis/chassis_ros_ws/install/masc_chassis_msgs'})}
[0.003625] (masc_chassis_can_sdk) JobStarted: {'identifier': 'masc_chassis_can_sdk'}
[0.066816] (masc_chassis_msgs) JobStarted: {'identifier': 'masc_chassis_msgs'}
[0.087622] (masc_chassis_can_sdk) JobProgress: {'identifier': 'masc_chassis_can_sdk', 'progress': 'cmake'}
[0.088970] (masc_chassis_can_sdk) Command: {'cmd': ['/usr/bin/cmake', '/home/tiema/project/masc_chassis/chassis_ros_ws/src/masc_chassis_can_sdk', '-DCMAKE_INSTALL_PREFIX=/home/tiema/project/masc_chassis/chassis_ros_ws/install/masc_chassis_can_sdk'], 'cwd': '/home/tiema/project/masc_chassis/chassis_ros_ws/build/masc_chassis_can_sdk', 'env': OrderedDict({'GJS_DEBUG_TOPICS': 'JS ERROR;JS LOG', 'LESSOPEN': '| /usr/bin/lesspipe %s', 'LANGUAGE': 'zh_CN:en', 'USER': 'tiema', 'LC_TIME': 'zh_CN.UTF-8', 'XDG_SESSION_TYPE': 'x11', 'GIT_ASKPASS': '/usr/share/code/resources/app/extensions/git/dist/askpass.sh', 'CLUTTER_DISABLE_MIPMAPPED_TEXT': '1', 'SHLVL': '1', 'LD_LIBRARY_PATH': '/opt/ros/jazzy/lib/aarch64-linux-gnu:/opt/ros/jazzy/lib', 'HOME': '/home/tiema', 'CHROME_DESKTOP': 'code.desktop', 'OLDPWD': '/home/tiema/project/masc_chassis', 'TERM_PROGRAM_VERSION': '1.136.1', 'DESKTOP_SESSION': 'ubuntu-xorg', 'GIO_LAUNCHED_DESKTOP_FILE': '/usr/share/applications/code.desktop', 'ROS_PYTHON_VERSION': '3', 'GNOME_SHELL_SESSION_MODE': 'ubuntu', 'GTK_MODULES': 'gail:atk-bridge', 'SDL_IM_MODULE': 'fcitx', 'VSCODE_GIT_ASKPASS_MAIN': '/usr/share/code/resources/app/extensions/git/dist/askpass-main.js', 'LC_MONETARY': 'zh_CN.UTF-8', 'VSCODE_GIT_ASKPASS_NODE': '/usr/share/code/code', 'MANAGERPID': '1894', 'SYSTEMD_EXEC_PID': '2215', 'VSCODE_PYTHON_AUTOACTIVATE_GUARD': '1', 'GSM_SKIP_SSH_AGENT_WORKAROUND': 'true', 'DBUS_SESSION_BUS_ADDRESS': 'unix:path=/run/user/1000/bus', 'COLORTERM': 'truecolor', 'GIO_LAUNCHED_DESKTOP_FILE_PID': '16595', 'DEBUGINFOD_URLS': 'https://debuginfod.ubuntu.com', 'IM_CONFIG_PHASE': '1', 'ROS_DISTRO': 'jazzy', 'GTK_IM_MODULE': 'fcitx', 'LOGNAME': 'tiema', 'JOURNAL_STREAM': '8:19797', '_': '/usr/bin/colcon', 'ROS_VERSION': '2', 'MEMORY_PRESSURE_WATCH': '/sys/fs/cgroup/user.slice/user-1000.slice/user@1000.service/session.slice/org.gnome.Shell@x11.service/memory.pressure', 'XDG_SESSION_CLASS': 'user', 'USERNAME': 'tiema', 'TERM': 'xterm-256color', 'GNOME_DESKTOP_SESSION_ID': 'this-is-deprecated', 'FC_FONTATIONS': '1', 'WINDOWPATH': '2', 'PATH': '/home/tiema/.config/Code/User/globalStorage/github.copilot-chat/debugCommand:/home/tiema/.config/Code/User/globalStorage/github.copilot-chat/copilotCli:/opt/ros/jazzy/bin:/usr/local/sbin:/usr/local/bin:/usr/sbin:/usr/bin:/sbin:/bin:/usr/games:/usr/local/games:/snap/bin:/snap/bin', 'SESSION_MANAGER': 'local/tiema:@/tmp/.ICE-unix/2160,unix/tiema:/tmp/.ICE-unix/2160', 'INVOCATION_ID': '935cf4f9ac054f658ffe6ae8e39b8bb7', 'PAPERSIZE': 'a4', 'XDG_MENU_PREFIX': 'gnome-', 'LC_ADDRESS': 'zh_CN.UTF-8', 'XDG_RUNTIME_DIR': '/run/user/1000', 'GDK_BACKEND': 'x11', 'DISPLAY': ':1', 'LANG': 'zh_CN.UTF-8', 'XDG_CURRENT_DESKTOP': 'ubuntu:GNOME', 'LC_TELEPHONE': 'zh_CN.UTF-8', 'XMODIFIERS': '@im=fcitx', 'XDG_SESSION_DESKTOP': 'ubuntu-xorg', 'XAUTHORITY': '/run/user/1000/gdm/Xauthority', 'LS_COLORS': 'rs=0:di=01;34:ln=01;36:mh=00:pi=40;33:so=01;35:do=01;35:bd=40;33;01:cd=40;33;01:or=40;31;01:mi=00:su=37;41:sg=30;43:ca=00:tw=30;42:ow=34;42:st=37;44:ex=01;32:*.tar=01;31:*.tgz=01;31:*.arc=01;31:*.arj=01;31:*.taz=01;31:*.lha=01;31:*.lz4=01;31:*.lzh=01;31:*.lzma=01;31:*.tlz=01;31:*.txz=01;31:*.tzo=01;31:*.t7z=01;31:*.zip=01;31:*.z=01;31:*.dz=01;31:*.gz=01;31:*.lrz=01;31:*.lz=01;31:*.lzo=01;31:*.xz=01;31:*.zst=01;31:*.tzst=01;31:*.bz2=01;31:*.bz=01;31:*.tbz=01;31:*.tbz2=01;31:*.tz=01;31:*.deb=01;31:*.rpm=01;31:*.jar=01;31:*.war=01;31:*.ear=01;31:*.sar=01;31:*.rar=01;31:*.alz=01;31:*.ace=01;31:*.zoo=01;31:*.cpio=01;31:*.7z=01;31:*.rz=01;31:*.cab=01;31:*.wim=01;31:*.swm=01;31:*.dwm=01;31:*.esd=01;31:*.avif=01;35:*.jpg=01;35:*.jpeg=01;35:*.mjpg=01;35:*.mjpeg=01;35:*.gif=01;35:*.bmp=01;35:*.pbm=01;35:*.pgm=01;35:*.ppm=01;35:*.tga=01;35:*.xbm=01;35:*.xpm=01;35:*.tif=01;35:*.tiff=01;35:*.png=01;35:*.svg=01;35:*.svgz=01;35:*.mng=01;35:*.pcx=01;35:*.mov=01;35:*.mpg=01;35:*.mpeg=01;35:*.m2v=01;35:*.mkv=01;35:*.webm=01;35:*.webp=01;35:*.ogm=01;35:*.mp4=01;35:*.m4v=01;35:*.mp4v=01;35:*.vob=01;35:*.qt=01;35:*.nuv=01;35:*.wmv=01;35:*.asf=01;35:*.rm=01;35:*.rmvb=01;35:*.flc=01;35:*.avi=01;35:*.fli=01;35:*.flv=01;35:*.gl=01;35:*.dl=01;35:*.xcf=01;35:*.xwd=01;35:*.yuv=01;35:*.cgm=01;35:*.emf=01;35:*.ogv=01;35:*.ogx=01;35:*.aac=00;36:*.au=00;36:*.flac=00;36:*.m4a=00;36:*.mid=00;36:*.midi=00;36:*.mka=00;36:*.mp3=00;36:*.mpc=00;36:*.ogg=00;36:*.ra=00;36:*.wav=00;36:*.oga=00;36:*.opus=00;36:*.spx=00;36:*.xspf=00;36:*~=00;90:*#=00;90:*.bak=00;90:*.crdownload=00;90:*.dpkg-dist=00;90:*.dpkg-new=00;90:*.dpkg-old=00;90:*.dpkg-tmp=00;90:*.old=00;90:*.orig=00;90:*.part=00;90:*.rej=00;90:*.rpmnew=00;90:*.rpmorig=00;90:*.rpmsave=00;90:*.swp=00;90:*.tmp=00;90:*.ucf-dist=00;90:*.ucf-new=00;90:*.ucf-old=00;90:', 'VSCODE_GIT_IPC_HANDLE': '/run/user/1000/vscode-git-0c08523fcc.sock', 'TERM_PROGRAM': 'vscode', 'SSH_AUTH_SOCK': '/run/user/1000/keyring/ssh', 'AMENT_PREFIX_PATH': '/opt/ros/jazzy', 'SHELL': '/bin/bash', 'LC_NAME': 'zh_CN.UTF-8', 'QT_ACCESSIBILITY': '1', 'GDMSESSION': 'ubuntu-xorg', 'LESSCLOSE': '/usr/bin/lesspipe %s %s', 'LC_MEASUREMENT': 'zh_CN.UTF-8', 'GPG_AGENT_INFO': '/run/user/1000/gnupg/S.gpg-agent:0:1', 'GJS_DEBUG_OUTPUT': 'stderr', 'LC_IDENTIFICATION': 'zh_CN.UTF-8', 'ROS_AUTOMATIC_DISCOVERY_RANGE': 'SUBNET', 'VSCODE_GIT_ASKPASS_EXTRA_ARGS': '', 'QT_IM_MODULE': 'fcitx', 'PWD': '/home/tiema/project/masc_chassis/chassis_ros_ws/build/masc_chassis_can_sdk', 'XDG_CONFIG_DIRS': '/etc/xdg/xdg-ubuntu-xorg:/etc/xdg', 'COPILOT_DEBUG_NONCE': '07e554e5e30a71fe75ff906291ac7b38', 'CLUTTER_IM_MODULE': 'xim', 'XDG_DATA_DIRS': '/usr/share/ubuntu-xorg:/usr/share/gnome:/usr/local/share/:/usr/share/:/var/lib/snapd/desktop', 'QTWEBENGINE_DICTIONARIES_PATH': '/usr/share/hunspell-bdic/', 'PYTHONPATH': '/opt/ros/jazzy/lib/python3.12/site-packages', 'LC_NUMERIC': 'zh_CN.UTF-8', 'LC_PAPER': 'zh_CN.UTF-8', 'COLCON': '1', 'MEMORY_PRESSURE_WRITE': 'c29tZSAyMDAwMDAgMjAwMDAwMAA=', 'CMAKE_PREFIX_PATH': '/opt/ros/jazzy'}), 'shell': False}
[0.112645] (-) TimerEvent: {}
[0.138236] (masc_chassis_msgs) JobProgress: {'identifier': 'masc_chassis_msgs', 'progress': 'cmake'}
[0.140003] (masc_chassis_msgs) Command: {'cmd': ['/usr/bin/cmake', '/home/tiema/project/masc_chassis/chassis_ros_ws/src/masc_chassis_msgs', '-DCMAKE_INSTALL_PREFIX=/home/tiema/project/masc_chassis/chassis_ros_ws/install/masc_chassis_msgs'], 'cwd': '/home/tiema/project/masc_chassis/chassis_ros_ws/build/masc_chassis_msgs', 'env': OrderedDict({'GJS_DEBUG_TOPICS': 'JS ERROR;JS LOG', 'LESSOPEN': '| /usr/bin/lesspipe %s', 'LANGUAGE': 'zh_CN:en', 'USER': 'tiema', 'LC_TIME': 'zh_CN.UTF-8', 'XDG_SESSION_TYPE': 'x11', 'GIT_ASKPASS': '/usr/share/code/resources/app/extensions/git/dist/askpass.sh', 'CLUTTER_DISABLE_MIPMAPPED_TEXT': '1', 'SHLVL': '1', 'LD_LIBRARY_PATH': '/opt/ros/jazzy/lib/aarch64-linux-gnu:/opt/ros/jazzy/lib', 'HOME': '/home/tiema', 'CHROME_DESKTOP': 'code.desktop', 'OLDPWD': '/home/tiema/project/masc_chassis', 'TERM_PROGRAM_VERSION': '1.136.1', 'DESKTOP_SESSION': 'ubuntu-xorg', 'GIO_LAUNCHED_DESKTOP_FILE': '/usr/share/applications/code.desktop', 'ROS_PYTHON_VERSION': '3', 'GNOME_SHELL_SESSION_MODE': 'ubuntu', 'GTK_MODULES': 'gail:atk-bridge', 'SDL_IM_MODULE': 'fcitx', 'VSCODE_GIT_ASKPASS_MAIN': '/usr/share/code/resources/app/extensions/git/dist/askpass-main.js', 'LC_MONETARY': 'zh_CN.UTF-8', 'VSCODE_GIT_ASKPASS_NODE': '/usr/share/code/code', 'MANAGERPID': '1894', 'SYSTEMD_EXEC_PID': '2215', 'VSCODE_PYTHON_AUTOACTIVATE_GUARD': '1', 'GSM_SKIP_SSH_AGENT_WORKAROUND': 'true', 'DBUS_SESSION_BUS_ADDRESS': 'unix:path=/run/user/1000/bus', 'COLORTERM': 'truecolor', 'GIO_LAUNCHED_DESKTOP_FILE_PID': '16595', 'DEBUGINFOD_URLS': 'https://debuginfod.ubuntu.com', 'IM_CONFIG_PHASE': '1', 'ROS_DISTRO': 'jazzy', 'GTK_IM_MODULE': 'fcitx', 'LOGNAME': 'tiema', 'JOURNAL_STREAM': '8:19797', '_': '/usr/bin/colcon', 'ROS_VERSION': '2', 'MEMORY_PRESSURE_WATCH': '/sys/fs/cgroup/user.slice/user-1000.slice/user@1000.service/session.slice/org.gnome.Shell@x11.service/memory.pressure', 'XDG_SESSION_CLASS': 'user', 'USERNAME': 'tiema', 'TERM': 'xterm-256color', 'GNOME_DESKTOP_SESSION_ID': 'this-is-deprecated', 'FC_FONTATIONS': '1', 'WINDOWPATH': '2', 'PATH': '/home/tiema/.config/Code/User/globalStorage/github.copilot-chat/debugCommand:/home/tiema/.config/Code/User/globalStorage/github.copilot-chat/copilotCli:/opt/ros/jazzy/bin:/usr/local/sbin:/usr/local/bin:/usr/sbin:/usr/bin:/sbin:/bin:/usr/games:/usr/local/games:/snap/bin:/snap/bin', 'SESSION_MANAGER': 'local/tiema:@/tmp/.ICE-unix/2160,unix/tiema:/tmp/.ICE-unix/2160', 'INVOCATION_ID': '935cf4f9ac054f658ffe6ae8e39b8bb7', 'PAPERSIZE': 'a4', 'XDG_MENU_PREFIX': 'gnome-', 'LC_ADDRESS': 'zh_CN.UTF-8', 'XDG_RUNTIME_DIR': '/run/user/1000', 'GDK_BACKEND': 'x11', 'DISPLAY': ':1', 'LANG': 'zh_CN.UTF-8', 'XDG_CURRENT_DESKTOP': 'ubuntu:GNOME', 'LC_TELEPHONE': 'zh_CN.UTF-8', 'XMODIFIERS': '@im=fcitx', 'XDG_SESSION_DESKTOP': 'ubuntu-xorg', 'XAUTHORITY': '/run/user/1000/gdm/Xauthority', 'LS_COLORS': 'rs=0:di=01;34:ln=01;36:mh=00:pi=40;33:so=01;35:do=01;35:bd=40;33;01:cd=40;33;01:or=40;31;01:mi=00:su=37;41:sg=30;43:ca=00:tw=30;42:ow=34;42:st=37;44:ex=01;32:*.tar=01;31:*.tgz=01;31:*.arc=01;31:*.arj=01;31:*.taz=01;31:*.lha=01;31:*.lz4=01;31:*.lzh=01;31:*.lzma=01;31:*.tlz=01;31:*.txz=01;31:*.tzo=01;31:*.t7z=01;31:*.zip=01;31:*.z=01;31:*.dz=01;31:*.gz=01;31:*.lrz=01;31:*.lz=01;31:*.lzo=01;31:*.xz=01;31:*.zst=01;31:*.tzst=01;31:*.bz2=01;31:*.bz=01;31:*.tbz=01;31:*.tbz2=01;31:*.tz=01;31:*.deb=01;31:*.rpm=01;31:*.jar=01;31:*.war=01;31:*.ear=01;31:*.sar=01;31:*.rar=01;31:*.alz=01;31:*.ace=01;31:*.zoo=01;31:*.cpio=01;31:*.7z=01;31:*.rz=01;31:*.cab=01;31:*.wim=01;31:*.swm=01;31:*.dwm=01;31:*.esd=01;31:*.avif=01;35:*.jpg=01;35:*.jpeg=01;35:*.mjpg=01;35:*.mjpeg=01;35:*.gif=01;35:*.bmp=01;35:*.pbm=01;35:*.pgm=01;35:*.ppm=01;35:*.tga=01;35:*.xbm=01;35:*.xpm=01;35:*.tif=01;35:*.tiff=01;35:*.png=01;35:*.svg=01;35:*.svgz=01;35:*.mng=01;35:*.pcx=01;35:*.mov=01;35:*.mpg=01;35:*.mpeg=01;35:*.m2v=01;35:*.mkv=01;35:*.webm=01;35:*.webp=01;35:*.ogm=01;35:*.mp4=01;35:*.m4v=01;35:*.mp4v=01;35:*.vob=01;35:*.qt=01;35:*.nuv=01;35:*.wmv=01;35:*.asf=01;35:*.rm=01;35:*.rmvb=01;35:*.flc=01;35:*.avi=01;35:*.fli=01;35:*.flv=01;35:*.gl=01;35:*.dl=01;35:*.xcf=01;35:*.xwd=01;35:*.yuv=01;35:*.cgm=01;35:*.emf=01;35:*.ogv=01;35:*.ogx=01;35:*.aac=00;36:*.au=00;36:*.flac=00;36:*.m4a=00;36:*.mid=00;36:*.midi=00;36:*.mka=00;36:*.mp3=00;36:*.mpc=00;36:*.ogg=00;36:*.ra=00;36:*.wav=00;36:*.oga=00;36:*.opus=00;36:*.spx=00;36:*.xspf=00;36:*~=00;90:*#=00;90:*.bak=00;90:*.crdownload=00;90:*.dpkg-dist=00;90:*.dpkg-new=00;90:*.dpkg-old=00;90:*.dpkg-tmp=00;90:*.old=00;90:*.orig=00;90:*.part=00;90:*.rej=00;90:*.rpmnew=00;90:*.rpmorig=00;90:*.rpmsave=00;90:*.swp=00;90:*.tmp=00;90:*.ucf-dist=00;90:*.ucf-new=00;90:*.ucf-old=00;90:', 'VSCODE_GIT_IPC_HANDLE': '/run/user/1000/vscode-git-0c08523fcc.sock', 'TERM_PROGRAM': 'vscode', 'SSH_AUTH_SOCK': '/run/user/1000/keyring/ssh', 'AMENT_PREFIX_PATH': '/opt/ros/jazzy', 'SHELL': '/bin/bash', 'LC_NAME': 'zh_CN.UTF-8', 'QT_ACCESSIBILITY': '1', 'GDMSESSION': 'ubuntu-xorg', 'LESSCLOSE': '/usr/bin/lesspipe %s %s', 'LC_MEASUREMENT': 'zh_CN.UTF-8', 'GPG_AGENT_INFO': '/run/user/1000/gnupg/S.gpg-agent:0:1', 'GJS_DEBUG_OUTPUT': 'stderr', 'LC_IDENTIFICATION': 'zh_CN.UTF-8', 'ROS_AUTOMATIC_DISCOVERY_RANGE': 'SUBNET', 'VSCODE_GIT_ASKPASS_EXTRA_ARGS': '', 'QT_IM_MODULE': 'fcitx', 'PWD': '/home/tiema/project/masc_chassis/chassis_ros_ws/build/masc_chassis_msgs', 'XDG_CONFIG_DIRS': '/etc/xdg/xdg-ubuntu-xorg:/etc/xdg', 'COPILOT_DEBUG_NONCE': '07e554e5e30a71fe75ff906291ac7b38', 'CLUTTER_IM_MODULE': 'xim', 'XDG_DATA_DIRS': '/usr/share/ubuntu-xorg:/usr/share/gnome:/usr/local/share/:/usr/share/:/var/lib/snapd/desktop', 'QTWEBENGINE_DICTIONARIES_PATH': '/usr/share/hunspell-bdic/', 'PYTHONPATH': '/opt/ros/jazzy/lib/python3.12/site-packages', 'LC_NUMERIC': 'zh_CN.UTF-8', 'LC_PAPER': 'zh_CN.UTF-8', 'COLCON': '1', 'MEMORY_PRESSURE_WRITE': 'c29tZSAyMDAwMDAgMjAwMDAwMAA=', 'CMAKE_PREFIX_PATH': '/opt/ros/jazzy'}), 'shell': False}
[0.216296] (-) TimerEvent: {}
[0.321390] (-) TimerEvent: {}
[0.422286] (-) TimerEvent: {}
[0.532925] (-) TimerEvent: {}
[0.633975] (-) TimerEvent: {}
[0.734636] (-) TimerEvent: {}
[0.842987] (-) TimerEvent: {}
[0.949032] (-) TimerEvent: {}
[1.057026] (-) TimerEvent: {}
[1.157887] (-) TimerEvent: {}
[1.261554] (-) TimerEvent: {}
[1.371959] (-) TimerEvent: {}
[1.475085] (-) TimerEvent: {}
[1.602888] (-) TimerEvent: {}
[1.704467] (-) TimerEvent: {}
[1.808016] (-) TimerEvent: {}
[1.875188] (masc_chassis_msgs) StdoutLine: {'line': b'-- The C compiler identification is GNU 13.3.0\n'}
[1.909299] (-) TimerEvent: {}
[1.921569] (masc_chassis_can_sdk) StdoutLine: {'line': b'-- The CXX compiler identification is GNU 13.3.0\n'}
[2.009475] (-) TimerEvent: {}
[2.036832] (masc_chassis_can_sdk) StdoutLine: {'line': b'-- Detecting CXX compiler ABI info\n'}
[2.093083] (masc_chassis_msgs) StdoutLine: {'line': b'-- The CXX compiler identification is GNU 13.3.0\n'}
[2.111211] (-) TimerEvent: {}
[2.151082] (masc_chassis_msgs) StdoutLine: {'line': b'-- Detecting C compiler ABI info\n'}
[2.212328] (-) TimerEvent: {}
[2.317840] (-) TimerEvent: {}
[2.418446] (-) TimerEvent: {}
[2.520595] (-) TimerEvent: {}
[2.599759] (masc_chassis_can_sdk) StdoutLine: {'line': b'-- Detecting CXX compiler ABI info - done\n'}
[2.622018] (-) TimerEvent: {}
[2.648985] (masc_chassis_can_sdk) StdoutLine: {'line': b'-- Check for working CXX compiler: /usr/bin/c++ - skipped\n'}
[2.650724] (masc_chassis_can_sdk) StdoutLine: {'line': b'-- Detecting CXX compile features\n'}
[2.656933] (masc_chassis_can_sdk) StdoutLine: {'line': b'-- Detecting CXX compile features - done\n'}
[2.661061] (masc_chassis_can_sdk) StdoutLine: {'line': b'-- Performing Test CMAKE_HAVE_LIBC_PTHREAD\n'}
[2.669094] (masc_chassis_msgs) StdoutLine: {'line': b'-- Detecting C compiler ABI info - done\n'}
[2.697373] (masc_chassis_msgs) StdoutLine: {'line': b'-- Check for working C compiler: /usr/bin/cc - skipped\n'}
[2.699730] (masc_chassis_msgs) StdoutLine: {'line': b'-- Detecting C compile features\n'}
[2.700068] (masc_chassis_msgs) StdoutLine: {'line': b'-- Detecting C compile features - done\n'}
[2.726266] (-) TimerEvent: {}
[2.737043] (masc_chassis_msgs) StdoutLine: {'line': b'-- Detecting CXX compiler ABI info\n'}
[2.822294] (-) TimerEvent: {}
[2.924404] (-) TimerEvent: {}
[3.026940] (-) TimerEvent: {}
[3.127411] (-) TimerEvent: {}
[3.151465] (masc_chassis_msgs) StdoutLine: {'line': b'-- Detecting CXX compiler ABI info - done\n'}
[3.164051] (masc_chassis_can_sdk) StdoutLine: {'line': b'-- Performing Test CMAKE_HAVE_LIBC_PTHREAD - Success\n'}
[3.169546] (masc_chassis_can_sdk) StdoutLine: {'line': b'-- Found Threads: TRUE  \n'}
[3.171631] (masc_chassis_msgs) StdoutLine: {'line': b'-- Check for working CXX compiler: /usr/bin/c++ - skipped\n'}
[3.172211] (masc_chassis_msgs) StdoutLine: {'line': b'-- Detecting CXX compile features\n'}
[3.173514] (masc_chassis_msgs) StdoutLine: {'line': b'-- Detecting CXX compile features - done\n'}
[3.196054] (masc_chassis_msgs) StdoutLine: {'line': b'-- Found ament_cmake: 2.5.6 (/opt/ros/jazzy/share/ament_cmake/cmake)\n'}
[3.196580] (masc_chassis_can_sdk) StdoutLine: {'line': b'-- Found ament_cmake: 2.5.6 (/opt/ros/jazzy/share/ament_cmake/cmake)\n'}
[3.229962] (-) TimerEvent: {}
[3.332551] (-) TimerEvent: {}
[3.434285] (-) TimerEvent: {}
[3.539077] (-) TimerEvent: {}
[3.607453] (masc_chassis_can_sdk) StdoutLine: {'line': b'-- Found Python3: /usr/bin/python3 (found version "3.12.3") found components: Interpreter \n'}
[3.639658] (-) TimerEvent: {}
[3.702034] (masc_chassis_msgs) StdoutLine: {'line': b'-- Found Python3: /usr/bin/python3 (found version "3.12.3") found components: Interpreter \n'}
[3.739924] (-) TimerEvent: {}
[3.841374] (-) TimerEvent: {}
[3.941902] (-) TimerEvent: {}
[4.028154] (masc_chassis_msgs) StdoutLine: {'line': b'-- Found rosidl_default_generators: 1.6.1 (/opt/ros/jazzy/share/rosidl_default_generators/cmake)\n'}
[4.042866] (-) TimerEvent: {}
[4.051932] (masc_chassis_msgs) StdoutLine: {'line': b'-- Using all available rosidl_typesupport_c: rosidl_typesupport_fastrtps_c;rosidl_typesupport_introspection_c\n'}
[4.142996] (-) TimerEvent: {}
[4.210945] (masc_chassis_msgs) StdoutLine: {'line': b'-- Using all available rosidl_typesupport_cpp: rosidl_typesupport_fastrtps_cpp;rosidl_typesupport_introspection_cpp\n'}
[4.243130] (-) TimerEvent: {}
[4.310868] (masc_chassis_can_sdk) StdoutLine: {'line': b'-- Configuring done (4.1s)\n'}
[4.332545] (masc_chassis_can_sdk) StdoutLine: {'line': b'-- Generating done (0.0s)\n'}
[4.340999] (masc_chassis_can_sdk) StdoutLine: {'line': b'-- Build files have been written to: /home/tiema/project/masc_chassis/chassis_ros_ws/build/masc_chassis_can_sdk\n'}
[4.343270] (-) TimerEvent: {}
[4.351633] (masc_chassis_can_sdk) CommandEnded: {'returncode': 0}
[4.352753] (masc_chassis_can_sdk) JobProgress: {'identifier': 'masc_chassis_can_sdk', 'progress': 'build'}
[4.354693] (masc_chassis_can_sdk) Command: {'cmd': ['/usr/bin/cmake', '--build', '/home/tiema/project/masc_chassis/chassis_ros_ws/build/masc_chassis_can_sdk', '--', '-j4', '-l4'], 'cwd': '/home/tiema/project/masc_chassis/chassis_ros_ws/build/masc_chassis_can_sdk', 'env': OrderedDict({'GJS_DEBUG_TOPICS': 'JS ERROR;JS LOG', 'LESSOPEN': '| /usr/bin/lesspipe %s', 'LANGUAGE': 'zh_CN:en', 'USER': 'tiema', 'LC_TIME': 'zh_CN.UTF-8', 'XDG_SESSION_TYPE': 'x11', 'GIT_ASKPASS': '/usr/share/code/resources/app/extensions/git/dist/askpass.sh', 'CLUTTER_DISABLE_MIPMAPPED_TEXT': '1', 'SHLVL': '1', 'LD_LIBRARY_PATH': '/opt/ros/jazzy/lib/aarch64-linux-gnu:/opt/ros/jazzy/lib', 'HOME': '/home/tiema', 'CHROME_DESKTOP': 'code.desktop', 'OLDPWD': '/home/tiema/project/masc_chassis', 'TERM_PROGRAM_VERSION': '1.136.1', 'DESKTOP_SESSION': 'ubuntu-xorg', 'GIO_LAUNCHED_DESKTOP_FILE': '/usr/share/applications/code.desktop', 'ROS_PYTHON_VERSION': '3', 'GNOME_SHELL_SESSION_MODE': 'ubuntu', 'GTK_MODULES': 'gail:atk-bridge', 'SDL_IM_MODULE': 'fcitx', 'VSCODE_GIT_ASKPASS_MAIN': '/usr/share/code/resources/app/extensions/git/dist/askpass-main.js', 'LC_MONETARY': 'zh_CN.UTF-8', 'VSCODE_GIT_ASKPASS_NODE': '/usr/share/code/code', 'MANAGERPID': '1894', 'SYSTEMD_EXEC_PID': '2215', 'VSCODE_PYTHON_AUTOACTIVATE_GUARD': '1', 'GSM_SKIP_SSH_AGENT_WORKAROUND': 'true', 'DBUS_SESSION_BUS_ADDRESS': 'unix:path=/run/user/1000/bus', 'COLORTERM': 'truecolor', 'GIO_LAUNCHED_DESKTOP_FILE_PID': '16595', 'DEBUGINFOD_URLS': 'https://debuginfod.ubuntu.com', 'IM_CONFIG_PHASE': '1', 'ROS_DISTRO': 'jazzy', 'GTK_IM_MODULE': 'fcitx', 'LOGNAME': 'tiema', 'JOURNAL_STREAM': '8:19797', '_': '/usr/bin/colcon', 'ROS_VERSION': '2', 'MEMORY_PRESSURE_WATCH': '/sys/fs/cgroup/user.slice/user-1000.slice/user@1000.service/session.slice/org.gnome.Shell@x11.service/memory.pressure', 'XDG_SESSION_CLASS': 'user', 'USERNAME': 'tiema', 'TERM': 'xterm-256color', 'GNOME_DESKTOP_SESSION_ID': 'this-is-deprecated', 'FC_FONTATIONS': '1', 'WINDOWPATH': '2', 'PATH': '/home/tiema/.config/Code/User/globalStorage/github.copilot-chat/debugCommand:/home/tiema/.config/Code/User/globalStorage/github.copilot-chat/copilotCli:/opt/ros/jazzy/bin:/usr/local/sbin:/usr/local/bin:/usr/sbin:/usr/bin:/sbin:/bin:/usr/games:/usr/local/games:/snap/bin:/snap/bin', 'SESSION_MANAGER': 'local/tiema:@/tmp/.ICE-unix/2160,unix/tiema:/tmp/.ICE-unix/2160', 'INVOCATION_ID': '935cf4f9ac054f658ffe6ae8e39b8bb7', 'PAPERSIZE': 'a4', 'XDG_MENU_PREFIX': 'gnome-', 'LC_ADDRESS': 'zh_CN.UTF-8', 'XDG_RUNTIME_DIR': '/run/user/1000', 'GDK_BACKEND': 'x11', 'DISPLAY': ':1', 'LANG': 'zh_CN.UTF-8', 'XDG_CURRENT_DESKTOP': 'ubuntu:GNOME', 'LC_TELEPHONE': 'zh_CN.UTF-8', 'XMODIFIERS': '@im=fcitx', 'XDG_SESSION_DESKTOP': 'ubuntu-xorg', 'XAUTHORITY': '/run/user/1000/gdm/Xauthority', 'LS_COLORS': 'rs=0:di=01;34:ln=01;36:mh=00:pi=40;33:so=01;35:do=01;35:bd=40;33;01:cd=40;33;01:or=40;31;01:mi=00:su=37;41:sg=30;43:ca=00:tw=30;42:ow=34;42:st=37;44:ex=01;32:*.tar=01;31:*.tgz=01;31:*.arc=01;31:*.arj=01;31:*.taz=01;31:*.lha=01;31:*.lz4=01;31:*.lzh=01;31:*.lzma=01;31:*.tlz=01;31:*.txz=01;31:*.tzo=01;31:*.t7z=01;31:*.zip=01;31:*.z=01;31:*.dz=01;31:*.gz=01;31:*.lrz=01;31:*.lz=01;31:*.lzo=01;31:*.xz=01;31:*.zst=01;31:*.tzst=01;31:*.bz2=01;31:*.bz=01;31:*.tbz=01;31:*.tbz2=01;31:*.tz=01;31:*.deb=01;31:*.rpm=01;31:*.jar=01;31:*.war=01;31:*.ear=01;31:*.sar=01;31:*.rar=01;31:*.alz=01;31:*.ace=01;31:*.zoo=01;31:*.cpio=01;31:*.7z=01;31:*.rz=01;31:*.cab=01;31:*.wim=01;31:*.swm=01;31:*.dwm=01;31:*.esd=01;31:*.avif=01;35:*.jpg=01;35:*.jpeg=01;35:*.mjpg=01;35:*.mjpeg=01;35:*.gif=01;35:*.bmp=01;35:*.pbm=01;35:*.pgm=01;35:*.ppm=01;35:*.tga=01;35:*.xbm=01;35:*.xpm=01;35:*.tif=01;35:*.tiff=01;35:*.png=01;35:*.svg=01;35:*.svgz=01;35:*.mng=01;35:*.pcx=01;35:*.mov=01;35:*.mpg=01;35:*.mpeg=01;35:*.m2v=01;35:*.mkv=01;35:*.webm=01;35:*.webp=01;35:*.ogm=01;35:*.mp4=01;35:*.m4v=01;35:*.mp4v=01;35:*.vob=01;35:*.qt=01;35:*.nuv=01;35:*.wmv=01;35:*.asf=01;35:*.rm=01;35:*.rmvb=01;35:*.flc=01;35:*.avi=01;35:*.fli=01;35:*.flv=01;35:*.gl=01;35:*.dl=01;35:*.xcf=01;35:*.xwd=01;35:*.yuv=01;35:*.cgm=01;35:*.emf=01;35:*.ogv=01;35:*.ogx=01;35:*.aac=00;36:*.au=00;36:*.flac=00;36:*.m4a=00;36:*.mid=00;36:*.midi=00;36:*.mka=00;36:*.mp3=00;36:*.mpc=00;36:*.ogg=00;36:*.ra=00;36:*.wav=00;36:*.oga=00;36:*.opus=00;36:*.spx=00;36:*.xspf=00;36:*~=00;90:*#=00;90:*.bak=00;90:*.crdownload=00;90:*.dpkg-dist=00;90:*.dpkg-new=00;90:*.dpkg-old=00;90:*.dpkg-tmp=00;90:*.old=00;90:*.orig=00;90:*.part=00;90:*.rej=00;90:*.rpmnew=00;90:*.rpmorig=00;90:*.rpmsave=00;90:*.swp=00;90:*.tmp=00;90:*.ucf-dist=00;90:*.ucf-new=00;90:*.ucf-old=00;90:', 'VSCODE_GIT_IPC_HANDLE': '/run/user/1000/vscode-git-0c08523fcc.sock', 'TERM_PROGRAM': 'vscode', 'SSH_AUTH_SOCK': '/run/user/1000/keyring/ssh', 'AMENT_PREFIX_PATH': '/opt/ros/jazzy', 'SHELL': '/bin/bash', 'LC_NAME': 'zh_CN.UTF-8', 'QT_ACCESSIBILITY': '1', 'GDMSESSION': 'ubuntu-xorg', 'LESSCLOSE': '/usr/bin/lesspipe %s %s', 'LC_MEASUREMENT': 'zh_CN.UTF-8', 'GPG_AGENT_INFO': '/run/user/1000/gnupg/S.gpg-agent:0:1', 'GJS_DEBUG_OUTPUT': 'stderr', 'LC_IDENTIFICATION': 'zh_CN.UTF-8', 'ROS_AUTOMATIC_DISCOVERY_RANGE': 'SUBNET', 'VSCODE_GIT_ASKPASS_EXTRA_ARGS': '', 'QT_IM_MODULE': 'fcitx', 'PWD': '/home/tiema/project/masc_chassis/chassis_ros_ws/build/masc_chassis_can_sdk', 'XDG_CONFIG_DIRS': '/etc/xdg/xdg-ubuntu-xorg:/etc/xdg', 'COPILOT_DEBUG_NONCE': '07e554e5e30a71fe75ff906291ac7b38', 'CLUTTER_IM_MODULE': 'xim', 'XDG_DATA_DIRS': '/usr/share/ubuntu-xorg:/usr/share/gnome:/usr/local/share/:/usr/share/:/var/lib/snapd/desktop', 'QTWEBENGINE_DICTIONARIES_PATH': '/usr/share/hunspell-bdic/', 'PYTHONPATH': '/opt/ros/jazzy/lib/python3.12/site-packages', 'LC_NUMERIC': 'zh_CN.UTF-8', 'LC_PAPER': 'zh_CN.UTF-8', 'COLCON': '1', 'MEMORY_PRESSURE_WRITE': 'c29tZSAyMDAwMDAgMjAwMDAwMAA=', 'CMAKE_PREFIX_PATH': '/opt/ros/jazzy'}), 'shell': False}
[4.358961] (masc_chassis_msgs) StdoutLine: {'line': b'-- Found rosidl_adapter: 4.6.9 (/opt/ros/jazzy/share/rosidl_adapter/cmake)\n'}
[4.374990] (masc_chassis_msgs) StdoutLine: {'line': b'-- Found std_msgs: 5.3.8 (/opt/ros/jazzy/share/std_msgs/cmake)\n'}
[4.443399] (-) TimerEvent: {}
[4.504069] (masc_chassis_can_sdk) StdoutLine: {'line': b'[  9%] \x1b[32mBuilding CXX object CMakeFiles/masc_chassis_can_sdk.dir/src/chassis_protocol.cpp.o\x1b[0m\n'}
[4.544107] (-) TimerEvent: {}
[4.647321] (-) TimerEvent: {}
[4.747873] (-) TimerEvent: {}
[4.848485] (-) TimerEvent: {}
[4.951064] (-) TimerEvent: {}
[5.051896] (-) TimerEvent: {}
[5.154673] (-) TimerEvent: {}
[5.255450] (-) TimerEvent: {}
[5.359833] (-) TimerEvent: {}
[5.464382] (-) TimerEvent: {}
[5.567987] (-) TimerEvent: {}
[5.670945] (-) TimerEvent: {}
[5.771664] (-) TimerEvent: {}
[5.874313] (-) TimerEvent: {}
[5.980964] (-) TimerEvent: {}
[6.081460] (-) TimerEvent: {}
[6.182983] (-) TimerEvent: {}
[6.285930] (-) TimerEvent: {}
[6.386406] (-) TimerEvent: {}
[6.489051] (-) TimerEvent: {}
[6.589624] (-) TimerEvent: {}
[6.690518] (-) TimerEvent: {}
[6.792868] (-) TimerEvent: {}
[6.893503] (-) TimerEvent: {}
[6.994353] (-) TimerEvent: {}
[7.095333] (-) TimerEvent: {}
[7.187375] (masc_chassis_msgs) StdoutLine: {'line': b'-- Found ament_cmake_cppcheck: 0.17.5 (/opt/ros/jazzy/share/ament_cmake_cppcheck/cmake)\n'}
[7.195472] (-) TimerEvent: {}
[7.208986] (masc_chassis_msgs) StdoutLine: {'line': b'-- Found ament_cmake_cpplint: 0.17.5 (/opt/ros/jazzy/share/ament_cmake_cpplint/cmake)\n'}
[7.228092] (masc_chassis_msgs) StdoutLine: {'line': b'-- Found ament_cmake_uncrustify: 0.17.5 (/opt/ros/jazzy/share/ament_cmake_uncrustify/cmake)\n'}
[7.259570] (masc_chassis_msgs) StdoutLine: {'line': b'-- Found ament_cmake_ros: 0.12.1 (/opt/ros/jazzy/share/ament_cmake_ros/cmake)\n'}
[7.295655] (-) TimerEvent: {}
[7.397965] (-) TimerEvent: {}
[7.422292] (masc_chassis_can_sdk) StdoutLine: {'line': b'[ 18%] \x1b[32mBuilding CXX object CMakeFiles/masc_chassis_can_sdk.dir/src/socketcan_transport.cpp.o\x1b[0m\n'}
[7.499369] (-) TimerEvent: {}
[7.602143] (-) TimerEvent: {}
[7.704758] (-) TimerEvent: {}
[7.805980] (-) TimerEvent: {}
[7.910317] (-) TimerEvent: {}
[8.011271] (-) TimerEvent: {}
[8.114905] (-) TimerEvent: {}
[8.215429] (-) TimerEvent: {}
[8.319001] (-) TimerEvent: {}
[8.419822] (-) TimerEvent: {}
[8.523314] (-) TimerEvent: {}
[8.625467] (-) TimerEvent: {}
[8.731088] (-) TimerEvent: {}
[8.731657] (masc_chassis_can_sdk) StdoutLine: {'line': b'[ 27%] \x1b[32mBuilding CXX object CMakeFiles/masc_chassis_can_sdk.dir/src/unsupported_can_transport.cpp.o\x1b[0m\n'}
[8.831218] (-) TimerEvent: {}
[8.931762] (-) TimerEvent: {}
[8.971154] (masc_chassis_msgs) StdoutLine: {'line': b'-- Using all available rosidl_typesupport_c: rosidl_typesupport_fastrtps_c;rosidl_typesupport_introspection_c\n'}
[9.034667] (-) TimerEvent: {}
[9.138919] (-) TimerEvent: {}
[9.239507] (-) TimerEvent: {}
[9.342432] (-) TimerEvent: {}
[9.445122] (-) TimerEvent: {}
[9.549283] (-) TimerEvent: {}
[9.650896] (-) TimerEvent: {}
[9.691204] (masc_chassis_can_sdk) StdoutLine: {'line': b'[ 36%] \x1b[32mBuilding CXX object CMakeFiles/masc_chassis_can_sdk.dir/src/chassis_sdk.cpp.o\x1b[0m\n'}
[9.751594] (-) TimerEvent: {}
[9.854074] (-) TimerEvent: {}
[9.955423] (-) TimerEvent: {}
[10.056898] (-) TimerEvent: {}
[10.160357] (-) TimerEvent: {}
[10.261955] (-) TimerEvent: {}
[10.365209] (-) TimerEvent: {}
[10.467981] (-) TimerEvent: {}
[10.571461] (-) TimerEvent: {}
[10.678974] (-) TimerEvent: {}
[10.781466] (-) TimerEvent: {}
[10.891994] (-) TimerEvent: {}
[11.005946] (-) TimerEvent: {}
[11.106767] (-) TimerEvent: {}
[11.207473] (-) TimerEvent: {}
[11.311557] (-) TimerEvent: {}
[11.390884] (masc_chassis_msgs) StdoutLine: {'line': b'-- Using all available rosidl_typesupport_cpp: rosidl_typesupport_fastrtps_cpp;rosidl_typesupport_introspection_cpp\n'}
[11.409946] (masc_chassis_msgs) StdoutLine: {'line': b'-- Found python_cmake_module: 0.11.1 (/opt/ros/jazzy/share/python_cmake_module/cmake)\n'}
[11.422922] (-) TimerEvent: {}
[11.537423] (-) TimerEvent: {}
[11.638110] (-) TimerEvent: {}
[11.740740] (-) TimerEvent: {}
[11.841294] (-) TimerEvent: {}
[11.942293] (-) TimerEvent: {}
[11.976109] (masc_chassis_msgs) StdoutLine: {'line': b'-- Found PythonExtra: /usr/bin/python3  \n'}
[12.042473] (-) TimerEvent: {}
[12.145430] (-) TimerEvent: {}
[12.245884] (-) TimerEvent: {}
[12.346976] (-) TimerEvent: {}
[12.449907] (-) TimerEvent: {}
[12.550478] (-) TimerEvent: {}
[12.654068] (-) TimerEvent: {}
[12.758550] (-) TimerEvent: {}
[12.860129] (-) TimerEvent: {}
[12.962907] (-) TimerEvent: {}
[13.067436] (-) TimerEvent: {}
[13.168281] (-) TimerEvent: {}
[13.271927] (-) TimerEvent: {}
[13.374884] (-) TimerEvent: {}
[13.475311] (-) TimerEvent: {}
[13.578146] (-) TimerEvent: {}
[13.681369] (-) TimerEvent: {}
[13.783872] (-) TimerEvent: {}
[13.884359] (-) TimerEvent: {}
[13.991732] (-) TimerEvent: {}
[14.092904] (-) TimerEvent: {}
[14.196109] (-) TimerEvent: {}
[14.298394] (-) TimerEvent: {}
[14.399104] (-) TimerEvent: {}
[14.499767] (-) TimerEvent: {}
[14.603598] (-) TimerEvent: {}
[14.706732] (-) TimerEvent: {}
[14.809447] (-) TimerEvent: {}
[14.873416] (masc_chassis_can_sdk) StdoutLine: {'line': b'[ 45%] \x1b[32m\x1b[1mLinking CXX static library libmasc_chassis_can_sdk.a\x1b[0m\n'}
[14.910457] (-) TimerEvent: {}
[15.011010] (-) TimerEvent: {}
[15.011695] (masc_chassis_msgs) StdoutLine: {'line': b'-- Found Python3: /usr/bin/python3 (found version "3.12.3") found components: Interpreter Development NumPy Development.Module Development.Embed \n'}
[15.111211] (-) TimerEvent: {}
[15.175134] (masc_chassis_can_sdk) StdoutLine: {'line': b'[ 45%] Built target masc_chassis_can_sdk\n'}
[15.214172] (-) TimerEvent: {}
[15.245111] (masc_chassis_msgs) StdoutLine: {'line': b'-- Found ament_cmake_flake8: 0.17.5 (/opt/ros/jazzy/share/ament_cmake_flake8/cmake)\n'}
[15.261922] (masc_chassis_can_sdk) StdoutLine: {'line': b'[ 54%] \x1b[32mBuilding CXX object CMakeFiles/masc_chassis_can_sdk_demo.dir/examples/chassis_can_sdk_demo.cpp.o\x1b[0m\n'}
[15.262447] (masc_chassis_msgs) StdoutLine: {'line': b'-- Found ament_cmake_pep257: 0.17.5 (/opt/ros/jazzy/share/ament_cmake_pep257/cmake)\n'}
[15.313237] (-) TimerEvent: {}
[15.413941] (-) TimerEvent: {}
[15.422950] (masc_chassis_msgs) StdoutLine: {'line': b'-- Found Python3: /usr/bin/python3 (found version "3.12.3") found components: Interpreter \n'}
[15.478310] (masc_chassis_msgs) StdoutLine: {'line': b'-- Configuring done (15.3s)\n'}
[15.517190] (-) TimerEvent: {}
[15.619484] (-) TimerEvent: {}
[15.719913] (-) TimerEvent: {}
[15.746745] (masc_chassis_msgs) StdoutLine: {'line': b'-- Generating done (0.2s)\n'}
[15.811932] (masc_chassis_msgs) StdoutLine: {'line': b'-- Build files have been written to: /home/tiema/project/masc_chassis/chassis_ros_ws/build/masc_chassis_msgs\n'}
[15.822671] (-) TimerEvent: {}
[15.856721] (masc_chassis_msgs) CommandEnded: {'returncode': 0}
[15.858568] (masc_chassis_msgs) JobProgress: {'identifier': 'masc_chassis_msgs', 'progress': 'build'}
[15.858639] (masc_chassis_msgs) Command: {'cmd': ['/usr/bin/cmake', '--build', '/home/tiema/project/masc_chassis/chassis_ros_ws/build/masc_chassis_msgs', '--', '-j4', '-l4'], 'cwd': '/home/tiema/project/masc_chassis/chassis_ros_ws/build/masc_chassis_msgs', 'env': OrderedDict({'GJS_DEBUG_TOPICS': 'JS ERROR;JS LOG', 'LESSOPEN': '| /usr/bin/lesspipe %s', 'LANGUAGE': 'zh_CN:en', 'USER': 'tiema', 'LC_TIME': 'zh_CN.UTF-8', 'XDG_SESSION_TYPE': 'x11', 'GIT_ASKPASS': '/usr/share/code/resources/app/extensions/git/dist/askpass.sh', 'CLUTTER_DISABLE_MIPMAPPED_TEXT': '1', 'SHLVL': '1', 'LD_LIBRARY_PATH': '/opt/ros/jazzy/lib/aarch64-linux-gnu:/opt/ros/jazzy/lib', 'HOME': '/home/tiema', 'CHROME_DESKTOP': 'code.desktop', 'OLDPWD': '/home/tiema/project/masc_chassis', 'TERM_PROGRAM_VERSION': '1.136.1', 'DESKTOP_SESSION': 'ubuntu-xorg', 'GIO_LAUNCHED_DESKTOP_FILE': '/usr/share/applications/code.desktop', 'ROS_PYTHON_VERSION': '3', 'GNOME_SHELL_SESSION_MODE': 'ubuntu', 'GTK_MODULES': 'gail:atk-bridge', 'SDL_IM_MODULE': 'fcitx', 'VSCODE_GIT_ASKPASS_MAIN': '/usr/share/code/resources/app/extensions/git/dist/askpass-main.js', 'LC_MONETARY': 'zh_CN.UTF-8', 'VSCODE_GIT_ASKPASS_NODE': '/usr/share/code/code', 'MANAGERPID': '1894', 'SYSTEMD_EXEC_PID': '2215', 'VSCODE_PYTHON_AUTOACTIVATE_GUARD': '1', 'GSM_SKIP_SSH_AGENT_WORKAROUND': 'true', 'DBUS_SESSION_BUS_ADDRESS': 'unix:path=/run/user/1000/bus', 'COLORTERM': 'truecolor', 'GIO_LAUNCHED_DESKTOP_FILE_PID': '16595', 'DEBUGINFOD_URLS': 'https://debuginfod.ubuntu.com', 'IM_CONFIG_PHASE': '1', 'ROS_DISTRO': 'jazzy', 'GTK_IM_MODULE': 'fcitx', 'LOGNAME': 'tiema', 'JOURNAL_STREAM': '8:19797', '_': '/usr/bin/colcon', 'ROS_VERSION': '2', 'MEMORY_PRESSURE_WATCH': '/sys/fs/cgroup/user.slice/user-1000.slice/user@1000.service/session.slice/org.gnome.Shell@x11.service/memory.pressure', 'XDG_SESSION_CLASS': 'user', 'USERNAME': 'tiema', 'TERM': 'xterm-256color', 'GNOME_DESKTOP_SESSION_ID': 'this-is-deprecated', 'FC_FONTATIONS': '1', 'WINDOWPATH': '2', 'PATH': '/home/tiema/.config/Code/User/globalStorage/github.copilot-chat/debugCommand:/home/tiema/.config/Code/User/globalStorage/github.copilot-chat/copilotCli:/opt/ros/jazzy/bin:/usr/local/sbin:/usr/local/bin:/usr/sbin:/usr/bin:/sbin:/bin:/usr/games:/usr/local/games:/snap/bin:/snap/bin', 'SESSION_MANAGER': 'local/tiema:@/tmp/.ICE-unix/2160,unix/tiema:/tmp/.ICE-unix/2160', 'INVOCATION_ID': '935cf4f9ac054f658ffe6ae8e39b8bb7', 'PAPERSIZE': 'a4', 'XDG_MENU_PREFIX': 'gnome-', 'LC_ADDRESS': 'zh_CN.UTF-8', 'XDG_RUNTIME_DIR': '/run/user/1000', 'GDK_BACKEND': 'x11', 'DISPLAY': ':1', 'LANG': 'zh_CN.UTF-8', 'XDG_CURRENT_DESKTOP': 'ubuntu:GNOME', 'LC_TELEPHONE': 'zh_CN.UTF-8', 'XMODIFIERS': '@im=fcitx', 'XDG_SESSION_DESKTOP': 'ubuntu-xorg', 'XAUTHORITY': '/run/user/1000/gdm/Xauthority', 'LS_COLORS': 'rs=0:di=01;34:ln=01;36:mh=00:pi=40;33:so=01;35:do=01;35:bd=40;33;01:cd=40;33;01:or=40;31;01:mi=00:su=37;41:sg=30;43:ca=00:tw=30;42:ow=34;42:st=37;44:ex=01;32:*.tar=01;31:*.tgz=01;31:*.arc=01;31:*.arj=01;31:*.taz=01;31:*.lha=01;31:*.lz4=01;31:*.lzh=01;31:*.lzma=01;31:*.tlz=01;31:*.txz=01;31:*.tzo=01;31:*.t7z=01;31:*.zip=01;31:*.z=01;31:*.dz=01;31:*.gz=01;31:*.lrz=01;31:*.lz=01;31:*.lzo=01;31:*.xz=01;31:*.zst=01;31:*.tzst=01;31:*.bz2=01;31:*.bz=01;31:*.tbz=01;31:*.tbz2=01;31:*.tz=01;31:*.deb=01;31:*.rpm=01;31:*.jar=01;31:*.war=01;31:*.ear=01;31:*.sar=01;31:*.rar=01;31:*.alz=01;31:*.ace=01;31:*.zoo=01;31:*.cpio=01;31:*.7z=01;31:*.rz=01;31:*.cab=01;31:*.wim=01;31:*.swm=01;31:*.dwm=01;31:*.esd=01;31:*.avif=01;35:*.jpg=01;35:*.jpeg=01;35:*.mjpg=01;35:*.mjpeg=01;35:*.gif=01;35:*.bmp=01;35:*.pbm=01;35:*.pgm=01;35:*.ppm=01;35:*.tga=01;35:*.xbm=01;35:*.xpm=01;35:*.tif=01;35:*.tiff=01;35:*.png=01;35:*.svg=01;35:*.svgz=01;35:*.mng=01;35:*.pcx=01;35:*.mov=01;35:*.mpg=01;35:*.mpeg=01;35:*.m2v=01;35:*.mkv=01;35:*.webm=01;35:*.webp=01;35:*.ogm=01;35:*.mp4=01;35:*.m4v=01;35:*.mp4v=01;35:*.vob=01;35:*.qt=01;35:*.nuv=01;35:*.wmv=01;35:*.asf=01;35:*.rm=01;35:*.rmvb=01;35:*.flc=01;35:*.avi=01;35:*.fli=01;35:*.flv=01;35:*.gl=01;35:*.dl=01;35:*.xcf=01;35:*.xwd=01;35:*.yuv=01;35:*.cgm=01;35:*.emf=01;35:*.ogv=01;35:*.ogx=01;35:*.aac=00;36:*.au=00;36:*.flac=00;36:*.m4a=00;36:*.mid=00;36:*.midi=00;36:*.mka=00;36:*.mp3=00;36:*.mpc=00;36:*.ogg=00;36:*.ra=00;36:*.wav=00;36:*.oga=00;36:*.opus=00;36:*.spx=00;36:*.xspf=00;36:*~=00;90:*#=00;90:*.bak=00;90:*.crdownload=00;90:*.dpkg-dist=00;90:*.dpkg-new=00;90:*.dpkg-old=00;90:*.dpkg-tmp=00;90:*.old=00;90:*.orig=00;90:*.part=00;90:*.rej=00;90:*.rpmnew=00;90:*.rpmorig=00;90:*.rpmsave=00;90:*.swp=00;90:*.tmp=00;90:*.ucf-dist=00;90:*.ucf-new=00;90:*.ucf-old=00;90:', 'VSCODE_GIT_IPC_HANDLE': '/run/user/1000/vscode-git-0c08523fcc.sock', 'TERM_PROGRAM': 'vscode', 'SSH_AUTH_SOCK': '/run/user/1000/keyring/ssh', 'AMENT_PREFIX_PATH': '/opt/ros/jazzy', 'SHELL': '/bin/bash', 'LC_NAME': 'zh_CN.UTF-8', 'QT_ACCESSIBILITY': '1', 'GDMSESSION': 'ubuntu-xorg', 'LESSCLOSE': '/usr/bin/lesspipe %s %s', 'LC_MEASUREMENT': 'zh_CN.UTF-8', 'GPG_AGENT_INFO': '/run/user/1000/gnupg/S.gpg-agent:0:1', 'GJS_DEBUG_OUTPUT': 'stderr', 'LC_IDENTIFICATION': 'zh_CN.UTF-8', 'ROS_AUTOMATIC_DISCOVERY_RANGE': 'SUBNET', 'VSCODE_GIT_ASKPASS_EXTRA_ARGS': '', 'QT_IM_MODULE': 'fcitx', 'PWD': '/home/tiema/project/masc_chassis/chassis_ros_ws/build/masc_chassis_msgs', 'XDG_CONFIG_DIRS': '/etc/xdg/xdg-ubuntu-xorg:/etc/xdg', 'COPILOT_DEBUG_NONCE': '07e554e5e30a71fe75ff906291ac7b38', 'CLUTTER_IM_MODULE': 'xim', 'XDG_DATA_DIRS': '/usr/share/ubuntu-xorg:/usr/share/gnome:/usr/local/share/:/usr/share/:/var/lib/snapd/desktop', 'QTWEBENGINE_DICTIONARIES_PATH': '/usr/share/hunspell-bdic/', 'PYTHONPATH': '/opt/ros/jazzy/lib/python3.12/site-packages', 'LC_NUMERIC': 'zh_CN.UTF-8', 'LC_PAPER': 'zh_CN.UTF-8', 'COLCON': '1', 'MEMORY_PRESSURE_WRITE': 'c29tZSAyMDAwMDAgMjAwMDAwMAA=', 'CMAKE_PREFIX_PATH': '/opt/ros/jazzy'}), 'shell': False}
[15.923884] (-) TimerEvent: {}
[16.024313] (-) TimerEvent: {}
[16.072966] (masc_chassis_msgs) StdoutLine: {'line': b'[  1%] \x1b[34m\x1b[1mGenerating Rust code for ROS interfaces\x1b[0m\n'}
[16.125335] (-) TimerEvent: {}
[16.226349] (-) TimerEvent: {}
[16.329359] (-) TimerEvent: {}
[16.431912] (-) TimerEvent: {}
[16.533633] (-) TimerEvent: {}
[16.636066] (-) TimerEvent: {}
[16.738083] (-) TimerEvent: {}
[16.839912] (-) TimerEvent: {}
[16.940391] (-) TimerEvent: {}
[17.044850] (-) TimerEvent: {}
[17.145444] (-) TimerEvent: {}
[17.248917] (-) TimerEvent: {}
[17.349408] (-) TimerEvent: {}
[17.449934] (-) TimerEvent: {}
[17.553120] (-) TimerEvent: {}
[17.658045] (-) TimerEvent: {}
[17.761899] (-) TimerEvent: {}
[17.862356] (-) TimerEvent: {}
[17.963919] (-) TimerEvent: {}
[18.064483] (-) TimerEvent: {}
[18.165167] (-) TimerEvent: {}
[18.266946] (-) TimerEvent: {}
[18.346028] (masc_chassis_can_sdk) StdoutLine: {'line': b'[ 63%] \x1b[32m\x1b[1mLinking CXX executable masc_chassis_can_sdk_demo\x1b[0m\n'}
[18.367556] (-) TimerEvent: {}
[18.470417] (-) TimerEvent: {}
[18.571139] (-) TimerEvent: {}
[18.673190] (-) TimerEvent: {}
[18.680036] (masc_chassis_can_sdk) StdoutLine: {'line': b'[ 63%] Built target masc_chassis_can_sdk_demo\n'}
[18.751237] (masc_chassis_can_sdk) StdoutLine: {'line': b'[ 72%] \x1b[32mBuilding CXX object CMakeFiles/masc_chassis_can_sdk_runtime_tests.dir/tests/runtime_tests.cpp.o\x1b[0m\n'}
[18.773945] (-) TimerEvent: {}
[18.875739] (-) TimerEvent: {}
[18.977597] (-) TimerEvent: {}
[19.080891] (-) TimerEvent: {}
[19.181396] (-) TimerEvent: {}
[19.285059] (-) TimerEvent: {}
[19.385556] (-) TimerEvent: {}
[19.486195] (-) TimerEvent: {}
[19.587700] (-) TimerEvent: {}
[19.690952] (-) TimerEvent: {}
[19.791661] (-) TimerEvent: {}
[19.893310] (-) TimerEvent: {}
[19.995342] (-) TimerEvent: {}
[20.024056] (masc_chassis_msgs) StdoutLine: {'line': b'[  1%] Built target masc_chassis_msgs__rs\n'}
[20.097994] (-) TimerEvent: {}
[20.113168] (masc_chassis_msgs) StdoutLine: {'line': b'[  1%] Built target ament_cmake_python_copy_masc_chassis_msgs\n'}
[20.178170] (masc_chassis_msgs) StdoutLine: {'line': b'[  2%] \x1b[34m\x1b[1mGenerating type hashes for ROS interfaces\x1b[0m\n'}
[20.198135] (-) TimerEvent: {}
[20.298773] (-) TimerEvent: {}
[20.399293] (-) TimerEvent: {}
[20.501175] (-) TimerEvent: {}
[20.606759] (-) TimerEvent: {}
[20.707396] (-) TimerEvent: {}
[20.808539] (-) TimerEvent: {}
[20.910766] (-) TimerEvent: {}
[21.011473] (-) TimerEvent: {}
[21.114966] (-) TimerEvent: {}
[21.215538] (-) TimerEvent: {}
[21.316135] (-) TimerEvent: {}
[21.369608] (masc_chassis_can_sdk) StdoutLine: {'line': b'[ 81%] \x1b[32m\x1b[1mLinking CXX executable masc_chassis_can_sdk_runtime_tests\x1b[0m\n'}
[21.416280] (-) TimerEvent: {}
[21.519621] (-) TimerEvent: {}
[21.621267] (-) TimerEvent: {}
[21.675546] (masc_chassis_can_sdk) StdoutLine: {'line': b'[ 81%] Built target masc_chassis_can_sdk_runtime_tests\n'}
[21.723703] (-) TimerEvent: {}
[21.733849] (masc_chassis_can_sdk) StdoutLine: {'line': b'[ 90%] \x1b[32mBuilding CXX object CMakeFiles/masc_chassis_can_sdk_protocol_tests.dir/tests/protocol_tests.cpp.o\x1b[0m\n'}
[21.824879] (-) TimerEvent: {}
[21.925366] (-) TimerEvent: {}
[22.029565] (-) TimerEvent: {}
[22.130499] (-) TimerEvent: {}
[22.232977] (-) TimerEvent: {}
[22.338987] (-) TimerEvent: {}
[22.439861] (-) TimerEvent: {}
[22.541125] (-) TimerEvent: {}
[22.642950] (-) TimerEvent: {}
[22.743723] (-) TimerEvent: {}
[22.845950] (-) TimerEvent: {}
[22.947253] (-) TimerEvent: {}
[22.992454] (masc_chassis_can_sdk) StdoutLine: {'line': b'[100%] \x1b[32m\x1b[1mLinking CXX executable masc_chassis_can_sdk_protocol_tests\x1b[0m\n'}
[23.048438] (-) TimerEvent: {}
[23.150291] (-) TimerEvent: {}
[23.254216] (-) TimerEvent: {}
[23.352998] (masc_chassis_can_sdk) StdoutLine: {'line': b'[100%] Built target masc_chassis_can_sdk_protocol_tests\n'}
[23.357913] (-) TimerEvent: {}
[23.457955] (masc_chassis_can_sdk) CommandEnded: {'returncode': 0}
[23.458564] (-) TimerEvent: {}
[23.461560] (masc_chassis_can_sdk) JobProgress: {'identifier': 'masc_chassis_can_sdk', 'progress': 'install'}
[23.499510] (masc_chassis_can_sdk) Command: {'cmd': ['/usr/bin/cmake', '--install', '/home/tiema/project/masc_chassis/chassis_ros_ws/build/masc_chassis_can_sdk'], 'cwd': '/home/tiema/project/masc_chassis/chassis_ros_ws/build/masc_chassis_can_sdk', 'env': OrderedDict({'GJS_DEBUG_TOPICS': 'JS ERROR;JS LOG', 'LESSOPEN': '| /usr/bin/lesspipe %s', 'LANGUAGE': 'zh_CN:en', 'USER': 'tiema', 'LC_TIME': 'zh_CN.UTF-8', 'XDG_SESSION_TYPE': 'x11', 'GIT_ASKPASS': '/usr/share/code/resources/app/extensions/git/dist/askpass.sh', 'CLUTTER_DISABLE_MIPMAPPED_TEXT': '1', 'SHLVL': '1', 'LD_LIBRARY_PATH': '/opt/ros/jazzy/lib/aarch64-linux-gnu:/opt/ros/jazzy/lib', 'HOME': '/home/tiema', 'CHROME_DESKTOP': 'code.desktop', 'OLDPWD': '/home/tiema/project/masc_chassis', 'TERM_PROGRAM_VERSION': '1.136.1', 'DESKTOP_SESSION': 'ubuntu-xorg', 'GIO_LAUNCHED_DESKTOP_FILE': '/usr/share/applications/code.desktop', 'ROS_PYTHON_VERSION': '3', 'GNOME_SHELL_SESSION_MODE': 'ubuntu', 'GTK_MODULES': 'gail:atk-bridge', 'SDL_IM_MODULE': 'fcitx', 'VSCODE_GIT_ASKPASS_MAIN': '/usr/share/code/resources/app/extensions/git/dist/askpass-main.js', 'LC_MONETARY': 'zh_CN.UTF-8', 'VSCODE_GIT_ASKPASS_NODE': '/usr/share/code/code', 'MANAGERPID': '1894', 'SYSTEMD_EXEC_PID': '2215', 'VSCODE_PYTHON_AUTOACTIVATE_GUARD': '1', 'GSM_SKIP_SSH_AGENT_WORKAROUND': 'true', 'DBUS_SESSION_BUS_ADDRESS': 'unix:path=/run/user/1000/bus', 'COLORTERM': 'truecolor', 'GIO_LAUNCHED_DESKTOP_FILE_PID': '16595', 'DEBUGINFOD_URLS': 'https://debuginfod.ubuntu.com', 'IM_CONFIG_PHASE': '1', 'ROS_DISTRO': 'jazzy', 'GTK_IM_MODULE': 'fcitx', 'LOGNAME': 'tiema', 'JOURNAL_STREAM': '8:19797', '_': '/usr/bin/colcon', 'ROS_VERSION': '2', 'MEMORY_PRESSURE_WATCH': '/sys/fs/cgroup/user.slice/user-1000.slice/user@1000.service/session.slice/org.gnome.Shell@x11.service/memory.pressure', 'XDG_SESSION_CLASS': 'user', 'USERNAME': 'tiema', 'TERM': 'xterm-256color', 'GNOME_DESKTOP_SESSION_ID': 'this-is-deprecated', 'FC_FONTATIONS': '1', 'WINDOWPATH': '2', 'PATH': '/home/tiema/.config/Code/User/globalStorage/github.copilot-chat/debugCommand:/home/tiema/.config/Code/User/globalStorage/github.copilot-chat/copilotCli:/opt/ros/jazzy/bin:/usr/local/sbin:/usr/local/bin:/usr/sbin:/usr/bin:/sbin:/bin:/usr/games:/usr/local/games:/snap/bin:/snap/bin', 'SESSION_MANAGER': 'local/tiema:@/tmp/.ICE-unix/2160,unix/tiema:/tmp/.ICE-unix/2160', 'INVOCATION_ID': '935cf4f9ac054f658ffe6ae8e39b8bb7', 'PAPERSIZE': 'a4', 'XDG_MENU_PREFIX': 'gnome-', 'LC_ADDRESS': 'zh_CN.UTF-8', 'XDG_RUNTIME_DIR': '/run/user/1000', 'GDK_BACKEND': 'x11', 'DISPLAY': ':1', 'LANG': 'zh_CN.UTF-8', 'XDG_CURRENT_DESKTOP': 'ubuntu:GNOME', 'LC_TELEPHONE': 'zh_CN.UTF-8', 'XMODIFIERS': '@im=fcitx', 'XDG_SESSION_DESKTOP': 'ubuntu-xorg', 'XAUTHORITY': '/run/user/1000/gdm/Xauthority', 'LS_COLORS': 'rs=0:di=01;34:ln=01;36:mh=00:pi=40;33:so=01;35:do=01;35:bd=40;33;01:cd=40;33;01:or=40;31;01:mi=00:su=37;41:sg=30;43:ca=00:tw=30;42:ow=34;42:st=37;44:ex=01;32:*.tar=01;31:*.tgz=01;31:*.arc=01;31:*.arj=01;31:*.taz=01;31:*.lha=01;31:*.lz4=01;31:*.lzh=01;31:*.lzma=01;31:*.tlz=01;31:*.txz=01;31:*.tzo=01;31:*.t7z=01;31:*.zip=01;31:*.z=01;31:*.dz=01;31:*.gz=01;31:*.lrz=01;31:*.lz=01;31:*.lzo=01;31:*.xz=01;31:*.zst=01;31:*.tzst=01;31:*.bz2=01;31:*.bz=01;31:*.tbz=01;31:*.tbz2=01;31:*.tz=01;31:*.deb=01;31:*.rpm=01;31:*.jar=01;31:*.war=01;31:*.ear=01;31:*.sar=01;31:*.rar=01;31:*.alz=01;31:*.ace=01;31:*.zoo=01;31:*.cpio=01;31:*.7z=01;31:*.rz=01;31:*.cab=01;31:*.wim=01;31:*.swm=01;31:*.dwm=01;31:*.esd=01;31:*.avif=01;35:*.jpg=01;35:*.jpeg=01;35:*.mjpg=01;35:*.mjpeg=01;35:*.gif=01;35:*.bmp=01;35:*.pbm=01;35:*.pgm=01;35:*.ppm=01;35:*.tga=01;35:*.xbm=01;35:*.xpm=01;35:*.tif=01;35:*.tiff=01;35:*.png=01;35:*.svg=01;35:*.svgz=01;35:*.mng=01;35:*.pcx=01;35:*.mov=01;35:*.mpg=01;35:*.mpeg=01;35:*.m2v=01;35:*.mkv=01;35:*.webm=01;35:*.webp=01;35:*.ogm=01;35:*.mp4=01;35:*.m4v=01;35:*.mp4v=01;35:*.vob=01;35:*.qt=01;35:*.nuv=01;35:*.wmv=01;35:*.asf=01;35:*.rm=01;35:*.rmvb=01;35:*.flc=01;35:*.avi=01;35:*.fli=01;35:*.flv=01;35:*.gl=01;35:*.dl=01;35:*.xcf=01;35:*.xwd=01;35:*.yuv=01;35:*.cgm=01;35:*.emf=01;35:*.ogv=01;35:*.ogx=01;35:*.aac=00;36:*.au=00;36:*.flac=00;36:*.m4a=00;36:*.mid=00;36:*.midi=00;36:*.mka=00;36:*.mp3=00;36:*.mpc=00;36:*.ogg=00;36:*.ra=00;36:*.wav=00;36:*.oga=00;36:*.opus=00;36:*.spx=00;36:*.xspf=00;36:*~=00;90:*#=00;90:*.bak=00;90:*.crdownload=00;90:*.dpkg-dist=00;90:*.dpkg-new=00;90:*.dpkg-old=00;90:*.dpkg-tmp=00;90:*.old=00;90:*.orig=00;90:*.part=00;90:*.rej=00;90:*.rpmnew=00;90:*.rpmorig=00;90:*.rpmsave=00;90:*.swp=00;90:*.tmp=00;90:*.ucf-dist=00;90:*.ucf-new=00;90:*.ucf-old=00;90:', 'VSCODE_GIT_IPC_HANDLE': '/run/user/1000/vscode-git-0c08523fcc.sock', 'TERM_PROGRAM': 'vscode', 'SSH_AUTH_SOCK': '/run/user/1000/keyring/ssh', 'AMENT_PREFIX_PATH': '/opt/ros/jazzy', 'SHELL': '/bin/bash', 'LC_NAME': 'zh_CN.UTF-8', 'QT_ACCESSIBILITY': '1', 'GDMSESSION': 'ubuntu-xorg', 'LESSCLOSE': '/usr/bin/lesspipe %s %s', 'LC_MEASUREMENT': 'zh_CN.UTF-8', 'GPG_AGENT_INFO': '/run/user/1000/gnupg/S.gpg-agent:0:1', 'GJS_DEBUG_OUTPUT': 'stderr', 'LC_IDENTIFICATION': 'zh_CN.UTF-8', 'ROS_AUTOMATIC_DISCOVERY_RANGE': 'SUBNET', 'VSCODE_GIT_ASKPASS_EXTRA_ARGS': '', 'QT_IM_MODULE': 'fcitx', 'PWD': '/home/tiema/project/masc_chassis/chassis_ros_ws/build/masc_chassis_can_sdk', 'XDG_CONFIG_DIRS': '/etc/xdg/xdg-ubuntu-xorg:/etc/xdg', 'COPILOT_DEBUG_NONCE': '07e554e5e30a71fe75ff906291ac7b38', 'CLUTTER_IM_MODULE': 'xim', 'XDG_DATA_DIRS': '/usr/share/ubuntu-xorg:/usr/share/gnome:/usr/local/share/:/usr/share/:/var/lib/snapd/desktop', 'QTWEBENGINE_DICTIONARIES_PATH': '/usr/share/hunspell-bdic/', 'PYTHONPATH': '/opt/ros/jazzy/lib/python3.12/site-packages', 'LC_NUMERIC': 'zh_CN.UTF-8', 'LC_PAPER': 'zh_CN.UTF-8', 'COLCON': '1', 'MEMORY_PRESSURE_WRITE': 'c29tZSAyMDAwMDAgMjAwMDAwMAA=', 'CMAKE_PREFIX_PATH': '/opt/ros/jazzy'}), 'shell': False}
[23.529867] (masc_chassis_can_sdk) StdoutLine: {'line': b'-- Install configuration: ""\n'}
[23.530312] (masc_chassis_can_sdk) StdoutLine: {'line': b'-- Installing: /home/tiema/project/masc_chassis/chassis_ros_ws/install/masc_chassis_can_sdk/lib/libmasc_chassis_can_sdk.a\n'}
[23.535306] (masc_chassis_can_sdk) StdoutLine: {'line': b'-- Installing: /home/tiema/project/masc_chassis/chassis_ros_ws/install/masc_chassis_can_sdk/include\n'}
[23.537257] (masc_chassis_can_sdk) StdoutLine: {'line': b'-- Installing: /home/tiema/project/masc_chassis/chassis_ros_ws/install/masc_chassis_can_sdk/include/masc_chassis_can_sdk\n'}
[23.537734] (masc_chassis_can_sdk) StdoutLine: {'line': b'-- Installing: /home/tiema/project/masc_chassis/chassis_ros_ws/install/masc_chassis_can_sdk/include/masc_chassis_can_sdk/types.hpp\n'}
[23.538487] (masc_chassis_can_sdk) StdoutLine: {'line': b'-- Installing: /home/tiema/project/masc_chassis/chassis_ros_ws/install/masc_chassis_can_sdk/include/masc_chassis_can_sdk/chassis_protocol.hpp\n'}
[23.538667] (masc_chassis_can_sdk) StdoutLine: {'line': b'-- Installing: /home/tiema/project/masc_chassis/chassis_ros_ws/install/masc_chassis_can_sdk/include/masc_chassis_can_sdk/can_frame.hpp\n'}
[23.538809] (masc_chassis_can_sdk) StdoutLine: {'line': b'-- Installing: /home/tiema/project/masc_chassis/chassis_ros_ws/install/masc_chassis_can_sdk/include/masc_chassis_can_sdk/chassis_sdk.hpp\n'}
[23.538965] (masc_chassis_can_sdk) StdoutLine: {'line': b'-- Installing: /home/tiema/project/masc_chassis/chassis_ros_ws/install/masc_chassis_can_sdk/include/masc_chassis_can_sdk/socketcan_transport.hpp\n'}
[23.539903] (masc_chassis_can_sdk) StdoutLine: {'line': b'-- Installing: /home/tiema/project/masc_chassis/chassis_ros_ws/install/masc_chassis_can_sdk/include/masc_chassis_can_sdk/state_cache.hpp\n'}
[23.541568] (masc_chassis_can_sdk) StdoutLine: {'line': b'-- Installing: /home/tiema/project/masc_chassis/chassis_ros_ws/install/masc_chassis_can_sdk/include/masc_chassis_can_sdk/unsupported_can_transport.hpp\n'}
[23.542842] (masc_chassis_can_sdk) StdoutLine: {'line': b'-- Installing: /home/tiema/project/masc_chassis/chassis_ros_ws/install/masc_chassis_can_sdk/include/masc_chassis_can_sdk/can_transport.hpp\n'}
[23.544149] (masc_chassis_can_sdk) StdoutLine: {'line': b'-- Installing: /home/tiema/project/masc_chassis/chassis_ros_ws/install/masc_chassis_can_sdk/bin/masc_chassis_can_sdk_demo\n'}
[23.545947] (masc_chassis_can_sdk) StdoutLine: {'line': b'-- Installing: /home/tiema/project/masc_chassis/chassis_ros_ws/install/masc_chassis_can_sdk/share/masc_chassis_can_sdk/environment/library_path.sh\n'}
[23.547978] (masc_chassis_can_sdk) StdoutLine: {'line': b'-- Installing: /home/tiema/project/masc_chassis/chassis_ros_ws/install/masc_chassis_can_sdk/share/masc_chassis_can_sdk/environment/library_path.dsv\n'}
[23.548494] (masc_chassis_can_sdk) StdoutLine: {'line': b'-- Installing: /home/tiema/project/masc_chassis/chassis_ros_ws/install/masc_chassis_can_sdk/share/ament_index/resource_index/package_run_dependencies/masc_chassis_can_sdk\n'}
[23.550627] (masc_chassis_can_sdk) StdoutLine: {'line': b'-- Installing: /home/tiema/project/masc_chassis/chassis_ros_ws/install/masc_chassis_can_sdk/share/ament_index/resource_index/parent_prefix_path/masc_chassis_can_sdk\n'}
[23.554596] (masc_chassis_can_sdk) StdoutLine: {'line': b'-- Installing: /home/tiema/project/masc_chassis/chassis_ros_ws/install/masc_chassis_can_sdk/share/masc_chassis_can_sdk/environment/ament_prefix_path.sh\n'}
[23.558170] (masc_chassis_can_sdk) StdoutLine: {'line': b'-- Installing: /home/tiema/project/masc_chassis/chassis_ros_ws/install/masc_chassis_can_sdk/share/masc_chassis_can_sdk/environment/ament_prefix_path.dsv\n'}
[23.558944] (-) TimerEvent: {}
[23.561390] (masc_chassis_can_sdk) StdoutLine: {'line': b'-- Installing: /home/tiema/project/masc_chassis/chassis_ros_ws/install/masc_chassis_can_sdk/share/masc_chassis_can_sdk/environment/path.sh\n'}
[23.563100] (masc_chassis_can_sdk) StdoutLine: {'line': b'-- Installing: /home/tiema/project/masc_chassis/chassis_ros_ws/install/masc_chassis_can_sdk/share/masc_chassis_can_sdk/environment/path.dsv\n'}
[23.563918] (masc_chassis_can_sdk) StdoutLine: {'line': b'-- Installing: /home/tiema/project/masc_chassis/chassis_ros_ws/install/masc_chassis_can_sdk/share/masc_chassis_can_sdk/local_setup.bash\n'}
[23.567271] (masc_chassis_can_sdk) StdoutLine: {'line': b'-- Installing: /home/tiema/project/masc_chassis/chassis_ros_ws/install/masc_chassis_can_sdk/share/masc_chassis_can_sdk/local_setup.sh\n'}
[23.567706] (masc_chassis_can_sdk) StdoutLine: {'line': b'-- Installing: /home/tiema/project/masc_chassis/chassis_ros_ws/install/masc_chassis_can_sdk/share/masc_chassis_can_sdk/local_setup.zsh\n'}
[23.568043] (masc_chassis_can_sdk) StdoutLine: {'line': b'-- Installing: /home/tiema/project/masc_chassis/chassis_ros_ws/install/masc_chassis_can_sdk/share/masc_chassis_can_sdk/local_setup.dsv\n'}
[23.568310] (masc_chassis_can_sdk) StdoutLine: {'line': b'-- Installing: /home/tiema/project/masc_chassis/chassis_ros_ws/install/masc_chassis_can_sdk/share/masc_chassis_can_sdk/package.dsv\n'}
[23.572242] (masc_chassis_can_sdk) StdoutLine: {'line': b'-- Installing: /home/tiema/project/masc_chassis/chassis_ros_ws/install/masc_chassis_can_sdk/share/ament_index/resource_index/packages/masc_chassis_can_sdk\n'}
[23.573240] (masc_chassis_can_sdk) StdoutLine: {'line': b'-- Installing: /home/tiema/project/masc_chassis/chassis_ros_ws/install/masc_chassis_can_sdk/share/masc_chassis_can_sdk/cmake/export_masc_chassis_can_sdkExport.cmake\n'}
[23.573583] (masc_chassis_can_sdk) StdoutLine: {'line': b'-- Installing: /home/tiema/project/masc_chassis/chassis_ros_ws/install/masc_chassis_can_sdk/share/masc_chassis_can_sdk/cmake/export_masc_chassis_can_sdkExport-noconfig.cmake\n'}
[23.575137] (masc_chassis_can_sdk) StdoutLine: {'line': b'-- Installing: /home/tiema/project/masc_chassis/chassis_ros_ws/install/masc_chassis_can_sdk/share/masc_chassis_can_sdk/cmake/ament_cmake_export_targets-extras.cmake\n'}
[23.575568] (masc_chassis_can_sdk) StdoutLine: {'line': b'-- Installing: /home/tiema/project/masc_chassis/chassis_ros_ws/install/masc_chassis_can_sdk/share/masc_chassis_can_sdk/cmake/ament_cmake_export_dependencies-extras.cmake\n'}
[23.575735] (masc_chassis_can_sdk) StdoutLine: {'line': b'-- Installing: /home/tiema/project/masc_chassis/chassis_ros_ws/install/masc_chassis_can_sdk/share/masc_chassis_can_sdk/cmake/masc_chassis_can_sdkConfig.cmake\n'}
[23.579263] (masc_chassis_can_sdk) StdoutLine: {'line': b'-- Installing: /home/tiema/project/masc_chassis/chassis_ros_ws/install/masc_chassis_can_sdk/share/masc_chassis_can_sdk/cmake/masc_chassis_can_sdkConfig-version.cmake\n'}
[23.591700] (masc_chassis_can_sdk) StdoutLine: {'line': b'-- Installing: /home/tiema/project/masc_chassis/chassis_ros_ws/install/masc_chassis_can_sdk/share/masc_chassis_can_sdk/package.xml\n'}
[23.592569] (masc_chassis_can_sdk) CommandEnded: {'returncode': 0}
[23.660028] (-) TimerEvent: {}
[23.745982] (masc_chassis_can_sdk) JobEnded: {'identifier': 'masc_chassis_can_sdk', 'rc': 0}
[23.760237] (-) TimerEvent: {}
[23.863226] (-) TimerEvent: {}
[23.964716] (-) TimerEvent: {}
[24.064184] (masc_chassis_msgs) StdoutLine: {'line': b'[  2%] Built target masc_chassis_msgs__rosidl_generator_type_description\n'}
[24.064813] (-) TimerEvent: {}
[24.166643] (-) TimerEvent: {}
[24.267226] (-) TimerEvent: {}
[24.367833] (-) TimerEvent: {}
[24.472461] (-) TimerEvent: {}
[24.572950] (-) TimerEvent: {}
[24.578621] (masc_chassis_msgs) StdoutLine: {'line': b'running egg_info\n'}
[24.581235] (masc_chassis_msgs) StdoutLine: {'line': b'creating masc_chassis_msgs.egg-info\n'}
[24.636895] (masc_chassis_msgs) StdoutLine: {'line': b'writing masc_chassis_msgs.egg-info/PKG-INFO\n'}
[24.638049] (masc_chassis_msgs) StdoutLine: {'line': b'writing dependency_links to masc_chassis_msgs.egg-info/dependency_links.txt\n'}
[24.638835] (masc_chassis_msgs) StdoutLine: {'line': b'writing top-level names to masc_chassis_msgs.egg-info/top_level.txt\n'}
[24.641873] (masc_chassis_msgs) StdoutLine: {'line': b"writing manifest file 'masc_chassis_msgs.egg-info/SOURCES.txt'\n"}
[24.673055] (-) TimerEvent: {}
[24.759485] (masc_chassis_msgs) StdoutLine: {'line': b"reading manifest file 'masc_chassis_msgs.egg-info/SOURCES.txt'\n"}
[24.764163] (masc_chassis_msgs) StdoutLine: {'line': b"writing manifest file 'masc_chassis_msgs.egg-info/SOURCES.txt'\n"}
[24.775892] (-) TimerEvent: {}
[24.878996] (-) TimerEvent: {}
[24.883547] (masc_chassis_msgs) StdoutLine: {'line': b'[  2%] Built target ament_cmake_python_build_masc_chassis_msgs_egg\n'}
[24.979122] (-) TimerEvent: {}
[24.995747] (masc_chassis_msgs) StdoutLine: {'line': b'[  2%] \x1b[34m\x1b[1mGenerating C++ code for ROS interfaces\x1b[0m\n'}
[25.079330] (-) TimerEvent: {}
[25.180017] (-) TimerEvent: {}
[25.280579] (-) TimerEvent: {}
[25.381175] (-) TimerEvent: {}
[25.481837] (-) TimerEvent: {}
[25.582271] (-) TimerEvent: {}
[25.682911] (-) TimerEvent: {}
[25.783861] (-) TimerEvent: {}
[25.885010] (-) TimerEvent: {}
[25.988180] (-) TimerEvent: {}
[26.089637] (-) TimerEvent: {}
[26.190178] (-) TimerEvent: {}
[26.290740] (-) TimerEvent: {}
[26.391285] (-) TimerEvent: {}
[26.491902] (-) TimerEvent: {}
[26.592459] (-) TimerEvent: {}
[26.693042] (-) TimerEvent: {}
[26.793605] (-) TimerEvent: {}
[26.894233] (-) TimerEvent: {}
[26.995500] (-) TimerEvent: {}
[27.099885] (-) TimerEvent: {}
[27.200482] (-) TimerEvent: {}
[27.302249] (-) TimerEvent: {}
[27.403372] (-) TimerEvent: {}
[27.504576] (-) TimerEvent: {}
[27.605225] (-) TimerEvent: {}
[27.705797] (-) TimerEvent: {}
[27.806362] (-) TimerEvent: {}
[27.906803] (-) TimerEvent: {}
[28.007312] (-) TimerEvent: {}
[28.107833] (-) TimerEvent: {}
[28.208944] (-) TimerEvent: {}
[28.309626] (-) TimerEvent: {}
[28.411344] (-) TimerEvent: {}
[28.512548] (-) TimerEvent: {}
[28.613470] (-) TimerEvent: {}
[28.714065] (-) TimerEvent: {}
[28.814659] (-) TimerEvent: {}
[28.915695] (-) TimerEvent: {}
[29.016256] (-) TimerEvent: {}
[29.116868] (-) TimerEvent: {}
[29.217274] (-) TimerEvent: {}
[29.317847] (-) TimerEvent: {}
[29.419516] (-) TimerEvent: {}
[29.522159] (-) TimerEvent: {}
[29.622848] (-) TimerEvent: {}
[29.723495] (-) TimerEvent: {}
[29.824002] (-) TimerEvent: {}
[29.924444] (-) TimerEvent: {}
[30.025073] (-) TimerEvent: {}
[30.125631] (-) TimerEvent: {}
[30.226238] (-) TimerEvent: {}
[30.327315] (-) TimerEvent: {}
[30.431157] (-) TimerEvent: {}
[30.531922] (-) TimerEvent: {}
[30.632337] (-) TimerEvent: {}
[30.733946] (-) TimerEvent: {}
[30.838144] (-) TimerEvent: {}
[30.938831] (-) TimerEvent: {}
[31.039465] (-) TimerEvent: {}
[31.043403] (masc_chassis_msgs) StdoutLine: {'line': b'[  2%] Built target masc_chassis_msgs__cpp\n'}
[31.076448] (masc_chassis_msgs) StdoutLine: {'line': b'[  3%] \x1b[34m\x1b[1mGenerating C code for ROS interfaces\x1b[0m\n'}
[31.139583] (-) TimerEvent: {}
[31.240390] (-) TimerEvent: {}
[31.340923] (-) TimerEvent: {}
[31.443453] (-) TimerEvent: {}
[31.543901] (-) TimerEvent: {}
[31.644565] (-) TimerEvent: {}
[31.748166] (-) TimerEvent: {}
[31.853314] (-) TimerEvent: {}
[31.954203] (-) TimerEvent: {}
[32.054955] (-) TimerEvent: {}
[32.156891] (-) TimerEvent: {}
[32.257374] (-) TimerEvent: {}
[32.358933] (-) TimerEvent: {}
[32.459644] (-) TimerEvent: {}
[32.560461] (-) TimerEvent: {}
[32.661631] (-) TimerEvent: {}
[32.762267] (-) TimerEvent: {}
[32.863819] (-) TimerEvent: {}
[32.965470] (-) TimerEvent: {}
[33.066432] (-) TimerEvent: {}
[33.166847] (-) TimerEvent: {}
[33.267303] (-) TimerEvent: {}
[33.369940] (-) TimerEvent: {}
[33.470560] (-) TimerEvent: {}
[33.571126] (-) TimerEvent: {}
[33.671645] (-) TimerEvent: {}
[33.771993] (-) TimerEvent: {}
[33.872423] (-) TimerEvent: {}
[33.973027] (-) TimerEvent: {}
[34.073629] (-) TimerEvent: {}
[34.175204] (-) TimerEvent: {}
[34.275825] (-) TimerEvent: {}
[34.376979] (-) TimerEvent: {}
[34.477716] (-) TimerEvent: {}
[34.579152] (-) TimerEvent: {}
[34.679606] (-) TimerEvent: {}
[34.782095] (-) TimerEvent: {}
[34.882501] (-) TimerEvent: {}
[34.982869] (-) TimerEvent: {}
[35.083227] (-) TimerEvent: {}
[35.183661] (-) TimerEvent: {}
[35.284340] (-) TimerEvent: {}
[35.385256] (-) TimerEvent: {}
[35.486581] (-) TimerEvent: {}
[35.588403] (-) TimerEvent: {}
[35.689058] (-) TimerEvent: {}
[35.790185] (-) TimerEvent: {}
[35.892212] (-) TimerEvent: {}
[35.993599] (-) TimerEvent: {}
[36.094171] (-) TimerEvent: {}
[36.196634] (-) TimerEvent: {}
[36.298713] (-) TimerEvent: {}
[36.399249] (-) TimerEvent: {}
[36.501966] (-) TimerEvent: {}
[36.605871] (-) TimerEvent: {}
[36.706414] (-) TimerEvent: {}
[36.808898] (-) TimerEvent: {}
[36.909365] (-) TimerEvent: {}
[37.010766] (-) TimerEvent: {}
[37.112217] (-) TimerEvent: {}
[37.212830] (-) TimerEvent: {}
[37.313582] (-) TimerEvent: {}
[37.414271] (-) TimerEvent: {}
[37.514875] (-) TimerEvent: {}
[37.616958] (-) TimerEvent: {}
[37.717603] (-) TimerEvent: {}
[37.818221] (-) TimerEvent: {}
[37.918730] (-) TimerEvent: {}
[38.019601] (-) TimerEvent: {}
[38.120329] (-) TimerEvent: {}
[38.221753] (-) TimerEvent: {}
[38.322416] (-) TimerEvent: {}
[38.423288] (-) TimerEvent: {}
[38.526670] (-) TimerEvent: {}
[38.616051] (masc_chassis_msgs) StdoutLine: {'line': b'[  3%] \x1b[32mBuilding C object CMakeFiles/masc_chassis_msgs__rosidl_generator_c.dir/rosidl_generator_c/masc_chassis_msgs/msg/detail/bms_status__description.c.o\x1b[0m\n'}
[38.626847] (-) TimerEvent: {}
[38.727448] (-) TimerEvent: {}
[38.773070] (masc_chassis_msgs) StdoutLine: {'line': b'[  4%] \x1b[32mBuilding C object CMakeFiles/masc_chassis_msgs__rosidl_generator_c.dir/rosidl_generator_c/masc_chassis_msgs/msg/detail/can_frame_stats__description.c.o\x1b[0m\n'}
[38.827633] (-) TimerEvent: {}
[38.872528] (masc_chassis_msgs) StdoutLine: {'line': b'[  4%] \x1b[32mBuilding C object CMakeFiles/masc_chassis_msgs__rosidl_generator_c.dir/rosidl_generator_c/masc_chassis_msgs/msg/detail/can_frame_stats__functions.c.o\x1b[0m\n'}
[38.927739] (-) TimerEvent: {}
[39.025008] (masc_chassis_msgs) StdoutLine: {'line': b'[  5%] \x1b[32mBuilding C object CMakeFiles/masc_chassis_msgs__rosidl_generator_c.dir/rosidl_generator_c/masc_chassis_msgs/msg/detail/can_frame_stats__type_support.c.o\x1b[0m\n'}
[39.027863] (-) TimerEvent: {}
[39.104511] (masc_chassis_msgs) StdoutLine: {'line': b'[  5%] \x1b[32mBuilding C object CMakeFiles/masc_chassis_msgs__rosidl_generator_c.dir/rosidl_generator_c/masc_chassis_msgs/msg/detail/can_frame_stats_array__description.c.o\x1b[0m\n'}
[39.128065] (-) TimerEvent: {}
[39.206117] (masc_chassis_msgs) StdoutLine: {'line': b'[  6%] \x1b[32mBuilding C object CMakeFiles/masc_chassis_msgs__rosidl_generator_c.dir/rosidl_generator_c/masc_chassis_msgs/msg/detail/can_frame_stats_array__functions.c.o\x1b[0m\n'}
[39.228265] (-) TimerEvent: {}
[39.330936] (-) TimerEvent: {}
[39.370178] (masc_chassis_msgs) StdoutLine: {'line': b'[  6%] \x1b[32mBuilding C object CMakeFiles/masc_chassis_msgs__rosidl_generator_c.dir/rosidl_generator_c/masc_chassis_msgs/msg/detail/can_frame_stats_array__type_support.c.o\x1b[0m\n'}
[39.432911] (-) TimerEvent: {}
[39.467178] (masc_chassis_msgs) StdoutLine: {'line': b'[  7%] \x1b[32mBuilding C object CMakeFiles/masc_chassis_msgs__rosidl_generator_c.dir/rosidl_generator_c/masc_chassis_msgs/msg/detail/chassis_status__description.c.o\x1b[0m\n'}
[39.534937] (-) TimerEvent: {}
[39.590575] (masc_chassis_msgs) StdoutLine: {'line': b'[  7%] \x1b[32mBuilding C object CMakeFiles/masc_chassis_msgs__rosidl_generator_c.dir/rosidl_generator_c/masc_chassis_msgs/msg/detail/chassis_status__functions.c.o\x1b[0m\n'}
[39.635489] (-) TimerEvent: {}
[39.736103] (-) TimerEvent: {}
[39.747197] (masc_chassis_msgs) StdoutLine: {'line': b'[  8%] \x1b[32mBuilding C object CMakeFiles/masc_chassis_msgs__rosidl_generator_c.dir/rosidl_generator_c/masc_chassis_msgs/msg/detail/chassis_status__type_support.c.o\x1b[0m\n'}
[39.825104] (masc_chassis_msgs) StdoutLine: {'line': b'[  8%] \x1b[32mBuilding C object CMakeFiles/masc_chassis_msgs__rosidl_generator_c.dir/rosidl_generator_c/masc_chassis_msgs/msg/detail/comm_status__description.c.o\x1b[0m\n'}
[39.836411] (-) TimerEvent: {}
[39.921447] (masc_chassis_msgs) StdoutLine: {'line': b'[  9%] \x1b[32mBuilding C object CMakeFiles/masc_chassis_msgs__rosidl_generator_c.dir/rosidl_generator_c/masc_chassis_msgs/msg/detail/comm_status__functions.c.o\x1b[0m\n'}
[39.936528] (-) TimerEvent: {}
[40.025680] (masc_chassis_msgs) StdoutLine: {'line': b'[  9%] \x1b[32mBuilding C object CMakeFiles/masc_chassis_msgs__rosidl_generator_c.dir/rosidl_generator_c/masc_chassis_msgs/msg/detail/comm_status__type_support.c.o\x1b[0m\n'}
[40.036646] (-) TimerEvent: {}
[40.096604] (masc_chassis_msgs) StdoutLine: {'line': b'[ 10%] \x1b[32mBuilding C object CMakeFiles/masc_chassis_msgs__rosidl_generator_c.dir/rosidl_generator_c/masc_chassis_msgs/msg/detail/drive_motor__description.c.o\x1b[0m\n'}
[40.136773] (-) TimerEvent: {}
[40.177769] (masc_chassis_msgs) StdoutLine: {'line': b'[ 10%] \x1b[32mBuilding C object CMakeFiles/masc_chassis_msgs__rosidl_generator_c.dir/rosidl_generator_c/masc_chassis_msgs/msg/detail/drive_motor__functions.c.o\x1b[0m\n'}
[40.236902] (-) TimerEvent: {}
[40.270604] (masc_chassis_msgs) StdoutLine: {'line': b'[ 11%] \x1b[32mBuilding C object CMakeFiles/masc_chassis_msgs__rosidl_generator_c.dir/rosidl_generator_c/masc_chassis_msgs/msg/detail/drive_motor__type_support.c.o\x1b[0m\n'}
[40.332969] (masc_chassis_msgs) StdoutLine: {'line': b'[ 11%] \x1b[32mBuilding C object CMakeFiles/masc_chassis_msgs__rosidl_generator_c.dir/rosidl_generator_c/masc_chassis_msgs/msg/detail/drive_motor_array__description.c.o\x1b[0m\n'}
[40.337015] (-) TimerEvent: {}
[40.418953] (masc_chassis_msgs) StdoutLine: {'line': b'[ 12%] \x1b[32mBuilding C object CMakeFiles/masc_chassis_msgs__rosidl_generator_c.dir/rosidl_generator_c/masc_chassis_msgs/msg/detail/drive_motor_array__functions.c.o\x1b[0m\n'}
[40.437139] (-) TimerEvent: {}
[40.520428] (masc_chassis_msgs) StdoutLine: {'line': b'[ 12%] \x1b[32mBuilding C object CMakeFiles/masc_chassis_msgs__rosidl_generator_c.dir/rosidl_generator_c/masc_chassis_msgs/msg/detail/drive_motor_array__type_support.c.o\x1b[0m\n'}
[40.537247] (-) TimerEvent: {}
[40.585738] (masc_chassis_msgs) StdoutLine: {'line': b'[ 13%] \x1b[32mBuilding C object CMakeFiles/masc_chassis_msgs__rosidl_generator_c.dir/rosidl_generator_c/masc_chassis_msgs/msg/detail/drive_motor_status__description.c.o\x1b[0m\n'}
[40.637363] (-) TimerEvent: {}
[40.669734] (masc_chassis_msgs) StdoutLine: {'line': b'[ 13%] \x1b[32mBuilding C object CMakeFiles/masc_chassis_msgs__rosidl_generator_c.dir/rosidl_generator_c/masc_chassis_msgs/msg/detail/drive_motor_status__functions.c.o\x1b[0m\n'}
[40.737487] (-) TimerEvent: {}
[40.772052] (masc_chassis_msgs) StdoutLine: {'line': b'[ 14%] \x1b[32mBuilding C object CMakeFiles/masc_chassis_msgs__rosidl_generator_c.dir/rosidl_generator_c/masc_chassis_msgs/msg/detail/drive_motor_status__type_support.c.o\x1b[0m\n'}
[40.835029] (masc_chassis_msgs) StdoutLine: {'line': b'[ 14%] \x1b[32mBuilding C object CMakeFiles/masc_chassis_msgs__rosidl_generator_c.dir/rosidl_generator_c/masc_chassis_msgs/msg/detail/drive_motor_status_array__description.c.o\x1b[0m\n'}
[40.837593] (-) TimerEvent: {}
[40.919906] (masc_chassis_msgs) StdoutLine: {'line': b'[ 15%] \x1b[32mBuilding C object CMakeFiles/masc_chassis_msgs__rosidl_generator_c.dir/rosidl_generator_c/masc_chassis_msgs/msg/detail/drive_motor_status_array__functions.c.o\x1b[0m\n'}
[40.937718] (-) TimerEvent: {}
[41.018614] (masc_chassis_msgs) StdoutLine: {'line': b'[ 15%] \x1b[32mBuilding C object CMakeFiles/masc_chassis_msgs__rosidl_generator_c.dir/rosidl_generator_c/masc_chassis_msgs/msg/detail/drive_motor_status_array__type_support.c.o\x1b[0m\n'}
[41.037861] (-) TimerEvent: {}
[41.088134] (masc_chassis_msgs) StdoutLine: {'line': b'[ 16%] \x1b[32mBuilding C object CMakeFiles/masc_chassis_msgs__rosidl_generator_c.dir/rosidl_generator_c/masc_chassis_msgs/msg/detail/rc_status__description.c.o\x1b[0m\n'}
[41.137975] (-) TimerEvent: {}
[41.169518] (masc_chassis_msgs) StdoutLine: {'line': b'[ 16%] \x1b[32mBuilding C object CMakeFiles/masc_chassis_msgs__rosidl_generator_c.dir/rosidl_generator_c/masc_chassis_msgs/msg/detail/rc_status__functions.c.o\x1b[0m\n'}
[41.238108] (-) TimerEvent: {}
[41.265733] (masc_chassis_msgs) StdoutLine: {'line': b'[ 17%] \x1b[32mBuilding C object CMakeFiles/masc_chassis_msgs__rosidl_generator_c.dir/rosidl_generator_c/masc_chassis_msgs/msg/detail/rc_status__type_support.c.o\x1b[0m\n'}
[41.328725] (masc_chassis_msgs) StdoutLine: {'line': b'[ 17%] \x1b[32mBuilding C object CMakeFiles/masc_chassis_msgs__rosidl_generator_c.dir/rosidl_generator_c/masc_chassis_msgs/msg/detail/servo_motor__description.c.o\x1b[0m\n'}
[41.338210] (-) TimerEvent: {}
[41.414260] (masc_chassis_msgs) StdoutLine: {'line': b'[ 18%] \x1b[32mBuilding C object CMakeFiles/masc_chassis_msgs__rosidl_generator_c.dir/rosidl_generator_c/masc_chassis_msgs/msg/detail/servo_motor__functions.c.o\x1b[0m\n'}
[41.438335] (-) TimerEvent: {}
[41.511700] (masc_chassis_msgs) StdoutLine: {'line': b'[ 18%] \x1b[32mBuilding C object CMakeFiles/masc_chassis_msgs__rosidl_generator_c.dir/rosidl_generator_c/masc_chassis_msgs/msg/detail/servo_motor__type_support.c.o\x1b[0m\n'}
[41.538461] (-) TimerEvent: {}
[41.576455] (masc_chassis_msgs) StdoutLine: {'line': b'[ 19%] \x1b[32mBuilding C object CMakeFiles/masc_chassis_msgs__rosidl_generator_c.dir/rosidl_generator_c/masc_chassis_msgs/msg/detail/servo_motor_array__description.c.o\x1b[0m\n'}
[41.638591] (-) TimerEvent: {}
[41.656955] (masc_chassis_msgs) StdoutLine: {'line': b'[ 19%] \x1b[32mBuilding C object CMakeFiles/masc_chassis_msgs__rosidl_generator_c.dir/rosidl_generator_c/masc_chassis_msgs/msg/detail/servo_motor_array__functions.c.o\x1b[0m\n'}
[41.738714] (-) TimerEvent: {}
[41.758564] (masc_chassis_msgs) StdoutLine: {'line': b'[ 20%] \x1b[32mBuilding C object CMakeFiles/masc_chassis_msgs__rosidl_generator_c.dir/rosidl_generator_c/masc_chassis_msgs/msg/detail/servo_motor_array__type_support.c.o\x1b[0m\n'}
[41.829234] (masc_chassis_msgs) StdoutLine: {'line': b'[ 20%] \x1b[32mBuilding C object CMakeFiles/masc_chassis_msgs__rosidl_generator_c.dir/rosidl_generator_c/masc_chassis_msgs/msg/detail/servo_motor_status__description.c.o\x1b[0m\n'}
[41.838839] (-) TimerEvent: {}
[41.915817] (masc_chassis_msgs) StdoutLine: {'line': b'[ 21%] \x1b[32mBuilding C object CMakeFiles/masc_chassis_msgs__rosidl_generator_c.dir/rosidl_generator_c/masc_chassis_msgs/msg/detail/servo_motor_status__functions.c.o\x1b[0m\n'}
[41.938953] (-) TimerEvent: {}
[42.011453] (masc_chassis_msgs) StdoutLine: {'line': b'[ 21%] \x1b[32mBuilding C object CMakeFiles/masc_chassis_msgs__rosidl_generator_c.dir/rosidl_generator_c/masc_chassis_msgs/msg/detail/servo_motor_status__type_support.c.o\x1b[0m\n'}
[42.039069] (-) TimerEvent: {}
[42.080458] (masc_chassis_msgs) StdoutLine: {'line': b'[ 21%] \x1b[32mBuilding C object CMakeFiles/masc_chassis_msgs__rosidl_generator_c.dir/rosidl_generator_c/masc_chassis_msgs/msg/detail/servo_motor_status_array__description.c.o\x1b[0m\n'}
[42.139193] (-) TimerEvent: {}
[42.159342] (masc_chassis_msgs) StdoutLine: {'line': b'[ 22%] \x1b[32mBuilding C object CMakeFiles/masc_chassis_msgs__rosidl_generator_c.dir/rosidl_generator_c/masc_chassis_msgs/msg/detail/servo_motor_status_array__functions.c.o\x1b[0m\n'}
[42.239316] (-) TimerEvent: {}
[42.253065] (masc_chassis_msgs) StdoutLine: {'line': b'[ 22%] \x1b[32mBuilding C object CMakeFiles/masc_chassis_msgs__rosidl_generator_c.dir/rosidl_generator_c/masc_chassis_msgs/msg/detail/servo_motor_status_array__type_support.c.o\x1b[0m\n'}
[42.320363] (masc_chassis_msgs) StdoutLine: {'line': b'[ 23%] \x1b[32mBuilding C object CMakeFiles/masc_chassis_msgs__rosidl_generator_c.dir/rosidl_generator_c/masc_chassis_msgs/srv/detail/clear_fault__description.c.o\x1b[0m\n'}
[42.339426] (-) TimerEvent: {}
[42.420813] (masc_chassis_msgs) StdoutLine: {'line': b'[ 23%] \x1b[32mBuilding C object CMakeFiles/masc_chassis_msgs__rosidl_generator_c.dir/rosidl_generator_c/masc_chassis_msgs/srv/detail/clear_fault__functions.c.o\x1b[0m\n'}
[42.439547] (-) TimerEvent: {}
[42.539869] (-) TimerEvent: {}
[42.555365] (masc_chassis_msgs) StdoutLine: {'line': b'[ 24%] \x1b[32mBuilding C object CMakeFiles/masc_chassis_msgs__rosidl_generator_c.dir/rosidl_generator_c/masc_chassis_msgs/srv/detail/clear_fault__type_support.c.o\x1b[0m\n'}
[42.631295] (masc_chassis_msgs) StdoutLine: {'line': b'[ 24%] \x1b[32mBuilding C object CMakeFiles/masc_chassis_msgs__rosidl_generator_c.dir/rosidl_generator_c/masc_chassis_msgs/srv/detail/calibrate_servo__description.c.o\x1b[0m\n'}
[42.639986] (-) TimerEvent: {}
[42.727595] (masc_chassis_msgs) StdoutLine: {'line': b'[ 25%] \x1b[32mBuilding C object CMakeFiles/masc_chassis_msgs__rosidl_generator_c.dir/rosidl_generator_c/masc_chassis_msgs/srv/detail/calibrate_servo__functions.c.o\x1b[0m\n'}
[42.740096] (-) TimerEvent: {}
[42.840464] (-) TimerEvent: {}
[42.867060] (masc_chassis_msgs) StdoutLine: {'line': b'[ 25%] \x1b[32mBuilding C object CMakeFiles/masc_chassis_msgs__rosidl_generator_c.dir/rosidl_generator_c/masc_chassis_msgs/srv/detail/calibrate_servo__type_support.c.o\x1b[0m\n'}
[42.940585] (-) TimerEvent: {}
[42.941558] (masc_chassis_msgs) StdoutLine: {'line': b'[ 26%] \x1b[32mBuilding C object CMakeFiles/masc_chassis_msgs__rosidl_generator_c.dir/rosidl_generator_c/masc_chassis_msgs/srv/detail/set_motion_mode__description.c.o\x1b[0m\n'}
[43.033841] (masc_chassis_msgs) StdoutLine: {'line': b'[ 26%] \x1b[32mBuilding C object CMakeFiles/masc_chassis_msgs__rosidl_generator_c.dir/rosidl_generator_c/masc_chassis_msgs/srv/detail/set_motion_mode__functions.c.o\x1b[0m\n'}
[43.040702] (-) TimerEvent: {}
[43.141095] (-) TimerEvent: {}
[43.174468] (masc_chassis_msgs) StdoutLine: {'line': b'[ 27%] \x1b[32mBuilding C object CMakeFiles/masc_chassis_msgs__rosidl_generator_c.dir/rosidl_generator_c/masc_chassis_msgs/srv/detail/set_motion_mode__type_support.c.o\x1b[0m\n'}
[43.241212] (-) TimerEvent: {}
[43.252287] (masc_chassis_msgs) StdoutLine: {'line': b'[ 27%] \x1b[32mBuilding C object CMakeFiles/masc_chassis_msgs__rosidl_generator_c.dir/rosidl_generator_c/masc_chassis_msgs/srv/detail/set_tow_mode__description.c.o\x1b[0m\n'}
[43.341341] (-) TimerEvent: {}
[43.348470] (masc_chassis_msgs) StdoutLine: {'line': b'[ 28%] \x1b[32mBuilding C object CMakeFiles/masc_chassis_msgs__rosidl_generator_c.dir/rosidl_generator_c/masc_chassis_msgs/srv/detail/set_tow_mode__functions.c.o\x1b[0m\n'}
[43.441491] (-) TimerEvent: {}
[43.542002] (-) TimerEvent: {}
[43.548047] (masc_chassis_msgs) StdoutLine: {'line': b'[ 28%] \x1b[32mBuilding C object CMakeFiles/masc_chassis_msgs__rosidl_generator_c.dir/rosidl_generator_c/masc_chassis_msgs/srv/detail/set_tow_mode__type_support.c.o\x1b[0m\n'}
[43.641916] (masc_chassis_msgs) StdoutLine: {'line': b'[ 28%] \x1b[32mBuilding C object CMakeFiles/masc_chassis_msgs__rosidl_generator_c.dir/rosidl_generator_c/masc_chassis_msgs/msg/detail/bms_status__type_support.c.o\x1b[0m\n'}
[43.642554] (-) TimerEvent: {}
[43.718613] (masc_chassis_msgs) StdoutLine: {'line': b'[ 29%] \x1b[32mBuilding C object CMakeFiles/masc_chassis_msgs__rosidl_generator_c.dir/rosidl_generator_c/masc_chassis_msgs/msg/detail/bms_status__functions.c.o\x1b[0m\n'}
[43.742760] (-) TimerEvent: {}
[43.843444] (-) TimerEvent: {}
[43.844022] (masc_chassis_msgs) StdoutLine: {'line': b'[ 30%] \x1b[32m\x1b[1mLinking C shared library libmasc_chassis_msgs__rosidl_generator_c.so\x1b[0m\n'}
[43.943609] (-) TimerEvent: {}
[44.013912] (masc_chassis_msgs) StdoutLine: {'line': b'[ 30%] Built target masc_chassis_msgs__rosidl_generator_c\n'}
[44.040229] (masc_chassis_msgs) StdoutLine: {'line': b'[ 31%] \x1b[34m\x1b[1mGenerating C type support for eProsima Fast-RTPS\x1b[0m\n'}
[44.043714] (-) TimerEvent: {}
[44.144261] (-) TimerEvent: {}
[44.245278] (-) TimerEvent: {}
[44.345935] (-) TimerEvent: {}
[44.446566] (-) TimerEvent: {}
[44.547270] (-) TimerEvent: {}
[44.649820] (-) TimerEvent: {}
[44.750390] (-) TimerEvent: {}
[44.850860] (-) TimerEvent: {}
[44.951218] (-) TimerEvent: {}
[45.051602] (-) TimerEvent: {}
[45.152210] (-) TimerEvent: {}
[45.252818] (-) TimerEvent: {}
[45.353275] (-) TimerEvent: {}
[45.453699] (-) TimerEvent: {}
[45.554523] (-) TimerEvent: {}
[45.655242] (-) TimerEvent: {}
[45.755729] (-) TimerEvent: {}
[45.856070] (-) TimerEvent: {}
[45.956385] (-) TimerEvent: {}
[46.056772] (-) TimerEvent: {}
[46.157444] (-) TimerEvent: {}
[46.258076] (-) TimerEvent: {}
[46.359010] (-) TimerEvent: {}
[46.459322] (-) TimerEvent: {}
[46.559638] (-) TimerEvent: {}
[46.659981] (-) TimerEvent: {}
[46.760324] (-) TimerEvent: {}
[46.860653] (-) TimerEvent: {}
[46.960955] (-) TimerEvent: {}
[47.061265] (-) TimerEvent: {}
[47.163871] (-) TimerEvent: {}
[47.264302] (-) TimerEvent: {}
[47.365090] (-) TimerEvent: {}
[47.465628] (-) TimerEvent: {}
[47.566560] (-) TimerEvent: {}
[47.671668] (-) TimerEvent: {}
[47.772296] (-) TimerEvent: {}
[47.872998] (-) TimerEvent: {}
[47.973594] (-) TimerEvent: {}
[48.074171] (-) TimerEvent: {}
[48.174867] (-) TimerEvent: {}
[48.275436] (-) TimerEvent: {}
[48.375964] (-) TimerEvent: {}
[48.476376] (-) TimerEvent: {}
[48.577779] (-) TimerEvent: {}
[48.634367] (masc_chassis_msgs) StdoutLine: {'line': b'[ 31%] \x1b[32mBuilding CXX object CMakeFiles/masc_chassis_msgs__rosidl_typesupport_fastrtps_c.dir/rosidl_typesupport_fastrtps_c/masc_chassis_msgs/msg/detail/bms_status__type_support_c.cpp.o\x1b[0m\n'}
[48.677921] (-) TimerEvent: {}
[48.778696] (-) TimerEvent: {}
[48.879228] (-) TimerEvent: {}
[48.979583] (-) TimerEvent: {}
[49.079970] (-) TimerEvent: {}
[49.180377] (-) TimerEvent: {}
[49.280896] (-) TimerEvent: {}
[49.381376] (-) TimerEvent: {}
[49.483031] (-) TimerEvent: {}
[49.583468] (-) TimerEvent: {}
[49.687121] (-) TimerEvent: {}
[49.733581] (masc_chassis_msgs) StdoutLine: {'line': b'[ 32%] \x1b[32mBuilding CXX object CMakeFiles/masc_chassis_msgs__rosidl_typesupport_fastrtps_c.dir/rosidl_typesupport_fastrtps_c/masc_chassis_msgs/msg/detail/can_frame_stats__type_support_c.cpp.o\x1b[0m\n'}
[49.787237] (-) TimerEvent: {}
[49.887580] (-) TimerEvent: {}
[49.987945] (-) TimerEvent: {}
[50.088359] (-) TimerEvent: {}
[50.188717] (-) TimerEvent: {}
[50.291966] (-) TimerEvent: {}
[50.393093] (-) TimerEvent: {}
[50.493640] (-) TimerEvent: {}
[50.594245] (-) TimerEvent: {}
[50.694854] (-) TimerEvent: {}
[50.795589] (-) TimerEvent: {}
[50.841937] (masc_chassis_msgs) StdoutLine: {'line': b'[ 32%] \x1b[32mBuilding CXX object CMakeFiles/masc_chassis_msgs__rosidl_typesupport_fastrtps_c.dir/rosidl_typesupport_fastrtps_c/masc_chassis_msgs/msg/detail/can_frame_stats_array__type_support_c.cpp.o\x1b[0m\n'}
[50.896917] (-) TimerEvent: {}
[50.997572] (-) TimerEvent: {}
[51.098157] (-) TimerEvent: {}
[51.198648] (-) TimerEvent: {}
[51.299075] (-) TimerEvent: {}
[51.399455] (-) TimerEvent: {}
[51.499828] (-) TimerEvent: {}
[51.600169] (-) TimerEvent: {}
[51.700553] (-) TimerEvent: {}
[51.765672] (masc_chassis_msgs) StdoutLine: {'line': b'[ 33%] \x1b[32mBuilding CXX object CMakeFiles/masc_chassis_msgs__rosidl_typesupport_fastrtps_c.dir/rosidl_typesupport_fastrtps_c/masc_chassis_msgs/msg/detail/chassis_status__type_support_c.cpp.o\x1b[0m\n'}
[51.800734] (-) TimerEvent: {}
[51.901369] (-) TimerEvent: {}
[52.001905] (-) TimerEvent: {}
[52.102481] (-) TimerEvent: {}
[52.203211] (-) TimerEvent: {}
[52.303958] (-) TimerEvent: {}
[52.404567] (-) TimerEvent: {}
[52.505151] (-) TimerEvent: {}
[52.605502] (-) TimerEvent: {}
[52.705934] (-) TimerEvent: {}
[52.772842] (masc_chassis_msgs) StdoutLine: {'line': b'[ 33%] \x1b[32mBuilding CXX object CMakeFiles/masc_chassis_msgs__rosidl_typesupport_fastrtps_c.dir/rosidl_typesupport_fastrtps_c/masc_chassis_msgs/msg/detail/comm_status__type_support_c.cpp.o\x1b[0m\n'}
[52.806162] (-) TimerEvent: {}
[52.906729] (-) TimerEvent: {}
[53.007151] (-) TimerEvent: {}
[53.107514] (-) TimerEvent: {}
[53.207874] (-) TimerEvent: {}
[53.308233] (-) TimerEvent: {}
[53.408573] (-) TimerEvent: {}
[53.509022] (-) TimerEvent: {}
[53.609702] (-) TimerEvent: {}
[53.633044] (masc_chassis_msgs) StdoutLine: {'line': b'[ 33%] \x1b[32mBuilding CXX object CMakeFiles/masc_chassis_msgs__rosidl_typesupport_fastrtps_c.dir/rosidl_typesupport_fastrtps_c/masc_chassis_msgs/msg/detail/drive_motor__type_support_c.cpp.o\x1b[0m\n'}
[53.709879] (-) TimerEvent: {}
[53.810421] (-) TimerEvent: {}
[53.910898] (-) TimerEvent: {}
[54.011353] (-) TimerEvent: {}
[54.111933] (-) TimerEvent: {}
[54.212287] (-) TimerEvent: {}
[54.312661] (-) TimerEvent: {}
[54.413140] (-) TimerEvent: {}
[54.513698] (-) TimerEvent: {}
[54.580102] (masc_chassis_msgs) StdoutLine: {'line': b'[ 34%] \x1b[32mBuilding CXX object CMakeFiles/masc_chassis_msgs__rosidl_typesupport_fastrtps_c.dir/rosidl_typesupport_fastrtps_c/masc_chassis_msgs/msg/detail/drive_motor_array__type_support_c.cpp.o\x1b[0m\n'}
[54.613866] (-) TimerEvent: {}
[54.714420] (-) TimerEvent: {}
[54.815190] (-) TimerEvent: {}
[54.915654] (-) TimerEvent: {}
[55.016283] (-) TimerEvent: {}
[55.116797] (-) TimerEvent: {}
[55.217412] (-) TimerEvent: {}
[55.317981] (-) TimerEvent: {}
[55.418325] (-) TimerEvent: {}
[55.513521] (masc_chassis_msgs) StdoutLine: {'line': b'[ 34%] \x1b[32mBuilding CXX object CMakeFiles/masc_chassis_msgs__rosidl_typesupport_fastrtps_c.dir/rosidl_typesupport_fastrtps_c/masc_chassis_msgs/msg/detail/drive_motor_status__type_support_c.cpp.o\x1b[0m\n'}
[55.518438] (-) TimerEvent: {}
[55.618838] (-) TimerEvent: {}
[55.719295] (-) TimerEvent: {}
[55.819837] (-) TimerEvent: {}
[55.920256] (-) TimerEvent: {}
[56.020622] (-) TimerEvent: {}
[56.120989] (-) TimerEvent: {}
[56.222884] (-) TimerEvent: {}
[56.323379] (-) TimerEvent: {}
[56.424033] (-) TimerEvent: {}
[56.518547] (masc_chassis_msgs) StdoutLine: {'line': b'[ 35%] \x1b[32mBuilding CXX object CMakeFiles/masc_chassis_msgs__rosidl_typesupport_fastrtps_c.dir/rosidl_typesupport_fastrtps_c/masc_chassis_msgs/msg/detail/drive_motor_status_array__type_support_c.cpp.o\x1b[0m\n'}
[56.524117] (-) TimerEvent: {}
[56.624444] (-) TimerEvent: {}
[56.724835] (-) TimerEvent: {}
[56.825235] (-) TimerEvent: {}
[56.925599] (-) TimerEvent: {}
[57.025988] (-) TimerEvent: {}
[57.126346] (-) TimerEvent: {}
[57.226709] (-) TimerEvent: {}
[57.313595] (masc_chassis_msgs) StdoutLine: {'line': b'[ 35%] \x1b[32mBuilding CXX object CMakeFiles/masc_chassis_msgs__rosidl_typesupport_fastrtps_c.dir/rosidl_typesupport_fastrtps_c/masc_chassis_msgs/msg/detail/rc_status__type_support_c.cpp.o\x1b[0m\n'}
[57.326859] (-) TimerEvent: {}
[57.427294] (-) TimerEvent: {}
[57.527833] (-) TimerEvent: {}
[57.628283] (-) TimerEvent: {}
[57.728685] (-) TimerEvent: {}
[57.832882] (-) TimerEvent: {}
[57.933285] (-) TimerEvent: {}
[58.033688] (-) TimerEvent: {}
[58.134891] (-) TimerEvent: {}
[58.235367] (-) TimerEvent: {}
[58.312611] (masc_chassis_msgs) StdoutLine: {'line': b'[ 36%] \x1b[32mBuilding CXX object CMakeFiles/masc_chassis_msgs__rosidl_typesupport_fastrtps_c.dir/rosidl_typesupport_fastrtps_c/masc_chassis_msgs/msg/detail/servo_motor__type_support_c.cpp.o\x1b[0m\n'}
[58.335474] (-) TimerEvent: {}
[58.435848] (-) TimerEvent: {}
[58.536234] (-) TimerEvent: {}
[58.636588] (-) TimerEvent: {}
[58.739876] (-) TimerEvent: {}
[58.840299] (-) TimerEvent: {}
[58.940713] (-) TimerEvent: {}
[59.041173] (-) TimerEvent: {}
[59.141828] (-) TimerEvent: {}
[59.242217] (-) TimerEvent: {}
[59.320820] (masc_chassis_msgs) StdoutLine: {'line': b'[ 36%] \x1b[32mBuilding CXX object CMakeFiles/masc_chassis_msgs__rosidl_typesupport_fastrtps_c.dir/rosidl_typesupport_fastrtps_c/masc_chassis_msgs/msg/detail/servo_motor_array__type_support_c.cpp.o\x1b[0m\n'}
[59.342332] (-) TimerEvent: {}
[59.442673] (-) TimerEvent: {}
[59.543109] (-) TimerEvent: {}
[59.644871] (-) TimerEvent: {}
[59.745266] (-) TimerEvent: {}
[59.845653] (-) TimerEvent: {}
[59.946059] (-) TimerEvent: {}
[60.046409] (-) TimerEvent: {}
[60.146752] (-) TimerEvent: {}
[60.220064] (masc_chassis_msgs) StdoutLine: {'line': b'[ 37%] \x1b[32mBuilding CXX object CMakeFiles/masc_chassis_msgs__rosidl_typesupport_fastrtps_c.dir/rosidl_typesupport_fastrtps_c/masc_chassis_msgs/msg/detail/servo_motor_status__type_support_c.cpp.o\x1b[0m\n'}
[60.246900] (-) TimerEvent: {}
[60.347430] (-) TimerEvent: {}
[60.447921] (-) TimerEvent: {}
[60.548273] (-) TimerEvent: {}
[60.648747] (-) TimerEvent: {}
[60.749174] (-) TimerEvent: {}
[60.849650] (-) TimerEvent: {}
[60.950222] (-) TimerEvent: {}
[61.050669] (-) TimerEvent: {}
[61.089422] (masc_chassis_msgs) StdoutLine: {'line': b'[ 37%] \x1b[32mBuilding CXX object CMakeFiles/masc_chassis_msgs__rosidl_typesupport_fastrtps_c.dir/rosidl_typesupport_fastrtps_c/masc_chassis_msgs/msg/detail/servo_motor_status_array__type_support_c.cpp.o\x1b[0m\n'}
[61.150835] (-) TimerEvent: {}
[61.251285] (-) TimerEvent: {}
[61.351647] (-) TimerEvent: {}
[61.452023] (-) TimerEvent: {}
[61.552375] (-) TimerEvent: {}
[61.652731] (-) TimerEvent: {}
[61.753294] (-) TimerEvent: {}
[61.854645] (-) TimerEvent: {}
[61.955394] (-) TimerEvent: {}
[61.965233] (masc_chassis_msgs) StdoutLine: {'line': b'[ 38%] \x1b[32mBuilding CXX object CMakeFiles/masc_chassis_msgs__rosidl_typesupport_fastrtps_c.dir/rosidl_typesupport_fastrtps_c/masc_chassis_msgs/srv/detail/clear_fault__type_support_c.cpp.o\x1b[0m\n'}
[62.055563] (-) TimerEvent: {}
[62.156099] (-) TimerEvent: {}
[62.256470] (-) TimerEvent: {}
[62.356846] (-) TimerEvent: {}
[62.457268] (-) TimerEvent: {}
[62.557863] (-) TimerEvent: {}
[62.658355] (-) TimerEvent: {}
[62.758844] (-) TimerEvent: {}
[62.859419] (-) TimerEvent: {}
[62.954459] (masc_chassis_msgs) StdoutLine: {'line': b'[ 38%] \x1b[32mBuilding CXX object CMakeFiles/masc_chassis_msgs__rosidl_typesupport_fastrtps_c.dir/rosidl_typesupport_fastrtps_c/masc_chassis_msgs/srv/detail/calibrate_servo__type_support_c.cpp.o\x1b[0m\n'}
[62.959528] (-) TimerEvent: {}
[63.059874] (-) TimerEvent: {}
[63.160223] (-) TimerEvent: {}
[63.260612] (-) TimerEvent: {}
[63.361061] (-) TimerEvent: {}
[63.461638] (-) TimerEvent: {}
[63.562243] (-) TimerEvent: {}
[63.662768] (-) TimerEvent: {}
[63.763136] (-) TimerEvent: {}
[63.863491] (-) TimerEvent: {}
[63.897273] (masc_chassis_msgs) StdoutLine: {'line': b'[ 39%] \x1b[32mBuilding CXX object CMakeFiles/masc_chassis_msgs__rosidl_typesupport_fastrtps_c.dir/rosidl_typesupport_fastrtps_c/masc_chassis_msgs/srv/detail/set_motion_mode__type_support_c.cpp.o\x1b[0m\n'}
[63.963609] (-) TimerEvent: {}
[64.063978] (-) TimerEvent: {}
[64.164350] (-) TimerEvent: {}
[64.264707] (-) TimerEvent: {}
[64.365079] (-) TimerEvent: {}
[64.465426] (-) TimerEvent: {}
[64.565807] (-) TimerEvent: {}
[64.666165] (-) TimerEvent: {}
[64.745097] (masc_chassis_msgs) StdoutLine: {'line': b'[ 39%] \x1b[32mBuilding CXX object CMakeFiles/masc_chassis_msgs__rosidl_typesupport_fastrtps_c.dir/rosidl_typesupport_fastrtps_c/masc_chassis_msgs/srv/detail/set_tow_mode__type_support_c.cpp.o\x1b[0m\n'}
[64.766281] (-) TimerEvent: {}
[64.866645] (-) TimerEvent: {}
[64.967137] (-) TimerEvent: {}
[65.067680] (-) TimerEvent: {}
[65.168192] (-) TimerEvent: {}
[65.268548] (-) TimerEvent: {}
[65.368990] (-) TimerEvent: {}
[65.469613] (-) TimerEvent: {}
[65.570412] (-) TimerEvent: {}
[65.670996] (-) TimerEvent: {}
[65.723413] (masc_chassis_msgs) StdoutLine: {'line': b'[ 40%] \x1b[32m\x1b[1mLinking CXX shared library libmasc_chassis_msgs__rosidl_typesupport_fastrtps_c.so\x1b[0m\n'}
[65.771178] (-) TimerEvent: {}
[65.871663] (-) TimerEvent: {}
[65.972307] (-) TimerEvent: {}
[65.972711] (masc_chassis_msgs) StdoutLine: {'line': b'[ 40%] Built target masc_chassis_msgs__rosidl_typesupport_fastrtps_c\n'}
[65.997307] (masc_chassis_msgs) StdoutLine: {'line': b'[ 40%] \x1b[34m\x1b[1mGenerating C++ type support for eProsima Fast-RTPS\x1b[0m\n'}
[66.072695] (-) TimerEvent: {}
[66.173240] (-) TimerEvent: {}
[66.273872] (-) TimerEvent: {}
[66.374398] (-) TimerEvent: {}
[66.474708] (-) TimerEvent: {}
[66.575031] (-) TimerEvent: {}
[66.675348] (-) TimerEvent: {}
[66.775692] (-) TimerEvent: {}
[66.876065] (-) TimerEvent: {}
[66.976432] (-) TimerEvent: {}
[67.077012] (-) TimerEvent: {}
[67.177564] (-) TimerEvent: {}
[67.277997] (-) TimerEvent: {}
[67.378515] (-) TimerEvent: {}
[67.478939] (-) TimerEvent: {}
[67.579436] (-) TimerEvent: {}
[67.679756] (-) TimerEvent: {}
[67.780153] (-) TimerEvent: {}
[67.880665] (-) TimerEvent: {}
[67.981207] (-) TimerEvent: {}
[68.081736] (-) TimerEvent: {}
[68.182213] (-) TimerEvent: {}
[68.282832] (-) TimerEvent: {}
[68.383315] (-) TimerEvent: {}
[68.483826] (-) TimerEvent: {}
[68.584294] (-) TimerEvent: {}
[68.684834] (-) TimerEvent: {}
[68.785434] (-) TimerEvent: {}
[68.885889] (-) TimerEvent: {}
[68.986332] (-) TimerEvent: {}
[69.086659] (-) TimerEvent: {}
[69.186982] (-) TimerEvent: {}
[69.287305] (-) TimerEvent: {}
[69.387651] (-) TimerEvent: {}
[69.488068] (-) TimerEvent: {}
[69.588460] (-) TimerEvent: {}
[69.688840] (-) TimerEvent: {}
[69.789186] (-) TimerEvent: {}
[69.889538] (-) TimerEvent: {}
[69.989913] (-) TimerEvent: {}
[70.060993] (masc_chassis_msgs) StdoutLine: {'line': b'[ 41%] \x1b[32mBuilding CXX object CMakeFiles/masc_chassis_msgs__rosidl_typesupport_fastrtps_cpp.dir/rosidl_typesupport_fastrtps_cpp/masc_chassis_msgs/msg/detail/dds_fastrtps/bms_status__type_support.cpp.o\x1b[0m\n'}
[70.090024] (-) TimerEvent: {}
[70.190376] (-) TimerEvent: {}
[70.290730] (-) TimerEvent: {}
[70.391098] (-) TimerEvent: {}
[70.491472] (-) TimerEvent: {}
[70.591852] (-) TimerEvent: {}
[70.692207] (-) TimerEvent: {}
[70.792595] (-) TimerEvent: {}
[70.903112] (-) TimerEvent: {}
[70.951482] (masc_chassis_msgs) StdoutLine: {'line': b'[ 41%] \x1b[32mBuilding CXX object CMakeFiles/masc_chassis_msgs__rosidl_typesupport_fastrtps_cpp.dir/rosidl_typesupport_fastrtps_cpp/masc_chassis_msgs/msg/detail/dds_fastrtps/can_frame_stats__type_support.cpp.o\x1b[0m\n'}
[71.003224] (-) TimerEvent: {}
[71.103562] (-) TimerEvent: {}
[71.203931] (-) TimerEvent: {}
[71.304298] (-) TimerEvent: {}
[71.404650] (-) TimerEvent: {}
[71.505012] (-) TimerEvent: {}
[71.605370] (-) TimerEvent: {}
[71.705725] (-) TimerEvent: {}
[71.789114] (masc_chassis_msgs) StdoutLine: {'line': b'[ 42%] \x1b[32mBuilding CXX object CMakeFiles/masc_chassis_msgs__rosidl_typesupport_fastrtps_cpp.dir/rosidl_typesupport_fastrtps_cpp/masc_chassis_msgs/msg/detail/dds_fastrtps/can_frame_stats_array__type_support.cpp.o\x1b[0m\n'}
[71.805886] (-) TimerEvent: {}
[71.906283] (-) TimerEvent: {}
[72.006628] (-) TimerEvent: {}
[72.107005] (-) TimerEvent: {}
[72.207378] (-) TimerEvent: {}
[72.307798] (-) TimerEvent: {}
[72.408207] (-) TimerEvent: {}
[72.508556] (-) TimerEvent: {}
[72.608926] (-) TimerEvent: {}
[72.696049] (masc_chassis_msgs) StdoutLine: {'line': b'[ 42%] \x1b[32mBuilding CXX object CMakeFiles/masc_chassis_msgs__rosidl_typesupport_fastrtps_cpp.dir/rosidl_typesupport_fastrtps_cpp/masc_chassis_msgs/msg/detail/dds_fastrtps/chassis_status__type_support.cpp.o\x1b[0m\n'}
[72.709045] (-) TimerEvent: {}
[72.809416] (-) TimerEvent: {}
[72.909773] (-) TimerEvent: {}
[73.010174] (-) TimerEvent: {}
[73.110526] (-) TimerEvent: {}
[73.210871] (-) TimerEvent: {}
[73.311249] (-) TimerEvent: {}
[73.411600] (-) TimerEvent: {}
[73.511967] (-) TimerEvent: {}
[73.547976] (masc_chassis_msgs) StdoutLine: {'line': b'[ 43%] \x1b[32mBuilding CXX object CMakeFiles/masc_chassis_msgs__rosidl_typesupport_fastrtps_cpp.dir/rosidl_typesupport_fastrtps_cpp/masc_chassis_msgs/msg/detail/dds_fastrtps/comm_status__type_support.cpp.o\x1b[0m\n'}
[73.612087] (-) TimerEvent: {}
[73.712462] (-) TimerEvent: {}
[73.812833] (-) TimerEvent: {}
[73.913209] (-) TimerEvent: {}
[74.013571] (-) TimerEvent: {}
[74.113914] (-) TimerEvent: {}
[74.214292] (-) TimerEvent: {}
[74.314644] (-) TimerEvent: {}
[74.393028] (masc_chassis_msgs) StdoutLine: {'line': b'[ 43%] \x1b[32mBuilding CXX object CMakeFiles/masc_chassis_msgs__rosidl_typesupport_fastrtps_cpp.dir/rosidl_typesupport_fastrtps_cpp/masc_chassis_msgs/msg/detail/dds_fastrtps/drive_motor__type_support.cpp.o\x1b[0m\n'}
[74.414758] (-) TimerEvent: {}
[74.515104] (-) TimerEvent: {}
[74.615472] (-) TimerEvent: {}
[74.715838] (-) TimerEvent: {}
[74.816199] (-) TimerEvent: {}
[74.916570] (-) TimerEvent: {}
[75.016951] (-) TimerEvent: {}
[75.117319] (-) TimerEvent: {}
[75.191743] (masc_chassis_msgs) StdoutLine: {'line': b'[ 44%] \x1b[32mBuilding CXX object CMakeFiles/masc_chassis_msgs__rosidl_typesupport_fastrtps_cpp.dir/rosidl_typesupport_fastrtps_cpp/masc_chassis_msgs/msg/detail/dds_fastrtps/drive_motor_array__type_support.cpp.o\x1b[0m\n'}
[75.217433] (-) TimerEvent: {}
[75.317846] (-) TimerEvent: {}
[75.418309] (-) TimerEvent: {}
[75.518637] (-) TimerEvent: {}
[75.619105] (-) TimerEvent: {}
[75.719454] (-) TimerEvent: {}
[75.819829] (-) TimerEvent: {}
[75.920185] (-) TimerEvent: {}
[76.021898] (-) TimerEvent: {}
[76.065117] (masc_chassis_msgs) StdoutLine: {'line': b'[ 44%] \x1b[32mBuilding CXX object CMakeFiles/masc_chassis_msgs__rosidl_typesupport_fastrtps_cpp.dir/rosidl_typesupport_fastrtps_cpp/masc_chassis_msgs/msg/detail/dds_fastrtps/drive_motor_status__type_support.cpp.o\x1b[0m\n'}
[76.125690] (-) TimerEvent: {}
[76.226341] (-) TimerEvent: {}
[76.327104] (-) TimerEvent: {}
[76.427497] (-) TimerEvent: {}
[76.528022] (-) TimerEvent: {}
[76.628373] (-) TimerEvent: {}
[76.728727] (-) TimerEvent: {}
[76.829101] (-) TimerEvent: {}
[76.929464] (-) TimerEvent: {}
[77.029862] (-) TimerEvent: {}
[77.130233] (-) TimerEvent: {}
[77.172616] (masc_chassis_msgs) StdoutLine: {'line': b'[ 45%] \x1b[32mBuilding CXX object CMakeFiles/masc_chassis_msgs__rosidl_typesupport_fastrtps_cpp.dir/rosidl_typesupport_fastrtps_cpp/masc_chassis_msgs/msg/detail/dds_fastrtps/drive_motor_status_array__type_support.cpp.o\x1b[0m\n'}
[77.230352] (-) TimerEvent: {}
[77.330698] (-) TimerEvent: {}
[77.431081] (-) TimerEvent: {}
[77.531448] (-) TimerEvent: {}
[77.631815] (-) TimerEvent: {}
[77.732217] (-) TimerEvent: {}
[77.832656] (-) TimerEvent: {}
[77.933069] (-) TimerEvent: {}
[78.033462] (-) TimerEvent: {}
[78.100680] (masc_chassis_msgs) StdoutLine: {'line': b'[ 45%] \x1b[32mBuilding CXX object CMakeFiles/masc_chassis_msgs__rosidl_typesupport_fastrtps_cpp.dir/rosidl_typesupport_fastrtps_cpp/masc_chassis_msgs/msg/detail/dds_fastrtps/rc_status__type_support.cpp.o\x1b[0m\n'}
[78.133579] (-) TimerEvent: {}
[78.233937] (-) TimerEvent: {}
[78.334274] (-) TimerEvent: {}
[78.434625] (-) TimerEvent: {}
[78.534997] (-) TimerEvent: {}
[78.635345] (-) TimerEvent: {}
[78.735696] (-) TimerEvent: {}
[78.836058] (-) TimerEvent: {}
[78.922816] (masc_chassis_msgs) StdoutLine: {'line': b'[ 46%] \x1b[32mBuilding CXX object CMakeFiles/masc_chassis_msgs__rosidl_typesupport_fastrtps_cpp.dir/rosidl_typesupport_fastrtps_cpp/masc_chassis_msgs/msg/detail/dds_fastrtps/servo_motor__type_support.cpp.o\x1b[0m\n'}
[78.936194] (-) TimerEvent: {}
[79.036582] (-) TimerEvent: {}
[79.136935] (-) TimerEvent: {}
[79.237278] (-) TimerEvent: {}
[79.337628] (-) TimerEvent: {}
[79.437996] (-) TimerEvent: {}
[79.538360] (-) TimerEvent: {}
[79.638715] (-) TimerEvent: {}
[79.739110] (-) TimerEvent: {}
[79.745910] (masc_chassis_msgs) StdoutLine: {'line': b'[ 46%] \x1b[32mBuilding CXX object CMakeFiles/masc_chassis_msgs__rosidl_typesupport_fastrtps_cpp.dir/rosidl_typesupport_fastrtps_cpp/masc_chassis_msgs/msg/detail/dds_fastrtps/servo_motor_array__type_support.cpp.o\x1b[0m\n'}
[79.839228] (-) TimerEvent: {}
[79.939576] (-) TimerEvent: {}
[80.039975] (-) TimerEvent: {}
[80.140330] (-) TimerEvent: {}
[80.240681] (-) TimerEvent: {}
[80.341047] (-) TimerEvent: {}
[80.441396] (-) TimerEvent: {}
[80.541753] (-) TimerEvent: {}
[80.595811] (masc_chassis_msgs) StdoutLine: {'line': b'[ 47%] \x1b[32mBuilding CXX object CMakeFiles/masc_chassis_msgs__rosidl_typesupport_fastrtps_cpp.dir/rosidl_typesupport_fastrtps_cpp/masc_chassis_msgs/msg/detail/dds_fastrtps/servo_motor_status__type_support.cpp.o\x1b[0m\n'}
[80.641874] (-) TimerEvent: {}
[80.742220] (-) TimerEvent: {}
[80.842571] (-) TimerEvent: {}
[80.942946] (-) TimerEvent: {}
[81.043311] (-) TimerEvent: {}
[81.143841] (-) TimerEvent: {}
[81.244301] (-) TimerEvent: {}
[81.344714] (-) TimerEvent: {}
[81.434168] (masc_chassis_msgs) StdoutLine: {'line': b'[ 47%] \x1b[32mBuilding CXX object CMakeFiles/masc_chassis_msgs__rosidl_typesupport_fastrtps_cpp.dir/rosidl_typesupport_fastrtps_cpp/masc_chassis_msgs/msg/detail/dds_fastrtps/servo_motor_status_array__type_support.cpp.o\x1b[0m\n'}
[81.444822] (-) TimerEvent: {}
[81.545160] (-) TimerEvent: {}
[81.645497] (-) TimerEvent: {}
[81.745880] (-) TimerEvent: {}
[81.846264] (-) TimerEvent: {}
[81.946607] (-) TimerEvent: {}
[82.046979] (-) TimerEvent: {}
[82.147353] (-) TimerEvent: {}
[82.247735] (-) TimerEvent: {}
[82.348120] (-) TimerEvent: {}
[82.354868] (masc_chassis_msgs) StdoutLine: {'line': b'[ 48%] \x1b[32mBuilding CXX object CMakeFiles/masc_chassis_msgs__rosidl_typesupport_fastrtps_cpp.dir/rosidl_typesupport_fastrtps_cpp/masc_chassis_msgs/srv/detail/dds_fastrtps/clear_fault__type_support.cpp.o\x1b[0m\n'}
[82.448238] (-) TimerEvent: {}
[82.548594] (-) TimerEvent: {}
[82.648974] (-) TimerEvent: {}
[82.749336] (-) TimerEvent: {}
[82.849685] (-) TimerEvent: {}
[82.950093] (-) TimerEvent: {}
[83.050452] (-) TimerEvent: {}
[83.150815] (-) TimerEvent: {}
[83.251201] (-) TimerEvent: {}
[83.351548] (-) TimerEvent: {}
[83.442655] (masc_chassis_msgs) StdoutLine: {'line': b'[ 48%] \x1b[32mBuilding CXX object CMakeFiles/masc_chassis_msgs__rosidl_typesupport_fastrtps_cpp.dir/rosidl_typesupport_fastrtps_cpp/masc_chassis_msgs/srv/detail/dds_fastrtps/calibrate_servo__type_support.cpp.o\x1b[0m\n'}
[83.451652] (-) TimerEvent: {}
[83.551989] (-) TimerEvent: {}
[83.652333] (-) TimerEvent: {}
[83.752677] (-) TimerEvent: {}
[83.853081] (-) TimerEvent: {}
[83.953546] (-) TimerEvent: {}
[84.054150] (-) TimerEvent: {}
[84.154703] (-) TimerEvent: {}
[84.255066] (-) TimerEvent: {}
[84.355459] (-) TimerEvent: {}
[84.455989] (-) TimerEvent: {}
[84.556439] (-) TimerEvent: {}
[84.642589] (masc_chassis_msgs) StdoutLine: {'line': b'[ 49%] \x1b[32mBuilding CXX object CMakeFiles/masc_chassis_msgs__rosidl_typesupport_fastrtps_cpp.dir/rosidl_typesupport_fastrtps_cpp/masc_chassis_msgs/srv/detail/dds_fastrtps/set_motion_mode__type_support.cpp.o\x1b[0m\n'}
[84.656857] (-) TimerEvent: {}
[84.757441] (-) TimerEvent: {}
[84.857928] (-) TimerEvent: {}
[84.958477] (-) TimerEvent: {}
[85.059137] (-) TimerEvent: {}
[85.159743] (-) TimerEvent: {}
[85.260310] (-) TimerEvent: {}
[85.360706] (-) TimerEvent: {}
[85.461068] (-) TimerEvent: {}
[85.561422] (-) TimerEvent: {}
[85.661778] (-) TimerEvent: {}
[85.762146] (-) TimerEvent: {}
[85.839810] (masc_chassis_msgs) StdoutLine: {'line': b'[ 49%] \x1b[32mBuilding CXX object CMakeFiles/masc_chassis_msgs__rosidl_typesupport_fastrtps_cpp.dir/rosidl_typesupport_fastrtps_cpp/masc_chassis_msgs/srv/detail/dds_fastrtps/set_tow_mode__type_support.cpp.o\x1b[0m\n'}
[85.862263] (-) TimerEvent: {}
[85.962640] (-) TimerEvent: {}
[86.063177] (-) TimerEvent: {}
[86.163544] (-) TimerEvent: {}
[86.263897] (-) TimerEvent: {}
[86.364256] (-) TimerEvent: {}
[86.464623] (-) TimerEvent: {}
[86.565023] (-) TimerEvent: {}
[86.665397] (-) TimerEvent: {}
[86.765774] (-) TimerEvent: {}
[86.866162] (-) TimerEvent: {}
[86.903136] (masc_chassis_msgs) StdoutLine: {'line': b'[ 50%] \x1b[32m\x1b[1mLinking CXX shared library libmasc_chassis_msgs__rosidl_typesupport_fastrtps_cpp.so\x1b[0m\n'}
[86.966339] (-) TimerEvent: {}
[87.066740] (-) TimerEvent: {}
[87.167130] (-) TimerEvent: {}
[87.199489] (masc_chassis_msgs) StdoutLine: {'line': b'[ 50%] Built target masc_chassis_msgs__rosidl_typesupport_fastrtps_cpp\n'}
[87.225734] (masc_chassis_msgs) StdoutLine: {'line': b'[ 51%] \x1b[34m\x1b[1mGenerating C++ introspection for ROS interfaces\x1b[0m\n'}
[87.267238] (-) TimerEvent: {}
[87.367558] (-) TimerEvent: {}
[87.467871] (-) TimerEvent: {}
[87.568186] (-) TimerEvent: {}
[87.668526] (-) TimerEvent: {}
[87.768866] (-) TimerEvent: {}
[87.869255] (-) TimerEvent: {}
[87.969623] (-) TimerEvent: {}
[88.069957] (-) TimerEvent: {}
[88.170277] (-) TimerEvent: {}
[88.270598] (-) TimerEvent: {}
[88.370937] (-) TimerEvent: {}
[88.471263] (-) TimerEvent: {}
[88.571581] (-) TimerEvent: {}
[88.671916] (-) TimerEvent: {}
[88.772241] (-) TimerEvent: {}
[88.872556] (-) TimerEvent: {}
[88.972845] (-) TimerEvent: {}
[89.073153] (-) TimerEvent: {}
[89.173470] (-) TimerEvent: {}
[89.273804] (-) TimerEvent: {}
[89.374119] (-) TimerEvent: {}
[89.474407] (-) TimerEvent: {}
[89.574709] (-) TimerEvent: {}
[89.675029] (-) TimerEvent: {}
[89.775336] (-) TimerEvent: {}
[89.875636] (-) TimerEvent: {}
[89.975999] (-) TimerEvent: {}
[90.076366] (-) TimerEvent: {}
[90.176716] (-) TimerEvent: {}
[90.277098] (-) TimerEvent: {}
[90.377450] (-) TimerEvent: {}
[90.477823] (-) TimerEvent: {}
[90.588841] (-) TimerEvent: {}
[90.662362] (masc_chassis_msgs) StdoutLine: {'line': b'[ 51%] \x1b[32mBuilding CXX object CMakeFiles/masc_chassis_msgs__rosidl_typesupport_introspection_cpp.dir/rosidl_typesupport_introspection_cpp/masc_chassis_msgs/msg/detail/bms_status__type_support.cpp.o\x1b[0m\n'}
[90.688962] (-) TimerEvent: {}
[90.789308] (-) TimerEvent: {}
[90.889678] (-) TimerEvent: {}
[90.990047] (-) TimerEvent: {}
[91.090392] (-) TimerEvent: {}
[91.190762] (-) TimerEvent: {}
[91.197119] (masc_chassis_msgs) StdoutLine: {'line': b'[ 52%] \x1b[32mBuilding CXX object CMakeFiles/masc_chassis_msgs__rosidl_typesupport_introspection_cpp.dir/rosidl_typesupport_introspection_cpp/masc_chassis_msgs/msg/detail/can_frame_stats__type_support.cpp.o\x1b[0m\n'}
[91.290874] (-) TimerEvent: {}
[91.391222] (-) TimerEvent: {}
[91.491582] (-) TimerEvent: {}
[91.591964] (-) TimerEvent: {}
[91.692316] (-) TimerEvent: {}
[91.721900] (masc_chassis_msgs) StdoutLine: {'line': b'[ 52%] \x1b[32mBuilding CXX object CMakeFiles/masc_chassis_msgs__rosidl_typesupport_introspection_cpp.dir/rosidl_typesupport_introspection_cpp/masc_chassis_msgs/msg/detail/can_frame_stats_array__type_support.cpp.o\x1b[0m\n'}
[91.792436] (-) TimerEvent: {}
[91.892815] (-) TimerEvent: {}
[91.993180] (-) TimerEvent: {}
[92.093551] (-) TimerEvent: {}
[92.193935] (-) TimerEvent: {}
[92.294319] (-) TimerEvent: {}
[92.328656] (masc_chassis_msgs) StdoutLine: {'line': b'[ 53%] \x1b[32mBuilding CXX object CMakeFiles/masc_chassis_msgs__rosidl_typesupport_introspection_cpp.dir/rosidl_typesupport_introspection_cpp/masc_chassis_msgs/msg/detail/chassis_status__type_support.cpp.o\x1b[0m\n'}
[92.394436] (-) TimerEvent: {}
[92.494815] (-) TimerEvent: {}
[92.595184] (-) TimerEvent: {}
[92.695536] (-) TimerEvent: {}
[92.795873] (-) TimerEvent: {}
[92.896204] (-) TimerEvent: {}
[92.953683] (masc_chassis_msgs) StdoutLine: {'line': b'[ 53%] \x1b[32mBuilding CXX object CMakeFiles/masc_chassis_msgs__rosidl_typesupport_introspection_cpp.dir/rosidl_typesupport_introspection_cpp/masc_chassis_msgs/msg/detail/comm_status__type_support.cpp.o\x1b[0m\n'}
[92.996323] (-) TimerEvent: {}
[93.096668] (-) TimerEvent: {}
[93.197037] (-) TimerEvent: {}
[93.297399] (-) TimerEvent: {}
[93.397759] (-) TimerEvent: {}
[93.498126] (-) TimerEvent: {}
[93.530215] (masc_chassis_msgs) StdoutLine: {'line': b'[ 54%] \x1b[32mBuilding CXX object CMakeFiles/masc_chassis_msgs__rosidl_typesupport_introspection_cpp.dir/rosidl_typesupport_introspection_cpp/masc_chassis_msgs/msg/detail/drive_motor__type_support.cpp.o\x1b[0m\n'}
[93.598250] (-) TimerEvent: {}
[93.698602] (-) TimerEvent: {}
[93.799009] (-) TimerEvent: {}
[93.899388] (-) TimerEvent: {}
[93.999751] (-) TimerEvent: {}
[94.068740] (masc_chassis_msgs) StdoutLine: {'line': b'[ 54%] \x1b[32mBuilding CXX object CMakeFiles/masc_chassis_msgs__rosidl_typesupport_introspection_cpp.dir/rosidl_typesupport_introspection_cpp/masc_chassis_msgs/msg/detail/drive_motor_array__type_support.cpp.o\x1b[0m\n'}
[94.099871] (-) TimerEvent: {}
[94.200216] (-) TimerEvent: {}
[94.300566] (-) TimerEvent: {}
[94.400936] (-) TimerEvent: {}
[94.501311] (-) TimerEvent: {}
[94.601657] (-) TimerEvent: {}
[94.682353] (masc_chassis_msgs) StdoutLine: {'line': b'[ 55%] \x1b[32mBuilding CXX object CMakeFiles/masc_chassis_msgs__rosidl_typesupport_introspection_cpp.dir/rosidl_typesupport_introspection_cpp/masc_chassis_msgs/msg/detail/drive_motor_status__type_support.cpp.o\x1b[0m\n'}
[94.701771] (-) TimerEvent: {}
[94.802152] (-) TimerEvent: {}
[94.902510] (-) TimerEvent: {}
[95.004890] (-) TimerEvent: {}
[95.105398] (-) TimerEvent: {}
[95.207236] (-) TimerEvent: {}
[95.307855] (-) TimerEvent: {}
[95.348496] (masc_chassis_msgs) StdoutLine: {'line': b'[ 55%] \x1b[32mBuilding CXX object CMakeFiles/masc_chassis_msgs__rosidl_typesupport_introspection_cpp.dir/rosidl_typesupport_introspection_cpp/masc_chassis_msgs/msg/detail/drive_motor_status_array__type_support.cpp.o\x1b[0m\n'}
[95.407974] (-) TimerEvent: {}
[95.508318] (-) TimerEvent: {}
[95.608678] (-) TimerEvent: {}
[95.709071] (-) TimerEvent: {}
[95.809423] (-) TimerEvent: {}
[95.909769] (-) TimerEvent: {}
[95.948910] (masc_chassis_msgs) StdoutLine: {'line': b'[ 56%] \x1b[32mBuilding CXX object CMakeFiles/masc_chassis_msgs__rosidl_typesupport_introspection_cpp.dir/rosidl_typesupport_introspection_cpp/masc_chassis_msgs/msg/detail/rc_status__type_support.cpp.o\x1b[0m\n'}
[96.009888] (-) TimerEvent: {}
[96.110235] (-) TimerEvent: {}
[96.210590] (-) TimerEvent: {}
[96.310953] (-) TimerEvent: {}
[96.411304] (-) TimerEvent: {}
[96.489941] (masc_chassis_msgs) StdoutLine: {'line': b'[ 56%] \x1b[32mBuilding CXX object CMakeFiles/masc_chassis_msgs__rosidl_typesupport_introspection_cpp.dir/rosidl_typesupport_introspection_cpp/masc_chassis_msgs/msg/detail/servo_motor__type_support.cpp.o\x1b[0m\n'}
[96.511442] (-) TimerEvent: {}
[96.611809] (-) TimerEvent: {}
[96.712160] (-) TimerEvent: {}
[96.812518] (-) TimerEvent: {}
[96.912897] (-) TimerEvent: {}
[97.013264] (-) TimerEvent: {}
[97.034756] (masc_chassis_msgs) StdoutLine: {'line': b'[ 57%] \x1b[32mBuilding CXX object CMakeFiles/masc_chassis_msgs__rosidl_typesupport_introspection_cpp.dir/rosidl_typesupport_introspection_cpp/masc_chassis_msgs/msg/detail/servo_motor_array__type_support.cpp.o\x1b[0m\n'}
[97.113377] (-) TimerEvent: {}
[97.213715] (-) TimerEvent: {}
[97.314090] (-) TimerEvent: {}
[97.414445] (-) TimerEvent: {}
[97.514825] (-) TimerEvent: {}
[97.615242] (-) TimerEvent: {}
[97.668665] (masc_chassis_msgs) StdoutLine: {'line': b'[ 57%] \x1b[32mBuilding CXX object CMakeFiles/masc_chassis_msgs__rosidl_typesupport_introspection_cpp.dir/rosidl_typesupport_introspection_cpp/masc_chassis_msgs/msg/detail/servo_motor_status__type_support.cpp.o\x1b[0m\n'}
[97.715357] (-) TimerEvent: {}
[97.815695] (-) TimerEvent: {}
[97.916064] (-) TimerEvent: {}
[98.016427] (-) TimerEvent: {}
[98.116800] (-) TimerEvent: {}
[98.217180] (-) TimerEvent: {}
[98.249646] (masc_chassis_msgs) StdoutLine: {'line': b'[ 58%] \x1b[32mBuilding CXX object CMakeFiles/masc_chassis_msgs__rosidl_typesupport_introspection_cpp.dir/rosidl_typesupport_introspection_cpp/masc_chassis_msgs/msg/detail/servo_motor_status_array__type_support.cpp.o\x1b[0m\n'}
[98.317311] (-) TimerEvent: {}
[98.417659] (-) TimerEvent: {}
[98.518026] (-) TimerEvent: {}
[98.618376] (-) TimerEvent: {}
[98.718734] (-) TimerEvent: {}
[98.819139] (-) TimerEvent: {}
[98.845024] (masc_chassis_msgs) StdoutLine: {'line': b'[ 58%] \x1b[32mBuilding CXX object CMakeFiles/masc_chassis_msgs__rosidl_typesupport_introspection_cpp.dir/rosidl_typesupport_introspection_cpp/masc_chassis_msgs/srv/detail/clear_fault__type_support.cpp.o\x1b[0m\n'}
[98.919260] (-) TimerEvent: {}
[99.019645] (-) TimerEvent: {}
[99.120027] (-) TimerEvent: {}
[99.220376] (-) TimerEvent: {}
[99.320738] (-) TimerEvent: {}
[99.421113] (-) TimerEvent: {}
[99.521472] (-) TimerEvent: {}
[99.552267] (masc_chassis_msgs) StdoutLine: {'line': b'[ 59%] \x1b[32mBuilding CXX object CMakeFiles/masc_chassis_msgs__rosidl_typesupport_introspection_cpp.dir/rosidl_typesupport_introspection_cpp/masc_chassis_msgs/srv/detail/calibrate_servo__type_support.cpp.o\x1b[0m\n'}
[99.621611] (-) TimerEvent: {}
[99.721976] (-) TimerEvent: {}
[99.822332] (-) TimerEvent: {}
[99.922735] (-) TimerEvent: {}
[100.023110] (-) TimerEvent: {}
[100.123464] (-) TimerEvent: {}
[100.223810] (-) TimerEvent: {}
[100.261464] (masc_chassis_msgs) StdoutLine: {'line': b'[ 59%] \x1b[32mBuilding CXX object CMakeFiles/masc_chassis_msgs__rosidl_typesupport_introspection_cpp.dir/rosidl_typesupport_introspection_cpp/masc_chassis_msgs/srv/detail/set_motion_mode__type_support.cpp.o\x1b[0m\n'}
[100.323921] (-) TimerEvent: {}
[100.424273] (-) TimerEvent: {}
[100.524691] (-) TimerEvent: {}
[100.625073] (-) TimerEvent: {}
[100.725480] (-) TimerEvent: {}
[100.825851] (-) TimerEvent: {}
[100.926182] (-) TimerEvent: {}
[100.965660] (masc_chassis_msgs) StdoutLine: {'line': b'[ 60%] \x1b[32mBuilding CXX object CMakeFiles/masc_chassis_msgs__rosidl_typesupport_introspection_cpp.dir/rosidl_typesupport_introspection_cpp/masc_chassis_msgs/srv/detail/set_tow_mode__type_support.cpp.o\x1b[0m\n'}
[101.026302] (-) TimerEvent: {}
[101.126650] (-) TimerEvent: {}
[101.227048] (-) TimerEvent: {}
[101.327401] (-) TimerEvent: {}
[101.427814] (-) TimerEvent: {}
[101.528173] (-) TimerEvent: {}
[101.628528] (-) TimerEvent: {}
[101.678910] (masc_chassis_msgs) StdoutLine: {'line': b'[ 60%] \x1b[32m\x1b[1mLinking CXX shared library libmasc_chassis_msgs__rosidl_typesupport_introspection_cpp.so\x1b[0m\n'}
[101.728679] (-) TimerEvent: {}
[101.829170] (-) TimerEvent: {}
[101.930507] (-) TimerEvent: {}
[101.986485] (masc_chassis_msgs) StdoutLine: {'line': b'[ 60%] Built target masc_chassis_msgs__rosidl_typesupport_introspection_cpp\n'}
[102.015060] (masc_chassis_msgs) StdoutLine: {'line': b'[ 61%] \x1b[34m\x1b[1mGenerating C++ type support dispatch for ROS interfaces\x1b[0m\n'}
[102.030618] (-) TimerEvent: {}
[102.131039] (-) TimerEvent: {}
[102.231443] (-) TimerEvent: {}
[102.331763] (-) TimerEvent: {}
[102.432092] (-) TimerEvent: {}
[102.532412] (-) TimerEvent: {}
[102.632733] (-) TimerEvent: {}
[102.733051] (-) TimerEvent: {}
[102.833391] (-) TimerEvent: {}
[102.933715] (-) TimerEvent: {}
[103.034051] (-) TimerEvent: {}
[103.134395] (-) TimerEvent: {}
[103.234746] (-) TimerEvent: {}
[103.335096] (-) TimerEvent: {}
[103.435459] (-) TimerEvent: {}
[103.535805] (-) TimerEvent: {}
[103.636129] (-) TimerEvent: {}
[103.736434] (-) TimerEvent: {}
[103.836747] (-) TimerEvent: {}
[103.937078] (-) TimerEvent: {}
[104.037376] (-) TimerEvent: {}
[104.137677] (-) TimerEvent: {}
[104.238007] (-) TimerEvent: {}
[104.338366] (-) TimerEvent: {}
[104.438815] (-) TimerEvent: {}
[104.539178] (-) TimerEvent: {}
[104.639544] (-) TimerEvent: {}
[104.721806] (masc_chassis_msgs) StdoutLine: {'line': b'[ 61%] \x1b[32mBuilding CXX object CMakeFiles/masc_chassis_msgs__rosidl_typesupport_cpp.dir/rosidl_typesupport_cpp/masc_chassis_msgs/msg/bms_status__type_support.cpp.o\x1b[0m\n'}
[104.739679] (-) TimerEvent: {}
[104.840076] (-) TimerEvent: {}
[104.940439] (-) TimerEvent: {}
[105.040810] (-) TimerEvent: {}
[105.141258] (-) TimerEvent: {}
[105.241619] (-) TimerEvent: {}
[105.250031] (masc_chassis_msgs) StdoutLine: {'line': b'[ 62%] \x1b[32mBuilding CXX object CMakeFiles/masc_chassis_msgs__rosidl_typesupport_cpp.dir/rosidl_typesupport_cpp/masc_chassis_msgs/msg/can_frame_stats__type_support.cpp.o\x1b[0m\n'}
[105.341735] (-) TimerEvent: {}
[105.442117] (-) TimerEvent: {}
[105.542481] (-) TimerEvent: {}
[105.642856] (-) TimerEvent: {}
[105.743223] (-) TimerEvent: {}
[105.777565] (masc_chassis_msgs) StdoutLine: {'line': b'[ 62%] \x1b[32mBuilding CXX object CMakeFiles/masc_chassis_msgs__rosidl_typesupport_cpp.dir/rosidl_typesupport_cpp/masc_chassis_msgs/msg/can_frame_stats_array__type_support.cpp.o\x1b[0m\n'}
[105.843348] (-) TimerEvent: {}
[105.943686] (-) TimerEvent: {}
[106.044050] (-) TimerEvent: {}
[106.144414] (-) TimerEvent: {}
[106.244747] (-) TimerEvent: {}
[106.321739] (masc_chassis_msgs) StdoutLine: {'line': b'[ 63%] \x1b[32mBuilding CXX object CMakeFiles/masc_chassis_msgs__rosidl_typesupport_cpp.dir/rosidl_typesupport_cpp/masc_chassis_msgs/msg/chassis_status__type_support.cpp.o\x1b[0m\n'}
[106.344856] (-) TimerEvent: {}
[106.445210] (-) TimerEvent: {}
[106.545562] (-) TimerEvent: {}
[106.645948] (-) TimerEvent: {}
[106.746307] (-) TimerEvent: {}
[106.846674] (-) TimerEvent: {}
[106.890082] (masc_chassis_msgs) StdoutLine: {'line': b'[ 63%] \x1b[32mBuilding CXX object CMakeFiles/masc_chassis_msgs__rosidl_typesupport_cpp.dir/rosidl_typesupport_cpp/masc_chassis_msgs/msg/comm_status__type_support.cpp.o\x1b[0m\n'}
[106.946824] (-) TimerEvent: {}
[107.047181] (-) TimerEvent: {}
[107.147565] (-) TimerEvent: {}
[107.247939] (-) TimerEvent: {}
[107.348299] (-) TimerEvent: {}
[107.431100] (masc_chassis_msgs) StdoutLine: {'line': b'[ 64%] \x1b[32mBuilding CXX object CMakeFiles/masc_chassis_msgs__rosidl_typesupport_cpp.dir/rosidl_typesupport_cpp/masc_chassis_msgs/msg/drive_motor__type_support.cpp.o\x1b[0m\n'}
[107.448427] (-) TimerEvent: {}
[107.548817] (-) TimerEvent: {}
[107.649192] (-) TimerEvent: {}
[107.749610] (-) TimerEvent: {}
[107.849990] (-) TimerEvent: {}
[107.950358] (-) TimerEvent: {}
[107.968609] (masc_chassis_msgs) StdoutLine: {'line': b'[ 64%] \x1b[32mBuilding CXX object CMakeFiles/masc_chassis_msgs__rosidl_typesupport_cpp.dir/rosidl_typesupport_cpp/masc_chassis_msgs/msg/drive_motor_array__type_support.cpp.o\x1b[0m\n'}
[108.050475] (-) TimerEvent: {}
[108.150828] (-) TimerEvent: {}
[108.251171] (-) TimerEvent: {}
[108.351559] (-) TimerEvent: {}
[108.451969] (-) TimerEvent: {}
[108.513902] (masc_chassis_msgs) StdoutLine: {'line': b'[ 65%] \x1b[32mBuilding CXX object CMakeFiles/masc_chassis_msgs__rosidl_typesupport_cpp.dir/rosidl_typesupport_cpp/masc_chassis_msgs/msg/drive_motor_status__type_support.cpp.o\x1b[0m\n'}
[108.552088] (-) TimerEvent: {}
[108.652433] (-) TimerEvent: {}
[108.752775] (-) TimerEvent: {}
[108.853143] (-) TimerEvent: {}
[108.953485] (-) TimerEvent: {}
[109.053867] (-) TimerEvent: {}
[109.121450] (masc_chassis_msgs) StdoutLine: {'line': b'[ 65%] \x1b[32mBuilding CXX object CMakeFiles/masc_chassis_msgs__rosidl_typesupport_cpp.dir/rosidl_typesupport_cpp/masc_chassis_msgs/msg/drive_motor_status_array__type_support.cpp.o\x1b[0m\n'}
[109.153985] (-) TimerEvent: {}
[109.254320] (-) TimerEvent: {}
[109.354657] (-) TimerEvent: {}
[109.455025] (-) TimerEvent: {}
[109.555363] (-) TimerEvent: {}
[109.655733] (-) TimerEvent: {}
[109.675503] (masc_chassis_msgs) StdoutLine: {'line': b'[ 66%] \x1b[32mBuilding CXX object CMakeFiles/masc_chassis_msgs__rosidl_typesupport_cpp.dir/rosidl_typesupport_cpp/masc_chassis_msgs/msg/rc_status__type_support.cpp.o\x1b[0m\n'}
[109.755847] (-) TimerEvent: {}
[109.856179] (-) TimerEvent: {}
[109.956510] (-) TimerEvent: {}
[110.056853] (-) TimerEvent: {}
[110.157193] (-) TimerEvent: {}
[110.217134] (masc_chassis_msgs) StdoutLine: {'line': b'[ 66%] \x1b[32mBuilding CXX object CMakeFiles/masc_chassis_msgs__rosidl_typesupport_cpp.dir/rosidl_typesupport_cpp/masc_chassis_msgs/msg/servo_motor__type_support.cpp.o\x1b[0m\n'}
[110.257313] (-) TimerEvent: {}
[110.357650] (-) TimerEvent: {}
[110.458024] (-) TimerEvent: {}
[110.558390] (-) TimerEvent: {}
[110.658729] (-) TimerEvent: {}
[110.747213] (masc_chassis_msgs) StdoutLine: {'line': b'[ 67%] \x1b[32mBuilding CXX object CMakeFiles/masc_chassis_msgs__rosidl_typesupport_cpp.dir/rosidl_typesupport_cpp/masc_chassis_msgs/msg/servo_motor_array__type_support.cpp.o\x1b[0m\n'}
[110.758860] (-) TimerEvent: {}
[110.859206] (-) TimerEvent: {}
[110.959549] (-) TimerEvent: {}
[111.059949] (-) TimerEvent: {}
[111.160293] (-) TimerEvent: {}
[111.260666] (-) TimerEvent: {}
[111.267536] (masc_chassis_msgs) StdoutLine: {'line': b'[ 67%] \x1b[32mBuilding CXX object CMakeFiles/masc_chassis_msgs__rosidl_typesupport_cpp.dir/rosidl_typesupport_cpp/masc_chassis_msgs/msg/servo_motor_status__type_support.cpp.o\x1b[0m\n'}
[111.360797] (-) TimerEvent: {}
[111.461151] (-) TimerEvent: {}
[111.561503] (-) TimerEvent: {}
[111.661852] (-) TimerEvent: {}
[111.762225] (-) TimerEvent: {}
[111.799265] (masc_chassis_msgs) StdoutLine: {'line': b'[ 68%] \x1b[32mBuilding CXX object CMakeFiles/masc_chassis_msgs__rosidl_typesupport_cpp.dir/rosidl_typesupport_cpp/masc_chassis_msgs/msg/servo_motor_status_array__type_support.cpp.o\x1b[0m\n'}
[111.862342] (-) TimerEvent: {}
[111.962724] (-) TimerEvent: {}
[112.063086] (-) TimerEvent: {}
[112.163432] (-) TimerEvent: {}
[112.263774] (-) TimerEvent: {}
[112.335718] (masc_chassis_msgs) StdoutLine: {'line': b'[ 68%] \x1b[32mBuilding CXX object CMakeFiles/masc_chassis_msgs__rosidl_typesupport_cpp.dir/rosidl_typesupport_cpp/masc_chassis_msgs/srv/clear_fault__type_support.cpp.o\x1b[0m\n'}
[112.363859] (-) TimerEvent: {}
[112.464194] (-) TimerEvent: {}
[112.564559] (-) TimerEvent: {}
[112.664949] (-) TimerEvent: {}
[112.765301] (-) TimerEvent: {}
[112.865644] (-) TimerEvent: {}
[112.966026] (-) TimerEvent: {}
[113.005211] (masc_chassis_msgs) StdoutLine: {'line': b'[ 69%] \x1b[32mBuilding CXX object CMakeFiles/masc_chassis_msgs__rosidl_typesupport_cpp.dir/rosidl_typesupport_cpp/masc_chassis_msgs/srv/calibrate_servo__type_support.cpp.o\x1b[0m\n'}
[113.066142] (-) TimerEvent: {}
[113.166490] (-) TimerEvent: {}
[113.266866] (-) TimerEvent: {}
[113.367209] (-) TimerEvent: {}
[113.467559] (-) TimerEvent: {}
[113.567980] (-) TimerEvent: {}
[113.668319] (-) TimerEvent: {}
[113.677550] (masc_chassis_msgs) StdoutLine: {'line': b'[ 69%] \x1b[32mBuilding CXX object CMakeFiles/masc_chassis_msgs__rosidl_typesupport_cpp.dir/rosidl_typesupport_cpp/masc_chassis_msgs/srv/set_motion_mode__type_support.cpp.o\x1b[0m\n'}
[113.768443] (-) TimerEvent: {}
[113.868822] (-) TimerEvent: {}
[113.969250] (-) TimerEvent: {}
[114.069810] (-) TimerEvent: {}
[114.170490] (-) TimerEvent: {}
[114.270851] (-) TimerEvent: {}
[114.371241] (-) TimerEvent: {}
[114.404181] (masc_chassis_msgs) StdoutLine: {'line': b'[ 70%] \x1b[32mBuilding CXX object CMakeFiles/masc_chassis_msgs__rosidl_typesupport_cpp.dir/rosidl_typesupport_cpp/masc_chassis_msgs/srv/set_tow_mode__type_support.cpp.o\x1b[0m\n'}
[114.471386] (-) TimerEvent: {}
[114.571875] (-) TimerEvent: {}
[114.672498] (-) TimerEvent: {}
[114.773468] (-) TimerEvent: {}
[114.874110] (-) TimerEvent: {}
[114.974631] (-) TimerEvent: {}
[115.075146] (-) TimerEvent: {}
[115.175723] (-) TimerEvent: {}
[115.232043] (masc_chassis_msgs) StdoutLine: {'line': b'[ 70%] \x1b[32m\x1b[1mLinking CXX shared library libmasc_chassis_msgs__rosidl_typesupport_cpp.so\x1b[0m\n'}
[115.275918] (-) TimerEvent: {}
[115.376468] (-) TimerEvent: {}
[115.474142] (masc_chassis_msgs) StdoutLine: {'line': b'[ 70%] Built target masc_chassis_msgs__rosidl_typesupport_cpp\n'}
[115.476540] (-) TimerEvent: {}
[115.496188] (masc_chassis_msgs) StdoutLine: {'line': b'[ 70%] \x1b[34m\x1b[1mGenerating C type support dispatch for ROS interfaces\x1b[0m\n'}
[115.576652] (-) TimerEvent: {}
[115.676977] (-) TimerEvent: {}
[115.777296] (-) TimerEvent: {}
[115.877601] (-) TimerEvent: {}
[115.977918] (-) TimerEvent: {}
[116.078212] (-) TimerEvent: {}
[116.180891] (-) TimerEvent: {}
[116.281628] (-) TimerEvent: {}
[116.382496] (-) TimerEvent: {}
[116.482850] (-) TimerEvent: {}
[116.583169] (-) TimerEvent: {}
[116.683534] (-) TimerEvent: {}
[116.783882] (-) TimerEvent: {}
[116.884246] (-) TimerEvent: {}
[116.984570] (-) TimerEvent: {}
[117.084881] (-) TimerEvent: {}
[117.185189] (-) TimerEvent: {}
[117.285508] (-) TimerEvent: {}
[117.385829] (-) TimerEvent: {}
[117.486144] (-) TimerEvent: {}
[117.586455] (-) TimerEvent: {}
[117.686764] (-) TimerEvent: {}
[117.787063] (-) TimerEvent: {}
[117.887381] (-) TimerEvent: {}
[117.987757] (-) TimerEvent: {}
[118.088151] (-) TimerEvent: {}
[118.188523] (-) TimerEvent: {}
[118.286297] (masc_chassis_msgs) StdoutLine: {'line': b'[ 71%] \x1b[32mBuilding CXX object CMakeFiles/masc_chassis_msgs__rosidl_typesupport_c.dir/rosidl_typesupport_c/masc_chassis_msgs/msg/can_frame_stats__type_support.cpp.o\x1b[0m\n'}
[118.286728] (masc_chassis_msgs) StdoutLine: {'line': b'[ 71%] \x1b[32mBuilding CXX object CMakeFiles/masc_chassis_msgs__rosidl_typesupport_c.dir/rosidl_typesupport_c/masc_chassis_msgs/msg/bms_status__type_support.cpp.o\x1b[0m\n'}
[118.288681] (-) TimerEvent: {}
[118.374844] (masc_chassis_msgs) StdoutLine: {'line': b'[ 72%] \x1b[32mBuilding CXX object CMakeFiles/masc_chassis_msgs__rosidl_typesupport_c.dir/rosidl_typesupport_c/masc_chassis_msgs/msg/can_frame_stats_array__type_support.cpp.o\x1b[0m\n'}
[118.388835] (-) TimerEvent: {}
[118.459384] (masc_chassis_msgs) StdoutLine: {'line': b'[ 72%] \x1b[32mBuilding CXX object CMakeFiles/masc_chassis_msgs__rosidl_typesupport_c.dir/rosidl_typesupport_c/masc_chassis_msgs/msg/comm_status__type_support.cpp.o\x1b[0m\n'}
[118.459683] (masc_chassis_msgs) StdoutLine: {'line': b'[ 72%] \x1b[32mBuilding CXX object CMakeFiles/masc_chassis_msgs__rosidl_typesupport_c.dir/rosidl_typesupport_c/masc_chassis_msgs/msg/chassis_status__type_support.cpp.o\x1b[0m\n'}
[118.488951] (-) TimerEvent: {}
[118.544343] (masc_chassis_msgs) StdoutLine: {'line': b'[ 73%] \x1b[32mBuilding CXX object CMakeFiles/masc_chassis_msgs__rosidl_typesupport_c.dir/rosidl_typesupport_c/masc_chassis_msgs/msg/drive_motor__type_support.cpp.o\x1b[0m\n'}
[118.589072] (-) TimerEvent: {}
[118.628120] (masc_chassis_msgs) StdoutLine: {'line': b'[ 74%] \x1b[32mBuilding CXX object CMakeFiles/masc_chassis_msgs__rosidl_typesupport_c.dir/rosidl_typesupport_c/masc_chassis_msgs/msg/drive_motor_status__type_support.cpp.o\x1b[0m\n'}
[118.689195] (-) TimerEvent: {}
[118.708865] (masc_chassis_msgs) StdoutLine: {'line': b'[ 74%] \x1b[32mBuilding CXX object CMakeFiles/masc_chassis_msgs__rosidl_typesupport_c.dir/rosidl_typesupport_c/masc_chassis_msgs/msg/drive_motor_status_array__type_support.cpp.o\x1b[0m\n'}
[118.789319] (-) TimerEvent: {}
[118.791205] (masc_chassis_msgs) StdoutLine: {'line': b'[ 75%] \x1b[32mBuilding CXX object CMakeFiles/masc_chassis_msgs__rosidl_typesupport_c.dir/rosidl_typesupport_c/masc_chassis_msgs/msg/rc_status__type_support.cpp.o\x1b[0m\n'}
[118.874129] (masc_chassis_msgs) StdoutLine: {'line': b'[ 75%] \x1b[32mBuilding CXX object CMakeFiles/masc_chassis_msgs__rosidl_typesupport_c.dir/rosidl_typesupport_c/masc_chassis_msgs/msg/servo_motor__type_support.cpp.o\x1b[0m\n'}
[118.889482] (-) TimerEvent: {}
[118.961225] (masc_chassis_msgs) StdoutLine: {'line': b'[ 76%] \x1b[32mBuilding CXX object CMakeFiles/masc_chassis_msgs__rosidl_typesupport_c.dir/rosidl_typesupport_c/masc_chassis_msgs/msg/servo_motor_array__type_support.cpp.o\x1b[0m\n'}
[118.989589] (-) TimerEvent: {}
[119.047853] (masc_chassis_msgs) StdoutLine: {'line': b'[ 76%] \x1b[32mBuilding CXX object CMakeFiles/masc_chassis_msgs__rosidl_typesupport_c.dir/rosidl_typesupport_c/masc_chassis_msgs/msg/servo_motor_status__type_support.cpp.o\x1b[0m\n'}
[119.089773] (-) TimerEvent: {}
[119.124706] (masc_chassis_msgs) StdoutLine: {'line': b'[ 77%] \x1b[32mBuilding CXX object CMakeFiles/masc_chassis_msgs__rosidl_typesupport_c.dir/rosidl_typesupport_c/masc_chassis_msgs/msg/servo_motor_status_array__type_support.cpp.o\x1b[0m\n'}
[119.189879] (-) TimerEvent: {}
[119.209211] (masc_chassis_msgs) StdoutLine: {'line': b'[ 77%] \x1b[32mBuilding CXX object CMakeFiles/masc_chassis_msgs__rosidl_typesupport_c.dir/rosidl_typesupport_c/masc_chassis_msgs/srv/clear_fault__type_support.cpp.o\x1b[0m\n'}
[119.290006] (-) TimerEvent: {}
[119.328684] (masc_chassis_msgs) StdoutLine: {'line': b'[ 78%] \x1b[32mBuilding CXX object CMakeFiles/masc_chassis_msgs__rosidl_typesupport_c.dir/rosidl_typesupport_c/masc_chassis_msgs/srv/calibrate_servo__type_support.cpp.o\x1b[0m\n'}
[119.390129] (-) TimerEvent: {}
[119.414933] (masc_chassis_msgs) StdoutLine: {'line': b'[ 78%] \x1b[32mBuilding CXX object CMakeFiles/masc_chassis_msgs__rosidl_typesupport_c.dir/rosidl_typesupport_c/masc_chassis_msgs/srv/set_motion_mode__type_support.cpp.o\x1b[0m\n'}
[119.490248] (-) TimerEvent: {}
[119.503063] (masc_chassis_msgs) StdoutLine: {'line': b'[ 79%] \x1b[32mBuilding CXX object CMakeFiles/masc_chassis_msgs__rosidl_typesupport_c.dir/rosidl_typesupport_c/masc_chassis_msgs/srv/set_tow_mode__type_support.cpp.o\x1b[0m\n'}
[119.503527] (masc_chassis_msgs) StdoutLine: {'line': b'[ 79%] \x1b[32mBuilding CXX object CMakeFiles/masc_chassis_msgs__rosidl_typesupport_c.dir/rosidl_typesupport_c/masc_chassis_msgs/msg/drive_motor_array__type_support.cpp.o\x1b[0m\n'}
[119.590369] (-) TimerEvent: {}
[119.594947] (masc_chassis_msgs) StdoutLine: {'line': b'[ 79%] \x1b[32m\x1b[1mLinking CXX shared library libmasc_chassis_msgs__rosidl_typesupport_c.so\x1b[0m\n'}
[119.690500] (-) TimerEvent: {}
[119.694515] (masc_chassis_msgs) StdoutLine: {'line': b'[ 79%] Built target masc_chassis_msgs__rosidl_typesupport_c\n'}
[119.717173] (masc_chassis_msgs) StdoutLine: {'line': b'[ 79%] \x1b[34m\x1b[1mGenerating C introspection for ROS interfaces\x1b[0m\n'}
[119.790610] (-) TimerEvent: {}
[119.890947] (-) TimerEvent: {}
[119.991281] (-) TimerEvent: {}
[120.091601] (-) TimerEvent: {}
[120.191955] (-) TimerEvent: {}
[120.292268] (-) TimerEvent: {}
[120.392585] (-) TimerEvent: {}
[120.492945] (-) TimerEvent: {}
[120.593261] (-) TimerEvent: {}
[120.693586] (-) TimerEvent: {}
[120.793930] (-) TimerEvent: {}
[120.894217] (-) TimerEvent: {}
[120.994560] (-) TimerEvent: {}
[121.094921] (-) TimerEvent: {}
[121.195247] (-) TimerEvent: {}
[121.295552] (-) TimerEvent: {}
[121.395846] (-) TimerEvent: {}
[121.496153] (-) TimerEvent: {}
[121.596471] (-) TimerEvent: {}
[121.696798] (-) TimerEvent: {}
[121.799493] (-) TimerEvent: {}
[121.900048] (-) TimerEvent: {}
[122.000336] (-) TimerEvent: {}
[122.100666] (-) TimerEvent: {}
[122.201008] (-) TimerEvent: {}
[122.301339] (-) TimerEvent: {}
[122.401738] (-) TimerEvent: {}
[122.502151] (-) TimerEvent: {}
[122.602543] (-) TimerEvent: {}
[122.703116] (-) TimerEvent: {}
[122.728024] (masc_chassis_msgs) StdoutLine: {'line': b'[ 80%] \x1b[32mBuilding C object CMakeFiles/masc_chassis_msgs__rosidl_typesupport_introspection_c.dir/rosidl_typesupport_introspection_c/masc_chassis_msgs/msg/detail/can_frame_stats_array__type_support.c.o\x1b[0m\n'}
[122.728424] (masc_chassis_msgs) StdoutLine: {'line': b'[ 80%] \x1b[32mBuilding C object CMakeFiles/masc_chassis_msgs__rosidl_typesupport_introspection_c.dir/rosidl_typesupport_introspection_c/masc_chassis_msgs/msg/detail/can_frame_stats__type_support.c.o\x1b[0m\n'}
[122.728540] (masc_chassis_msgs) StdoutLine: {'line': b'[ 81%] \x1b[32mBuilding C object CMakeFiles/masc_chassis_msgs__rosidl_typesupport_introspection_c.dir/rosidl_typesupport_introspection_c/masc_chassis_msgs/msg/detail/bms_status__type_support.c.o\x1b[0m\n'}
[122.803253] (-) TimerEvent: {}
[122.815074] (masc_chassis_msgs) StdoutLine: {'line': b'[ 82%] \x1b[32mBuilding C object CMakeFiles/masc_chassis_msgs__rosidl_typesupport_introspection_c.dir/rosidl_typesupport_introspection_c/masc_chassis_msgs/msg/detail/comm_status__type_support.c.o\x1b[0m\n'}
[122.815566] (masc_chassis_msgs) StdoutLine: {'line': b'[ 82%] \x1b[32mBuilding C object CMakeFiles/masc_chassis_msgs__rosidl_typesupport_introspection_c.dir/rosidl_typesupport_introspection_c/masc_chassis_msgs/msg/detail/chassis_status__type_support.c.o\x1b[0m\n'}
[122.843292] (masc_chassis_msgs) StdoutLine: {'line': b'[ 82%] \x1b[32mBuilding C object CMakeFiles/masc_chassis_msgs__rosidl_typesupport_introspection_c.dir/rosidl_typesupport_introspection_c/masc_chassis_msgs/msg/detail/drive_motor__type_support.c.o\x1b[0m\n'}
[122.903404] (-) TimerEvent: {}
[122.917051] (masc_chassis_msgs) StdoutLine: {'line': b'[ 82%] \x1b[32mBuilding C object CMakeFiles/masc_chassis_msgs__rosidl_typesupport_introspection_c.dir/rosidl_typesupport_introspection_c/masc_chassis_msgs/msg/detail/drive_motor_array__type_support.c.o\x1b[0m\n'}
[122.926526] (masc_chassis_msgs) StdoutLine: {'line': b'[ 83%] \x1b[32mBuilding C object CMakeFiles/masc_chassis_msgs__rosidl_typesupport_introspection_c.dir/rosidl_typesupport_introspection_c/masc_chassis_msgs/msg/detail/drive_motor_status__type_support.c.o\x1b[0m\n'}
[122.961415] (masc_chassis_msgs) StdoutLine: {'line': b'[ 83%] \x1b[32mBuilding C object CMakeFiles/masc_chassis_msgs__rosidl_typesupport_introspection_c.dir/rosidl_typesupport_introspection_c/masc_chassis_msgs/msg/detail/drive_motor_status_array__type_support.c.o\x1b[0m\n'}
[123.003535] (-) TimerEvent: {}
[123.020938] (masc_chassis_msgs) StdoutLine: {'line': b'[ 83%] \x1b[32mBuilding C object CMakeFiles/masc_chassis_msgs__rosidl_typesupport_introspection_c.dir/rosidl_typesupport_introspection_c/masc_chassis_msgs/msg/detail/servo_motor__type_support.c.o\x1b[0m\n'}
[123.023085] (masc_chassis_msgs) StdoutLine: {'line': b'[ 84%] \x1b[32mBuilding C object CMakeFiles/masc_chassis_msgs__rosidl_typesupport_introspection_c.dir/rosidl_typesupport_introspection_c/masc_chassis_msgs/msg/detail/rc_status__type_support.c.o\x1b[0m\n'}
[123.067487] (masc_chassis_msgs) StdoutLine: {'line': b'[ 85%] \x1b[32mBuilding C object CMakeFiles/masc_chassis_msgs__rosidl_typesupport_introspection_c.dir/rosidl_typesupport_introspection_c/masc_chassis_msgs/msg/detail/servo_motor_array__type_support.c.o\x1b[0m\n'}
[123.103679] (-) TimerEvent: {}
[123.119320] (masc_chassis_msgs) StdoutLine: {'line': b'[ 85%] \x1b[32mBuilding C object CMakeFiles/masc_chassis_msgs__rosidl_typesupport_introspection_c.dir/rosidl_typesupport_introspection_c/masc_chassis_msgs/msg/detail/servo_motor_status__type_support.c.o\x1b[0m\n'}
[123.125386] (masc_chassis_msgs) StdoutLine: {'line': b'[ 86%] \x1b[32mBuilding C object CMakeFiles/masc_chassis_msgs__rosidl_typesupport_introspection_c.dir/rosidl_typesupport_introspection_c/masc_chassis_msgs/msg/detail/servo_motor_status_array__type_support.c.o\x1b[0m\n'}
[123.173364] (masc_chassis_msgs) StdoutLine: {'line': b'[ 86%] \x1b[32mBuilding C object CMakeFiles/masc_chassis_msgs__rosidl_typesupport_introspection_c.dir/rosidl_typesupport_introspection_c/masc_chassis_msgs/srv/detail/clear_fault__type_support.c.o\x1b[0m\n'}
[123.203818] (-) TimerEvent: {}
[123.228067] (masc_chassis_msgs) StdoutLine: {'line': b'[ 87%] \x1b[32mBuilding C object CMakeFiles/masc_chassis_msgs__rosidl_typesupport_introspection_c.dir/rosidl_typesupport_introspection_c/masc_chassis_msgs/srv/detail/calibrate_servo__type_support.c.o\x1b[0m\n'}
[123.245056] (masc_chassis_msgs) StdoutLine: {'line': b'[ 87%] \x1b[32mBuilding C object CMakeFiles/masc_chassis_msgs__rosidl_typesupport_introspection_c.dir/rosidl_typesupport_introspection_c/masc_chassis_msgs/srv/detail/set_motion_mode__type_support.c.o\x1b[0m\n'}
[123.302058] (masc_chassis_msgs) StdoutLine: {'line': b'[ 88%] \x1b[32mBuilding C object CMakeFiles/masc_chassis_msgs__rosidl_typesupport_introspection_c.dir/rosidl_typesupport_introspection_c/masc_chassis_msgs/srv/detail/set_tow_mode__type_support.c.o\x1b[0m\n'}
[123.304039] (-) TimerEvent: {}
[123.403887] (masc_chassis_msgs) StdoutLine: {'line': b'[ 88%] \x1b[32m\x1b[1mLinking C shared library libmasc_chassis_msgs__rosidl_typesupport_introspection_c.so\x1b[0m\n'}
[123.404176] (-) TimerEvent: {}
[123.498525] (masc_chassis_msgs) StdoutLine: {'line': b'[ 88%] Built target masc_chassis_msgs__rosidl_typesupport_introspection_c\n'}
[123.504313] (-) TimerEvent: {}
[123.546671] (masc_chassis_msgs) StdoutLine: {'line': b'[ 88%] Built target masc_chassis_msgs\n'}
[123.590240] (masc_chassis_msgs) StdoutLine: {'line': b'[ 88%] \x1b[34m\x1b[1mGenerating Python code for ROS interfaces\x1b[0m\n'}
[123.604414] (-) TimerEvent: {}
[123.704742] (-) TimerEvent: {}
[123.805067] (-) TimerEvent: {}
[123.905382] (-) TimerEvent: {}
[124.005700] (-) TimerEvent: {}
[124.106036] (-) TimerEvent: {}
[124.206338] (-) TimerEvent: {}
[124.306653] (-) TimerEvent: {}
[124.406978] (-) TimerEvent: {}
[124.507326] (-) TimerEvent: {}
[124.607645] (-) TimerEvent: {}
[124.707971] (-) TimerEvent: {}
[124.808282] (-) TimerEvent: {}
[124.908597] (-) TimerEvent: {}
[125.008926] (-) TimerEvent: {}
[125.109264] (-) TimerEvent: {}
[125.209612] (-) TimerEvent: {}
[125.309949] (-) TimerEvent: {}
[125.411905] (-) TimerEvent: {}
[125.512487] (-) TimerEvent: {}
[125.613838] (-) TimerEvent: {}
[125.715506] (-) TimerEvent: {}
[125.816123] (-) TimerEvent: {}
[125.916635] (-) TimerEvent: {}
[126.017150] (-) TimerEvent: {}
[126.117720] (-) TimerEvent: {}
[126.218334] (-) TimerEvent: {}
[126.318649] (-) TimerEvent: {}
[126.418985] (-) TimerEvent: {}
[126.519376] (-) TimerEvent: {}
[126.620010] (-) TimerEvent: {}
[126.720487] (-) TimerEvent: {}
[126.821029] (-) TimerEvent: {}
[126.921675] (-) TimerEvent: {}
[127.022185] (-) TimerEvent: {}
[127.122494] (-) TimerEvent: {}
[127.222807] (-) TimerEvent: {}
[127.323111] (-) TimerEvent: {}
[127.423493] (-) TimerEvent: {}
[127.524041] (-) TimerEvent: {}
[127.624607] (-) TimerEvent: {}
[127.725170] (-) TimerEvent: {}
[127.825699] (-) TimerEvent: {}
[127.926299] (-) TimerEvent: {}
[128.026815] (-) TimerEvent: {}
[128.127341] (-) TimerEvent: {}
[128.227858] (-) TimerEvent: {}
[128.328236] (-) TimerEvent: {}
[128.428568] (-) TimerEvent: {}
[128.528911] (-) TimerEvent: {}
[128.629237] (-) TimerEvent: {}
[128.729589] (-) TimerEvent: {}
[128.829921] (-) TimerEvent: {}
[128.930235] (-) TimerEvent: {}
[129.030583] (-) TimerEvent: {}
[129.130960] (-) TimerEvent: {}
[129.231269] (-) TimerEvent: {}
[129.331581] (-) TimerEvent: {}
[129.431881] (-) TimerEvent: {}
[129.532181] (-) TimerEvent: {}
[129.632478] (-) TimerEvent: {}
[129.732815] (-) TimerEvent: {}
[129.833243] (-) TimerEvent: {}
[129.933631] (-) TimerEvent: {}
[130.034038] (-) TimerEvent: {}
[130.099565] (masc_chassis_msgs) StdoutLine: {'line': b'[ 88%] Built target masc_chassis_msgs__py\n'}
[130.135091] (-) TimerEvent: {}
[130.142405] (masc_chassis_msgs) StdoutLine: {'line': b'[ 88%] \x1b[32mBuilding C object CMakeFiles/masc_chassis_msgs__rosidl_generator_py.dir/rosidl_generator_py/masc_chassis_msgs/msg/_bms_status_s.c.o\x1b[0m\n'}
[130.145303] (masc_chassis_msgs) StdoutLine: {'line': b'[ 89%] \x1b[32mBuilding C object CMakeFiles/masc_chassis_msgs__rosidl_generator_py.dir/rosidl_generator_py/masc_chassis_msgs/msg/_can_frame_stats_s.c.o\x1b[0m\n'}
[130.145705] (masc_chassis_msgs) StdoutLine: {'line': b'[ 88%] \x1b[32mBuilding C object CMakeFiles/masc_chassis_msgs__rosidl_generator_py.dir/rosidl_generator_py/masc_chassis_msgs/msg/_can_frame_stats_array_s.c.o\x1b[0m\n'}
[130.235207] (-) TimerEvent: {}
[130.335608] (-) TimerEvent: {}
[130.437650] (-) TimerEvent: {}
[130.533242] (masc_chassis_msgs) StdoutLine: {'line': b'[ 90%] \x1b[32mBuilding C object CMakeFiles/masc_chassis_msgs__rosidl_generator_py.dir/rosidl_generator_py/masc_chassis_msgs/msg/_chassis_status_s.c.o\x1b[0m\n'}
[130.538057] (-) TimerEvent: {}
[130.542432] (masc_chassis_msgs) StdoutLine: {'line': b'[ 90%] \x1b[32mBuilding C object CMakeFiles/masc_chassis_msgs__rosidl_generator_py.dir/rosidl_generator_py/masc_chassis_msgs/msg/_comm_status_s.c.o\x1b[0m\n'}
[130.571436] (masc_chassis_msgs) StdoutLine: {'line': b'[ 91%] \x1b[32mBuilding C object CMakeFiles/masc_chassis_msgs__rosidl_generator_py.dir/rosidl_generator_py/masc_chassis_msgs/msg/_drive_motor_s.c.o\x1b[0m\n'}
[130.597273] (masc_chassis_msgs) StdoutLine: {'line': b'[ 91%] \x1b[32mBuilding C object CMakeFiles/masc_chassis_msgs__rosidl_generator_py.dir/rosidl_generator_py/masc_chassis_msgs/msg/_drive_motor_array_s.c.o\x1b[0m\n'}
[130.638054] (-) TimerEvent: {}
[130.741185] (-) TimerEvent: {}
[130.841629] (-) TimerEvent: {}
[130.913377] (masc_chassis_msgs) StdoutLine: {'line': b'[ 92%] \x1b[32mBuilding C object CMakeFiles/masc_chassis_msgs__rosidl_generator_py.dir/rosidl_generator_py/masc_chassis_msgs/msg/_drive_motor_status_s.c.o\x1b[0m\n'}
[130.917084] (masc_chassis_msgs) StdoutLine: {'line': b'[ 92%] \x1b[32mBuilding C object CMakeFiles/masc_chassis_msgs__rosidl_generator_py.dir/rosidl_generator_py/masc_chassis_msgs/msg/_drive_motor_status_array_s.c.o\x1b[0m\n'}
[130.941993] (-) TimerEvent: {}
[130.970950] (masc_chassis_msgs) StdoutLine: {'line': b'[ 93%] \x1b[32mBuilding C object CMakeFiles/masc_chassis_msgs__rosidl_generator_py.dir/rosidl_generator_py/masc_chassis_msgs/msg/_rc_status_s.c.o\x1b[0m\n'}
[131.043055] (-) TimerEvent: {}
[131.117971] (masc_chassis_msgs) StdoutLine: {'line': b'[ 93%] \x1b[32mBuilding C object CMakeFiles/masc_chassis_msgs__rosidl_generator_py.dir/rosidl_generator_py/masc_chassis_msgs/msg/_servo_motor_s.c.o\x1b[0m\n'}
[131.144052] (-) TimerEvent: {}
[131.246834] (-) TimerEvent: {}
[131.304210] (masc_chassis_msgs) StdoutLine: {'line': b'[ 94%] \x1b[32mBuilding C object CMakeFiles/masc_chassis_msgs__rosidl_generator_py.dir/rosidl_generator_py/masc_chassis_msgs/msg/_servo_motor_array_s.c.o\x1b[0m\n'}
[131.317194] (masc_chassis_msgs) StdoutLine: {'line': b'[ 94%] \x1b[32mBuilding C object CMakeFiles/masc_chassis_msgs__rosidl_generator_py.dir/rosidl_generator_py/masc_chassis_msgs/msg/_servo_motor_status_s.c.o\x1b[0m\n'}
[131.346941] (-) TimerEvent: {}
[131.402240] (masc_chassis_msgs) StdoutLine: {'line': b'[ 95%] \x1b[32mBuilding C object CMakeFiles/masc_chassis_msgs__rosidl_generator_py.dir/rosidl_generator_py/masc_chassis_msgs/msg/_servo_motor_status_array_s.c.o\x1b[0m\n'}
[131.462913] (-) TimerEvent: {}
[131.554451] (masc_chassis_msgs) StdoutLine: {'line': b'[ 95%] \x1b[32mBuilding C object CMakeFiles/masc_chassis_msgs__rosidl_generator_py.dir/rosidl_generator_py/masc_chassis_msgs/srv/_clear_fault_s.c.o\x1b[0m\n'}
[131.563081] (-) TimerEvent: {}
[131.663618] (-) TimerEvent: {}
[131.756676] (masc_chassis_msgs) StdoutLine: {'line': b'[ 96%] \x1b[32mBuilding C object CMakeFiles/masc_chassis_msgs__rosidl_generator_py.dir/rosidl_generator_py/masc_chassis_msgs/srv/_calibrate_servo_s.c.o\x1b[0m\n'}
[131.765912] (-) TimerEvent: {}
[131.771620] (masc_chassis_msgs) StdoutLine: {'line': b'[ 96%] \x1b[32mBuilding C object CMakeFiles/masc_chassis_msgs__rosidl_generator_py.dir/rosidl_generator_py/masc_chassis_msgs/srv/_set_motion_mode_s.c.o\x1b[0m\n'}
[131.858963] (masc_chassis_msgs) StdoutLine: {'line': b'[ 97%] \x1b[32mBuilding C object CMakeFiles/masc_chassis_msgs__rosidl_generator_py.dir/rosidl_generator_py/masc_chassis_msgs/srv/_set_tow_mode_s.c.o\x1b[0m\n'}
[131.866069] (-) TimerEvent: {}
[131.966604] (-) TimerEvent: {}
[132.067503] (-) TimerEvent: {}
[132.170379] (-) TimerEvent: {}
[132.272034] (-) TimerEvent: {}
[132.337754] (masc_chassis_msgs) StdoutLine: {'line': b'[ 97%] \x1b[32m\x1b[1mLinking C shared library libmasc_chassis_msgs__rosidl_generator_py.so\x1b[0m\n'}
[132.372124] (-) TimerEvent: {}
[132.475287] (-) TimerEvent: {}
[132.577456] (-) TimerEvent: {}
[132.633169] (masc_chassis_msgs) StdoutLine: {'line': b'[ 97%] Built target masc_chassis_msgs__rosidl_generator_py\n'}
[132.679474] (-) TimerEvent: {}
[132.701409] (masc_chassis_msgs) StdoutLine: {'line': b'[ 97%] \x1b[32mBuilding C object CMakeFiles/masc_chassis_msgs_s__rosidl_typesupport_introspection_c.dir/rosidl_generator_py/masc_chassis_msgs/_masc_chassis_msgs_s.ep.rosidl_typesupport_introspection_c.c.o\x1b[0m\n'}
[132.701975] (masc_chassis_msgs) StdoutLine: {'line': b'[ 97%] \x1b[32mBuilding C object CMakeFiles/masc_chassis_msgs_s__rosidl_typesupport_c.dir/rosidl_generator_py/masc_chassis_msgs/_masc_chassis_msgs_s.ep.rosidl_typesupport_c.c.o\x1b[0m\n'}
[132.705433] (masc_chassis_msgs) StdoutLine: {'line': b'[ 97%] \x1b[32mBuilding C object CMakeFiles/masc_chassis_msgs_s__rosidl_typesupport_fastrtps_c.dir/rosidl_generator_py/masc_chassis_msgs/_masc_chassis_msgs_s.ep.rosidl_typesupport_fastrtps_c.c.o\x1b[0m\n'}
[132.780233] (-) TimerEvent: {}
[132.880878] (-) TimerEvent: {}
[132.982921] (-) TimerEvent: {}
[133.083422] (-) TimerEvent: {}
[133.179294] (masc_chassis_msgs) StdoutLine: {'line': b'[ 98%] \x1b[32m\x1b[1mLinking C shared module rosidl_generator_py/masc_chassis_msgs/masc_chassis_msgs_s__rosidl_typesupport_introspection_c.so\x1b[0m\n'}
[133.183641] (-) TimerEvent: {}
[133.189346] (masc_chassis_msgs) StdoutLine: {'line': b'[ 99%] \x1b[32m\x1b[1mLinking C shared module rosidl_generator_py/masc_chassis_msgs/masc_chassis_msgs_s__rosidl_typesupport_c.so\x1b[0m\n'}
[133.201263] (masc_chassis_msgs) StdoutLine: {'line': b'[100%] \x1b[32m\x1b[1mLinking C shared module rosidl_generator_py/masc_chassis_msgs/masc_chassis_msgs_s__rosidl_typesupport_fastrtps_c.so\x1b[0m\n'}
[133.274343] (masc_chassis_msgs) StdoutLine: {'line': b'[100%] Built target masc_chassis_msgs_s__rosidl_typesupport_c\n'}
[133.274636] (masc_chassis_msgs) StdoutLine: {'line': b'[100%] Built target masc_chassis_msgs_s__rosidl_typesupport_introspection_c\n'}
[133.283855] (-) TimerEvent: {}
[133.297973] (masc_chassis_msgs) StdoutLine: {'line': b'[100%] Built target masc_chassis_msgs_s__rosidl_typesupport_fastrtps_c\n'}
[133.332048] (masc_chassis_msgs) CommandEnded: {'returncode': 0}
[133.333447] (masc_chassis_msgs) JobProgress: {'identifier': 'masc_chassis_msgs', 'progress': 'install'}
[133.333884] (masc_chassis_msgs) Command: {'cmd': ['/usr/bin/cmake', '--install', '/home/tiema/project/masc_chassis/chassis_ros_ws/build/masc_chassis_msgs'], 'cwd': '/home/tiema/project/masc_chassis/chassis_ros_ws/build/masc_chassis_msgs', 'env': OrderedDict({'GJS_DEBUG_TOPICS': 'JS ERROR;JS LOG', 'LESSOPEN': '| /usr/bin/lesspipe %s', 'LANGUAGE': 'zh_CN:en', 'USER': 'tiema', 'LC_TIME': 'zh_CN.UTF-8', 'XDG_SESSION_TYPE': 'x11', 'GIT_ASKPASS': '/usr/share/code/resources/app/extensions/git/dist/askpass.sh', 'CLUTTER_DISABLE_MIPMAPPED_TEXT': '1', 'SHLVL': '1', 'LD_LIBRARY_PATH': '/opt/ros/jazzy/lib/aarch64-linux-gnu:/opt/ros/jazzy/lib', 'HOME': '/home/tiema', 'CHROME_DESKTOP': 'code.desktop', 'OLDPWD': '/home/tiema/project/masc_chassis', 'TERM_PROGRAM_VERSION': '1.136.1', 'DESKTOP_SESSION': 'ubuntu-xorg', 'GIO_LAUNCHED_DESKTOP_FILE': '/usr/share/applications/code.desktop', 'ROS_PYTHON_VERSION': '3', 'GNOME_SHELL_SESSION_MODE': 'ubuntu', 'GTK_MODULES': 'gail:atk-bridge', 'SDL_IM_MODULE': 'fcitx', 'VSCODE_GIT_ASKPASS_MAIN': '/usr/share/code/resources/app/extensions/git/dist/askpass-main.js', 'LC_MONETARY': 'zh_CN.UTF-8', 'VSCODE_GIT_ASKPASS_NODE': '/usr/share/code/code', 'MANAGERPID': '1894', 'SYSTEMD_EXEC_PID': '2215', 'VSCODE_PYTHON_AUTOACTIVATE_GUARD': '1', 'GSM_SKIP_SSH_AGENT_WORKAROUND': 'true', 'DBUS_SESSION_BUS_ADDRESS': 'unix:path=/run/user/1000/bus', 'COLORTERM': 'truecolor', 'GIO_LAUNCHED_DESKTOP_FILE_PID': '16595', 'DEBUGINFOD_URLS': 'https://debuginfod.ubuntu.com', 'IM_CONFIG_PHASE': '1', 'ROS_DISTRO': 'jazzy', 'GTK_IM_MODULE': 'fcitx', 'LOGNAME': 'tiema', 'JOURNAL_STREAM': '8:19797', '_': '/usr/bin/colcon', 'ROS_VERSION': '2', 'MEMORY_PRESSURE_WATCH': '/sys/fs/cgroup/user.slice/user-1000.slice/user@1000.service/session.slice/org.gnome.Shell@x11.service/memory.pressure', 'XDG_SESSION_CLASS': 'user', 'USERNAME': 'tiema', 'TERM': 'xterm-256color', 'GNOME_DESKTOP_SESSION_ID': 'this-is-deprecated', 'FC_FONTATIONS': '1', 'WINDOWPATH': '2', 'PATH': '/home/tiema/.config/Code/User/globalStorage/github.copilot-chat/debugCommand:/home/tiema/.config/Code/User/globalStorage/github.copilot-chat/copilotCli:/opt/ros/jazzy/bin:/usr/local/sbin:/usr/local/bin:/usr/sbin:/usr/bin:/sbin:/bin:/usr/games:/usr/local/games:/snap/bin:/snap/bin', 'SESSION_MANAGER': 'local/tiema:@/tmp/.ICE-unix/2160,unix/tiema:/tmp/.ICE-unix/2160', 'INVOCATION_ID': '935cf4f9ac054f658ffe6ae8e39b8bb7', 'PAPERSIZE': 'a4', 'XDG_MENU_PREFIX': 'gnome-', 'LC_ADDRESS': 'zh_CN.UTF-8', 'XDG_RUNTIME_DIR': '/run/user/1000', 'GDK_BACKEND': 'x11', 'DISPLAY': ':1', 'LANG': 'zh_CN.UTF-8', 'XDG_CURRENT_DESKTOP': 'ubuntu:GNOME', 'LC_TELEPHONE': 'zh_CN.UTF-8', 'XMODIFIERS': '@im=fcitx', 'XDG_SESSION_DESKTOP': 'ubuntu-xorg', 'XAUTHORITY': '/run/user/1000/gdm/Xauthority', 'LS_COLORS': 'rs=0:di=01;34:ln=01;36:mh=00:pi=40;33:so=01;35:do=01;35:bd=40;33;01:cd=40;33;01:or=40;31;01:mi=00:su=37;41:sg=30;43:ca=00:tw=30;42:ow=34;42:st=37;44:ex=01;32:*.tar=01;31:*.tgz=01;31:*.arc=01;31:*.arj=01;31:*.taz=01;31:*.lha=01;31:*.lz4=01;31:*.lzh=01;31:*.lzma=01;31:*.tlz=01;31:*.txz=01;31:*.tzo=01;31:*.t7z=01;31:*.zip=01;31:*.z=01;31:*.dz=01;31:*.gz=01;31:*.lrz=01;31:*.lz=01;31:*.lzo=01;31:*.xz=01;31:*.zst=01;31:*.tzst=01;31:*.bz2=01;31:*.bz=01;31:*.tbz=01;31:*.tbz2=01;31:*.tz=01;31:*.deb=01;31:*.rpm=01;31:*.jar=01;31:*.war=01;31:*.ear=01;31:*.sar=01;31:*.rar=01;31:*.alz=01;31:*.ace=01;31:*.zoo=01;31:*.cpio=01;31:*.7z=01;31:*.rz=01;31:*.cab=01;31:*.wim=01;31:*.swm=01;31:*.dwm=01;31:*.esd=01;31:*.avif=01;35:*.jpg=01;35:*.jpeg=01;35:*.mjpg=01;35:*.mjpeg=01;35:*.gif=01;35:*.bmp=01;35:*.pbm=01;35:*.pgm=01;35:*.ppm=01;35:*.tga=01;35:*.xbm=01;35:*.xpm=01;35:*.tif=01;35:*.tiff=01;35:*.png=01;35:*.svg=01;35:*.svgz=01;35:*.mng=01;35:*.pcx=01;35:*.mov=01;35:*.mpg=01;35:*.mpeg=01;35:*.m2v=01;35:*.mkv=01;35:*.webm=01;35:*.webp=01;35:*.ogm=01;35:*.mp4=01;35:*.m4v=01;35:*.mp4v=01;35:*.vob=01;35:*.qt=01;35:*.nuv=01;35:*.wmv=01;35:*.asf=01;35:*.rm=01;35:*.rmvb=01;35:*.flc=01;35:*.avi=01;35:*.fli=01;35:*.flv=01;35:*.gl=01;35:*.dl=01;35:*.xcf=01;35:*.xwd=01;35:*.yuv=01;35:*.cgm=01;35:*.emf=01;35:*.ogv=01;35:*.ogx=01;35:*.aac=00;36:*.au=00;36:*.flac=00;36:*.m4a=00;36:*.mid=00;36:*.midi=00;36:*.mka=00;36:*.mp3=00;36:*.mpc=00;36:*.ogg=00;36:*.ra=00;36:*.wav=00;36:*.oga=00;36:*.opus=00;36:*.spx=00;36:*.xspf=00;36:*~=00;90:*#=00;90:*.bak=00;90:*.crdownload=00;90:*.dpkg-dist=00;90:*.dpkg-new=00;90:*.dpkg-old=00;90:*.dpkg-tmp=00;90:*.old=00;90:*.orig=00;90:*.part=00;90:*.rej=00;90:*.rpmnew=00;90:*.rpmorig=00;90:*.rpmsave=00;90:*.swp=00;90:*.tmp=00;90:*.ucf-dist=00;90:*.ucf-new=00;90:*.ucf-old=00;90:', 'VSCODE_GIT_IPC_HANDLE': '/run/user/1000/vscode-git-0c08523fcc.sock', 'TERM_PROGRAM': 'vscode', 'SSH_AUTH_SOCK': '/run/user/1000/keyring/ssh', 'AMENT_PREFIX_PATH': '/opt/ros/jazzy', 'SHELL': '/bin/bash', 'LC_NAME': 'zh_CN.UTF-8', 'QT_ACCESSIBILITY': '1', 'GDMSESSION': 'ubuntu-xorg', 'LESSCLOSE': '/usr/bin/lesspipe %s %s', 'LC_MEASUREMENT': 'zh_CN.UTF-8', 'GPG_AGENT_INFO': '/run/user/1000/gnupg/S.gpg-agent:0:1', 'GJS_DEBUG_OUTPUT': 'stderr', 'LC_IDENTIFICATION': 'zh_CN.UTF-8', 'ROS_AUTOMATIC_DISCOVERY_RANGE': 'SUBNET', 'VSCODE_GIT_ASKPASS_EXTRA_ARGS': '', 'QT_IM_MODULE': 'fcitx', 'PWD': '/home/tiema/project/masc_chassis/chassis_ros_ws/build/masc_chassis_msgs', 'XDG_CONFIG_DIRS': '/etc/xdg/xdg-ubuntu-xorg:/etc/xdg', 'COPILOT_DEBUG_NONCE': '07e554e5e30a71fe75ff906291ac7b38', 'CLUTTER_IM_MODULE': 'xim', 'XDG_DATA_DIRS': '/usr/share/ubuntu-xorg:/usr/share/gnome:/usr/local/share/:/usr/share/:/var/lib/snapd/desktop', 'QTWEBENGINE_DICTIONARIES_PATH': '/usr/share/hunspell-bdic/', 'PYTHONPATH': '/opt/ros/jazzy/lib/python3.12/site-packages', 'LC_NUMERIC': 'zh_CN.UTF-8', 'LC_PAPER': 'zh_CN.UTF-8', 'COLCON': '1', 'MEMORY_PRESSURE_WRITE': 'c29tZSAyMDAwMDAgMjAwMDAwMAA=', 'CMAKE_PREFIX_PATH': '/opt/ros/jazzy'}), 'shell': False}
[133.356895] (masc_chassis_msgs) StdoutLine: {'line': b'-- Install configuration: ""\n'}
[133.357382] (masc_chassis_msgs) StdoutLine: {'line': b'-- Installing: /home/tiema/project/masc_chassis/chassis_ros_ws/install/masc_chassis_msgs/share/ament_index/resource_index/rosidl_interfaces/masc_chassis_msgs\n'}
[133.357751] (masc_chassis_msgs) StdoutLine: {'line': b'-- Installing: /home/tiema/project/masc_chassis/chassis_ros_ws/install/masc_chassis_msgs/share/masc_chassis_msgs/msg/BmsStatus.json\n'}
[133.358079] (masc_chassis_msgs) StdoutLine: {'line': b'-- Installing: /home/tiema/project/masc_chassis/chassis_ros_ws/install/masc_chassis_msgs/share/masc_chassis_msgs/msg/CanFrameStats.json\n'}
[133.358274] (masc_chassis_msgs) StdoutLine: {'line': b'-- Installing: /home/tiema/project/masc_chassis/chassis_ros_ws/install/masc_chassis_msgs/share/masc_chassis_msgs/msg/CanFrameStatsArray.json\n'}
[133.358476] (masc_chassis_msgs) StdoutLine: {'line': b'-- Installing: /home/tiema/project/masc_chassis/chassis_ros_ws/install/masc_chassis_msgs/share/masc_chassis_msgs/msg/ChassisStatus.json\n'}
[133.358675] (masc_chassis_msgs) StdoutLine: {'line': b'-- Installing: /home/tiema/project/masc_chassis/chassis_ros_ws/install/masc_chassis_msgs/share/masc_chassis_msgs/msg/CommStatus.json\n'}
[133.358916] (masc_chassis_msgs) StdoutLine: {'line': b'-- Installing: /home/tiema/project/masc_chassis/chassis_ros_ws/install/masc_chassis_msgs/share/masc_chassis_msgs/msg/DriveMotor.json\n'}
[133.359113] (masc_chassis_msgs) StdoutLine: {'line': b'-- Installing: /home/tiema/project/masc_chassis/chassis_ros_ws/install/masc_chassis_msgs/share/masc_chassis_msgs/msg/DriveMotorArray.json\n'}
[133.359301] (masc_chassis_msgs) StdoutLine: {'line': b'-- Installing: /home/tiema/project/masc_chassis/chassis_ros_ws/install/masc_chassis_msgs/share/masc_chassis_msgs/msg/DriveMotorStatus.json\n'}
[133.359495] (masc_chassis_msgs) StdoutLine: {'line': b'-- Installing: /home/tiema/project/masc_chassis/chassis_ros_ws/install/masc_chassis_msgs/share/masc_chassis_msgs/msg/DriveMotorStatusArray.json\n'}
[133.359686] (masc_chassis_msgs) StdoutLine: {'line': b'-- Installing: /home/tiema/project/masc_chassis/chassis_ros_ws/install/masc_chassis_msgs/share/masc_chassis_msgs/msg/RcStatus.json\n'}
[133.359904] (masc_chassis_msgs) StdoutLine: {'line': b'-- Installing: /home/tiema/project/masc_chassis/chassis_ros_ws/install/masc_chassis_msgs/share/masc_chassis_msgs/msg/ServoMotor.json\n'}
[133.360107] (masc_chassis_msgs) StdoutLine: {'line': b'-- Installing: /home/tiema/project/masc_chassis/chassis_ros_ws/install/masc_chassis_msgs/share/masc_chassis_msgs/msg/ServoMotorArray.json\n'}
[133.360379] (masc_chassis_msgs) StdoutLine: {'line': b'-- Installing: /home/tiema/project/masc_chassis/chassis_ros_ws/install/masc_chassis_msgs/share/masc_chassis_msgs/msg/ServoMotorStatus.json\n'}
[133.360642] (masc_chassis_msgs) StdoutLine: {'line': b'-- Installing: /home/tiema/project/masc_chassis/chassis_ros_ws/install/masc_chassis_msgs/share/masc_chassis_msgs/msg/ServoMotorStatusArray.json\n'}
[133.360944] (masc_chassis_msgs) StdoutLine: {'line': b'-- Installing: /home/tiema/project/masc_chassis/chassis_ros_ws/install/masc_chassis_msgs/share/masc_chassis_msgs/srv/ClearFault.json\n'}
[133.361146] (masc_chassis_msgs) StdoutLine: {'line': b'-- Installing: /home/tiema/project/masc_chassis/chassis_ros_ws/install/masc_chassis_msgs/share/masc_chassis_msgs/srv/CalibrateServo.json\n'}
[133.361343] (masc_chassis_msgs) StdoutLine: {'line': b'-- Installing: /home/tiema/project/masc_chassis/chassis_ros_ws/install/masc_chassis_msgs/share/masc_chassis_msgs/srv/SetMotionMode.json\n'}
[133.361529] (masc_chassis_msgs) StdoutLine: {'line': b'-- Installing: /home/tiema/project/masc_chassis/chassis_ros_ws/install/masc_chassis_msgs/share/masc_chassis_msgs/srv/SetTowMode.json\n'}
[133.361734] (masc_chassis_msgs) StdoutLine: {'line': b'-- Installing: /home/tiema/project/masc_chassis/chassis_ros_ws/install/masc_chassis_msgs/include/masc_chassis_msgs/masc_chassis_msgs\n'}
[133.361981] (masc_chassis_msgs) StdoutLine: {'line': b'-- Installing: /home/tiema/project/masc_chassis/chassis_ros_ws/install/masc_chassis_msgs/include/masc_chassis_msgs/masc_chassis_msgs/msg\n'}
[133.362110] (masc_chassis_msgs) StdoutLine: {'line': b'-- Installing: /home/tiema/project/masc_chassis/chassis_ros_ws/install/masc_chassis_msgs/include/masc_chassis_msgs/masc_chassis_msgs/msg/bms_status.h\n'}
[133.362257] (masc_chassis_msgs) StdoutLine: {'line': b'-- Installing: /home/tiema/project/masc_chassis/chassis_ros_ws/install/masc_chassis_msgs/include/masc_chassis_msgs/masc_chassis_msgs/msg/drive_motor_status_array.h\n'}
[133.362402] (masc_chassis_msgs) StdoutLine: {'line': b'-- Installing: /home/tiema/project/masc_chassis/chassis_ros_ws/install/masc_chassis_msgs/include/masc_chassis_msgs/masc_chassis_msgs/msg/comm_status.h\n'}
[133.362547] (masc_chassis_msgs) StdoutLine: {'line': b'-- Installing: /home/tiema/project/masc_chassis/chassis_ros_ws/install/masc_chassis_msgs/include/masc_chassis_msgs/masc_chassis_msgs/msg/servo_motor_status_array.h\n'}
[133.362691] (masc_chassis_msgs) StdoutLine: {'line': b'-- Installing: /home/tiema/project/masc_chassis/chassis_ros_ws/install/masc_chassis_msgs/include/masc_chassis_msgs/masc_chassis_msgs/msg/can_frame_stats_array.h\n'}
[133.362865] (masc_chassis_msgs) StdoutLine: {'line': b'-- Installing: /home/tiema/project/masc_chassis/chassis_ros_ws/install/masc_chassis_msgs/include/masc_chassis_msgs/masc_chassis_msgs/msg/rc_status.h\n'}
[133.363014] (masc_chassis_msgs) StdoutLine: {'line': b'-- Installing: /home/tiema/project/masc_chassis/chassis_ros_ws/install/masc_chassis_msgs/include/masc_chassis_msgs/masc_chassis_msgs/msg/drive_motor.h\n'}
[133.363154] (masc_chassis_msgs) StdoutLine: {'line': b'-- Installing: /home/tiema/project/masc_chassis/chassis_ros_ws/install/masc_chassis_msgs/include/masc_chassis_msgs/masc_chassis_msgs/msg/servo_motor_status.h\n'}
[133.363293] (masc_chassis_msgs) StdoutLine: {'line': b'-- Installing: /home/tiema/project/masc_chassis/chassis_ros_ws/install/masc_chassis_msgs/include/masc_chassis_msgs/masc_chassis_msgs/msg/servo_motor_array.h\n'}
[133.363438] (masc_chassis_msgs) StdoutLine: {'line': b'-- Installing: /home/tiema/project/masc_chassis/chassis_ros_ws/install/masc_chassis_msgs/include/masc_chassis_msgs/masc_chassis_msgs/msg/chassis_status.h\n'}
[133.363578] (masc_chassis_msgs) StdoutLine: {'line': b'-- Installing: /home/tiema/project/masc_chassis/chassis_ros_ws/install/masc_chassis_msgs/include/masc_chassis_msgs/masc_chassis_msgs/msg/can_frame_stats.h\n'}
[133.363718] (masc_chassis_msgs) StdoutLine: {'line': b'-- Installing: /home/tiema/project/masc_chassis/chassis_ros_ws/install/masc_chassis_msgs/include/masc_chassis_msgs/masc_chassis_msgs/msg/drive_motor_array.h\n'}
[133.363878] (masc_chassis_msgs) StdoutLine: {'line': b'-- Installing: /home/tiema/project/masc_chassis/chassis_ros_ws/install/masc_chassis_msgs/include/masc_chassis_msgs/masc_chassis_msgs/msg/rosidl_generator_c__visibility_control.h\n'}
[133.364017] (masc_chassis_msgs) StdoutLine: {'line': b'-- Installing: /home/tiema/project/masc_chassis/chassis_ros_ws/install/masc_chassis_msgs/include/masc_chassis_msgs/masc_chassis_msgs/msg/detail\n'}
[133.364207] (masc_chassis_msgs) StdoutLine: {'line': b'-- Installing: /home/tiema/project/masc_chassis/chassis_ros_ws/install/masc_chassis_msgs/include/masc_chassis_msgs/masc_chassis_msgs/msg/detail/drive_motor__type_support.c\n'}
[133.364356] (masc_chassis_msgs) StdoutLine: {'line': b'-- Installing: /home/tiema/project/masc_chassis/chassis_ros_ws/install/masc_chassis_msgs/include/masc_chassis_msgs/masc_chassis_msgs/msg/detail/drive_motor_array__struct.h\n'}
[133.364502] (masc_chassis_msgs) StdoutLine: {'line': b'-- Installing: /home/tiema/project/masc_chassis/chassis_ros_ws/install/masc_chassis_msgs/include/masc_chassis_msgs/masc_chassis_msgs/msg/detail/can_frame_stats__type_support.c\n'}
[133.364649] (masc_chassis_msgs) StdoutLine: {'line': b'-- Installing: /home/tiema/project/masc_chassis/chassis_ros_ws/install/masc_chassis_msgs/include/masc_chassis_msgs/masc_chassis_msgs/msg/detail/can_frame_stats_array__type_support.c\n'}
[133.364806] (masc_chassis_msgs) StdoutLine: {'line': b'-- Installing: /home/tiema/project/masc_chassis/chassis_ros_ws/install/masc_chassis_msgs/include/masc_chassis_msgs/masc_chassis_msgs/msg/detail/bms_status__description.c\n'}
[133.364987] (masc_chassis_msgs) StdoutLine: {'line': b'-- Installing: /home/tiema/project/masc_chassis/chassis_ros_ws/install/masc_chassis_msgs/include/masc_chassis_msgs/masc_chassis_msgs/msg/detail/comm_status__type_support.c\n'}
[133.365127] (masc_chassis_msgs) StdoutLine: {'line': b'-- Installing: /home/tiema/project/masc_chassis/chassis_ros_ws/install/masc_chassis_msgs/include/masc_chassis_msgs/masc_chassis_msgs/msg/detail/drive_motor_status__functions.c\n'}
[133.365288] (masc_chassis_msgs) StdoutLine: {'line': b'-- Installing: /home/tiema/project/masc_chassis/chassis_ros_ws/install/masc_chassis_msgs/include/masc_chassis_msgs/masc_chassis_msgs/msg/detail/chassis_status__description.c\n'}
[133.365458] (masc_chassis_msgs) StdoutLine: {'line': b'-- Installing: /home/tiema/project/masc_chassis/chassis_ros_ws/install/masc_chassis_msgs/include/masc_chassis_msgs/masc_chassis_msgs/msg/detail/servo_motor__functions.h\n'}
[133.365614] (masc_chassis_msgs) StdoutLine: {'line': b'-- Installing: /home/tiema/project/masc_chassis/chassis_ros_ws/install/masc_chassis_msgs/include/masc_chassis_msgs/masc_chassis_msgs/msg/detail/drive_motor__struct.h\n'}
[133.365759] (masc_chassis_msgs) StdoutLine: {'line': b'-- Installing: /home/tiema/project/masc_chassis/chassis_ros_ws/install/masc_chassis_msgs/include/masc_chassis_msgs/masc_chassis_msgs/msg/detail/can_frame_stats_array__type_support.h\n'}
[133.365965] (masc_chassis_msgs) StdoutLine: {'line': b'-- Installing: /home/tiema/project/masc_chassis/chassis_ros_ws/install/masc_chassis_msgs/include/masc_chassis_msgs/masc_chassis_msgs/msg/detail/drive_motor_array__type_support.c\n'}
[133.366114] (masc_chassis_msgs) StdoutLine: {'line': b'-- Installing: /home/tiema/project/masc_chassis/chassis_ros_ws/install/masc_chassis_msgs/include/masc_chassis_msgs/masc_chassis_msgs/msg/detail/drive_motor_status__functions.h\n'}
[133.366274] (masc_chassis_msgs) StdoutLine: {'line': b'-- Installing: /home/tiema/project/masc_chassis/chassis_ros_ws/install/masc_chassis_msgs/include/masc_chassis_msgs/masc_chassis_msgs/msg/detail/chassis_status__type_support.h\n'}
[133.366417] (masc_chassis_msgs) StdoutLine: {'line': b'-- Installing: /home/tiema/project/masc_chassis/chassis_ros_ws/install/masc_chassis_msgs/include/masc_chassis_msgs/masc_chassis_msgs/msg/detail/chassis_status__functions.c\n'}
[133.366578] (masc_chassis_msgs) StdoutLine: {'line': b'-- Installing: /home/tiema/project/masc_chassis/chassis_ros_ws/install/masc_chassis_msgs/include/masc_chassis_msgs/masc_chassis_msgs/msg/detail/comm_status__functions.c\n'}
[133.366742] (masc_chassis_msgs) StdoutLine: {'line': b'-- Installing: /home/tiema/project/masc_chassis/chassis_ros_ws/install/masc_chassis_msgs/include/masc_chassis_msgs/masc_chassis_msgs/msg/detail/servo_motor_array__type_support.c\n'}
[133.366896] (masc_chassis_msgs) StdoutLine: {'line': b'-- Installing: /home/tiema/project/masc_chassis/chassis_ros_ws/install/masc_chassis_msgs/include/masc_chassis_msgs/masc_chassis_msgs/msg/detail/can_frame_stats_array__functions.c\n'}
[133.367056] (masc_chassis_msgs) StdoutLine: {'line': b'-- Installing: /home/tiema/project/masc_chassis/chassis_ros_ws/install/masc_chassis_msgs/include/masc_chassis_msgs/masc_chassis_msgs/msg/detail/drive_motor__functions.c\n'}
[133.367212] (masc_chassis_msgs) StdoutLine: {'line': b'-- Installing: /home/tiema/project/masc_chassis/chassis_ros_ws/install/masc_chassis_msgs/include/masc_chassis_msgs/masc_chassis_msgs/msg/detail/drive_motor__functions.h\n'}
[133.367379] (masc_chassis_msgs) StdoutLine: {'line': b'-- Installing: /home/tiema/project/masc_chassis/chassis_ros_ws/install/masc_chassis_msgs/include/masc_chassis_msgs/masc_chassis_msgs/msg/detail/servo_motor_status_array__struct.h\n'}
[133.367525] (masc_chassis_msgs) StdoutLine: {'line': b'-- Installing: /home/tiema/project/masc_chassis/chassis_ros_ws/install/masc_chassis_msgs/include/masc_chassis_msgs/masc_chassis_msgs/msg/detail/can_frame_stats_array__functions.h\n'}
[133.367685] (masc_chassis_msgs) StdoutLine: {'line': b'-- Installing: /home/tiema/project/masc_chassis/chassis_ros_ws/install/masc_chassis_msgs/include/masc_chassis_msgs/masc_chassis_msgs/msg/detail/bms_status__functions.h\n'}
[133.367842] (masc_chassis_msgs) StdoutLine: {'line': b'-- Installing: /home/tiema/project/masc_chassis/chassis_ros_ws/install/masc_chassis_msgs/include/masc_chassis_msgs/masc_chassis_msgs/msg/detail/servo_motor_status__description.c\n'}
[133.367999] (masc_chassis_msgs) StdoutLine: {'line': b'-- Installing: /home/tiema/project/masc_chassis/chassis_ros_ws/install/masc_chassis_msgs/include/masc_chassis_msgs/masc_chassis_msgs/msg/detail/drive_motor_status__struct.h\n'}
[133.368144] (masc_chassis_msgs) StdoutLine: {'line': b'-- Installing: /home/tiema/project/masc_chassis/chassis_ros_ws/install/masc_chassis_msgs/include/masc_chassis_msgs/masc_chassis_msgs/msg/detail/drive_motor_status_array__description.c\n'}
[133.368291] (masc_chassis_msgs) StdoutLine: {'line': b'-- Installing: /home/tiema/project/masc_chassis/chassis_ros_ws/install/masc_chassis_msgs/include/masc_chassis_msgs/masc_chassis_msgs/msg/detail/can_frame_stats_array__struct.h\n'}
[133.368433] (masc_chassis_msgs) StdoutLine: {'line': b'-- Installing: /home/tiema/project/masc_chassis/chassis_ros_ws/install/masc_chassis_msgs/include/masc_chassis_msgs/masc_chassis_msgs/msg/detail/can_frame_stats__type_support.h\n'}
[133.368579] (masc_chassis_msgs) StdoutLine: {'line': b'-- Installing: /home/tiema/project/masc_chassis/chassis_ros_ws/install/masc_chassis_msgs/include/masc_chassis_msgs/masc_chassis_msgs/msg/detail/drive_motor__description.c\n'}
[133.368727] (masc_chassis_msgs) StdoutLine: {'line': b'-- Installing: /home/tiema/project/masc_chassis/chassis_ros_ws/install/masc_chassis_msgs/include/masc_chassis_msgs/masc_chassis_msgs/msg/detail/can_frame_stats__struct.h\n'}
[133.368878] (masc_chassis_msgs) StdoutLine: {'line': b'-- Installing: /home/tiema/project/masc_chassis/chassis_ros_ws/install/masc_chassis_msgs/include/masc_chassis_msgs/masc_chassis_msgs/msg/detail/servo_motor_status__functions.h\n'}
[133.369041] (masc_chassis_msgs) StdoutLine: {'line': b'-- Installing: /home/tiema/project/masc_chassis/chassis_ros_ws/install/masc_chassis_msgs/include/masc_chassis_msgs/masc_chassis_msgs/msg/detail/comm_status__functions.h\n'}
[133.369197] (masc_chassis_msgs) StdoutLine: {'line': b'-- Installing: /home/tiema/project/masc_chassis/chassis_ros_ws/install/masc_chassis_msgs/include/masc_chassis_msgs/masc_chassis_msgs/msg/detail/can_frame_stats_array__description.c\n'}
[133.369375] (masc_chassis_msgs) StdoutLine: {'line': b'-- Installing: /home/tiema/project/masc_chassis/chassis_ros_ws/install/masc_chassis_msgs/include/masc_chassis_msgs/masc_chassis_msgs/msg/detail/can_frame_stats__description.c\n'}
[133.369532] (masc_chassis_msgs) StdoutLine: {'line': b'-- Installing: /home/tiema/project/masc_chassis/chassis_ros_ws/install/masc_chassis_msgs/include/masc_chassis_msgs/masc_chassis_msgs/msg/detail/servo_motor_array__struct.h\n'}
[133.369727] (masc_chassis_msgs) StdoutLine: {'line': b'-- Installing: /home/tiema/project/masc_chassis/chassis_ros_ws/install/masc_chassis_msgs/include/masc_chassis_msgs/masc_chassis_msgs/msg/detail/servo_motor_status_array__type_support.h\n'}
[133.369932] (masc_chassis_msgs) StdoutLine: {'line': b'-- Installing: /home/tiema/project/masc_chassis/chassis_ros_ws/install/masc_chassis_msgs/include/masc_chassis_msgs/masc_chassis_msgs/msg/detail/servo_motor_status__struct.h\n'}
[133.370061] (masc_chassis_msgs) StdoutLine: {'line': b'-- Installing: /home/tiema/project/masc_chassis/chassis_ros_ws/install/masc_chassis_msgs/include/masc_chassis_msgs/masc_chassis_msgs/msg/detail/rc_status__type_support.c\n'}
[133.370175] (masc_chassis_msgs) StdoutLine: {'line': b'-- Installing: /home/tiema/project/masc_chassis/chassis_ros_ws/install/masc_chassis_msgs/include/masc_chassis_msgs/masc_chassis_msgs/msg/detail/comm_status__type_support.h\n'}
[133.370290] (masc_chassis_msgs) StdoutLine: {'line': b'-- Installing: /home/tiema/project/masc_chassis/chassis_ros_ws/install/masc_chassis_msgs/include/masc_chassis_msgs/masc_chassis_msgs/msg/detail/drive_motor_array__functions.h\n'}
[133.370451] (masc_chassis_msgs) StdoutLine: {'line': b'-- Installing: /home/tiema/project/masc_chassis/chassis_ros_ws/install/masc_chassis_msgs/include/masc_chassis_msgs/masc_chassis_msgs/msg/detail/servo_motor_array__functions.c\n'}
[133.370613] (masc_chassis_msgs) StdoutLine: {'line': b'-- Installing: /home/tiema/project/masc_chassis/chassis_ros_ws/install/masc_chassis_msgs/include/masc_chassis_msgs/masc_chassis_msgs/msg/detail/comm_status__description.c\n'}
[133.370792] (masc_chassis_msgs) StdoutLine: {'line': b'-- Installing: /home/tiema/project/masc_chassis/chassis_ros_ws/install/masc_chassis_msgs/include/masc_chassis_msgs/masc_chassis_msgs/msg/detail/rc_status__functions.c\n'}
[133.370990] (masc_chassis_msgs) StdoutLine: {'line': b'-- Installing: /home/tiema/project/masc_chassis/chassis_ros_ws/install/masc_chassis_msgs/include/masc_chassis_msgs/masc_chassis_msgs/msg/detail/drive_motor_status_array__type_support.c\n'}
[133.371134] (masc_chassis_msgs) StdoutLine: {'line': b'-- Installing: /home/tiema/project/masc_chassis/chassis_ros_ws/install/masc_chassis_msgs/include/masc_chassis_msgs/masc_chassis_msgs/msg/detail/rc_status__struct.h\n'}
[133.371280] (masc_chassis_msgs) StdoutLine: {'line': b'-- Installing: /home/tiema/project/masc_chassis/chassis_ros_ws/install/masc_chassis_msgs/include/masc_chassis_msgs/masc_chassis_msgs/msg/detail/servo_motor_status__functions.c\n'}
[133.371445] (masc_chassis_msgs) StdoutLine: {'line': b'-- Installing: /home/tiema/project/masc_chassis/chassis_ros_ws/install/masc_chassis_msgs/include/masc_chassis_msgs/masc_chassis_msgs/msg/detail/servo_motor_status_array__functions.c\n'}
[133.371608] (masc_chassis_msgs) StdoutLine: {'line': b'-- Installing: /home/tiema/project/masc_chassis/chassis_ros_ws/install/masc_chassis_msgs/include/masc_chassis_msgs/masc_chassis_msgs/msg/detail/servo_motor__functions.c\n'}
[133.371773] (masc_chassis_msgs) StdoutLine: {'line': b'-- Installing: /home/tiema/project/masc_chassis/chassis_ros_ws/install/masc_chassis_msgs/include/masc_chassis_msgs/masc_chassis_msgs/msg/detail/drive_motor_status__type_support.c\n'}
[133.371936] (masc_chassis_msgs) StdoutLine: {'line': b'-- Installing: /home/tiema/project/masc_chassis/chassis_ros_ws/install/masc_chassis_msgs/include/masc_chassis_msgs/masc_chassis_msgs/msg/detail/drive_motor_array__functions.c\n'}
[133.372097] (masc_chassis_msgs) StdoutLine: {'line': b'-- Installing: /home/tiema/project/masc_chassis/chassis_ros_ws/install/masc_chassis_msgs/include/masc_chassis_msgs/masc_chassis_msgs/msg/detail/bms_status__type_support.h\n'}
[133.372243] (masc_chassis_msgs) StdoutLine: {'line': b'-- Installing: /home/tiema/project/masc_chassis/chassis_ros_ws/install/masc_chassis_msgs/include/masc_chassis_msgs/masc_chassis_msgs/msg/detail/servo_motor_status__type_support.h\n'}
[133.372389] (masc_chassis_msgs) StdoutLine: {'line': b'-- Installing: /home/tiema/project/masc_chassis/chassis_ros_ws/install/masc_chassis_msgs/include/masc_chassis_msgs/masc_chassis_msgs/msg/detail/servo_motor_array__description.c\n'}
[133.372540] (masc_chassis_msgs) StdoutLine: {'line': b'-- Installing: /home/tiema/project/masc_chassis/chassis_ros_ws/install/masc_chassis_msgs/include/masc_chassis_msgs/masc_chassis_msgs/msg/detail/chassis_status__functions.h\n'}
[133.372704] (masc_chassis_msgs) StdoutLine: {'line': b'-- Installing: /home/tiema/project/masc_chassis/chassis_ros_ws/install/masc_chassis_msgs/include/masc_chassis_msgs/masc_chassis_msgs/msg/detail/bms_status__struct.h\n'}
[133.372859] (masc_chassis_msgs) StdoutLine: {'line': b'-- Installing: /home/tiema/project/masc_chassis/chassis_ros_ws/install/masc_chassis_msgs/include/masc_chassis_msgs/masc_chassis_msgs/msg/detail/rc_status__description.c\n'}
[133.373015] (masc_chassis_msgs) StdoutLine: {'line': b'-- Installing: /home/tiema/project/masc_chassis/chassis_ros_ws/install/masc_chassis_msgs/include/masc_chassis_msgs/masc_chassis_msgs/msg/detail/drive_motor_status__type_support.h\n'}
[133.373171] (masc_chassis_msgs) StdoutLine: {'line': b'-- Installing: /home/tiema/project/masc_chassis/chassis_ros_ws/install/masc_chassis_msgs/include/masc_chassis_msgs/masc_chassis_msgs/msg/detail/drive_motor_array__type_support.h\n'}
[133.373325] (masc_chassis_msgs) StdoutLine: {'line': b'-- Installing: /home/tiema/project/masc_chassis/chassis_ros_ws/install/masc_chassis_msgs/include/masc_chassis_msgs/masc_chassis_msgs/msg/detail/bms_status__type_support.c\n'}
[133.373470] (masc_chassis_msgs) StdoutLine: {'line': b'-- Installing: /home/tiema/project/masc_chassis/chassis_ros_ws/install/masc_chassis_msgs/include/masc_chassis_msgs/masc_chassis_msgs/msg/detail/servo_motor_array__functions.h\n'}
[133.373631] (masc_chassis_msgs) StdoutLine: {'line': b'-- Installing: /home/tiema/project/masc_chassis/chassis_ros_ws/install/masc_chassis_msgs/include/masc_chassis_msgs/masc_chassis_msgs/msg/detail/rc_status__functions.h\n'}
[133.373789] (masc_chassis_msgs) StdoutLine: {'line': b'-- Installing: /home/tiema/project/masc_chassis/chassis_ros_ws/install/masc_chassis_msgs/include/masc_chassis_msgs/masc_chassis_msgs/msg/detail/servo_motor__type_support.c\n'}
[133.373946] (masc_chassis_msgs) StdoutLine: {'line': b'-- Installing: /home/tiema/project/masc_chassis/chassis_ros_ws/install/masc_chassis_msgs/include/masc_chassis_msgs/masc_chassis_msgs/msg/detail/can_frame_stats__functions.c\n'}
[133.374107] (masc_chassis_msgs) StdoutLine: {'line': b'-- Installing: /home/tiema/project/masc_chassis/chassis_ros_ws/install/masc_chassis_msgs/include/masc_chassis_msgs/masc_chassis_msgs/msg/detail/servo_motor_status_array__functions.h\n'}
[133.374267] (masc_chassis_msgs) StdoutLine: {'line': b'-- Installing: /home/tiema/project/masc_chassis/chassis_ros_ws/install/masc_chassis_msgs/include/masc_chassis_msgs/masc_chassis_msgs/msg/detail/rc_status__type_support.h\n'}
[133.374413] (masc_chassis_msgs) StdoutLine: {'line': b'-- Installing: /home/tiema/project/masc_chassis/chassis_ros_ws/install/masc_chassis_msgs/include/masc_chassis_msgs/masc_chassis_msgs/msg/detail/drive_motor__type_support.h\n'}
[133.374564] (masc_chassis_msgs) StdoutLine: {'line': b'-- Installing: /home/tiema/project/masc_chassis/chassis_ros_ws/install/masc_chassis_msgs/include/masc_chassis_msgs/masc_chassis_msgs/msg/detail/drive_motor_status_array__struct.h\n'}
[133.374713] (masc_chassis_msgs) StdoutLine: {'line': b'-- Installing: /home/tiema/project/masc_chassis/chassis_ros_ws/install/masc_chassis_msgs/include/masc_chassis_msgs/masc_chassis_msgs/msg/detail/chassis_status__type_support.c\n'}
[133.374868] (masc_chassis_msgs) StdoutLine: {'line': b'-- Installing: /home/tiema/project/masc_chassis/chassis_ros_ws/install/masc_chassis_msgs/include/masc_chassis_msgs/masc_chassis_msgs/msg/detail/servo_motor_array__type_support.h\n'}
[133.375029] (masc_chassis_msgs) StdoutLine: {'line': b'-- Installing: /home/tiema/project/masc_chassis/chassis_ros_ws/install/masc_chassis_msgs/include/masc_chassis_msgs/masc_chassis_msgs/msg/detail/drive_motor_status_array__functions.h\n'}
[133.375202] (masc_chassis_msgs) StdoutLine: {'line': b'-- Installing: /home/tiema/project/masc_chassis/chassis_ros_ws/install/masc_chassis_msgs/include/masc_chassis_msgs/masc_chassis_msgs/msg/detail/can_frame_stats__functions.h\n'}
[133.375365] (masc_chassis_msgs) StdoutLine: {'line': b'-- Installing: /home/tiema/project/masc_chassis/chassis_ros_ws/install/masc_chassis_msgs/include/masc_chassis_msgs/masc_chassis_msgs/msg/detail/servo_motor__description.c\n'}
[133.375519] (masc_chassis_msgs) StdoutLine: {'line': b'-- Installing: /home/tiema/project/masc_chassis/chassis_ros_ws/install/masc_chassis_msgs/include/masc_chassis_msgs/masc_chassis_msgs/msg/detail/drive_motor_status_array__functions.c\n'}
[133.375685] (masc_chassis_msgs) StdoutLine: {'line': b'-- Installing: /home/tiema/project/masc_chassis/chassis_ros_ws/install/masc_chassis_msgs/include/masc_chassis_msgs/masc_chassis_msgs/msg/detail/servo_motor__type_support.h\n'}
[133.375888] (masc_chassis_msgs) StdoutLine: {'line': b'-- Installing: /home/tiema/project/masc_chassis/chassis_ros_ws/install/masc_chassis_msgs/include/masc_chassis_msgs/masc_chassis_msgs/msg/detail/servo_motor_status_array__type_support.c\n'}
[133.376065] (masc_chassis_msgs) StdoutLine: {'line': b'-- Installing: /home/tiema/project/masc_chassis/chassis_ros_ws/install/masc_chassis_msgs/include/masc_chassis_msgs/masc_chassis_msgs/msg/detail/drive_motor_status_array__type_support.h\n'}
[133.376219] (masc_chassis_msgs) StdoutLine: {'line': b'-- Installing: /home/tiema/project/masc_chassis/chassis_ros_ws/install/masc_chassis_msgs/include/masc_chassis_msgs/masc_chassis_msgs/msg/detail/servo_motor__struct.h\n'}
[133.376381] (masc_chassis_msgs) StdoutLine: {'line': b'-- Installing: /home/tiema/project/masc_chassis/chassis_ros_ws/install/masc_chassis_msgs/include/masc_chassis_msgs/masc_chassis_msgs/msg/detail/comm_status__struct.h\n'}
[133.376501] (masc_chassis_msgs) StdoutLine: {'line': b'-- Installing: /home/tiema/project/masc_chassis/chassis_ros_ws/install/masc_chassis_msgs/include/masc_chassis_msgs/masc_chassis_msgs/msg/detail/servo_motor_status__type_support.c\n'}
[133.376646] (masc_chassis_msgs) StdoutLine: {'line': b'-- Installing: /home/tiema/project/masc_chassis/chassis_ros_ws/install/masc_chassis_msgs/include/masc_chassis_msgs/masc_chassis_msgs/msg/detail/drive_motor_status__description.c\n'}
[133.376838] (masc_chassis_msgs) StdoutLine: {'line': b'-- Installing: /home/tiema/project/masc_chassis/chassis_ros_ws/install/masc_chassis_msgs/include/masc_chassis_msgs/masc_chassis_msgs/msg/detail/drive_motor_array__description.c\n'}
[133.377003] (masc_chassis_msgs) StdoutLine: {'line': b'-- Installing: /home/tiema/project/masc_chassis/chassis_ros_ws/install/masc_chassis_msgs/include/masc_chassis_msgs/masc_chassis_msgs/msg/detail/chassis_status__struct.h\n'}
[133.377163] (masc_chassis_msgs) StdoutLine: {'line': b'-- Installing: /home/tiema/project/masc_chassis/chassis_ros_ws/install/masc_chassis_msgs/include/masc_chassis_msgs/masc_chassis_msgs/msg/detail/bms_status__functions.c\n'}
[133.377338] (masc_chassis_msgs) StdoutLine: {'line': b'-- Installing: /home/tiema/project/masc_chassis/chassis_ros_ws/install/masc_chassis_msgs/include/masc_chassis_msgs/masc_chassis_msgs/msg/detail/servo_motor_status_array__description.c\n'}
[133.377509] (masc_chassis_msgs) StdoutLine: {'line': b'-- Installing: /home/tiema/project/masc_chassis/chassis_ros_ws/install/masc_chassis_msgs/include/masc_chassis_msgs/masc_chassis_msgs/msg/drive_motor_status.h\n'}
[133.377746] (masc_chassis_msgs) StdoutLine: {'line': b'-- Installing: /home/tiema/project/masc_chassis/chassis_ros_ws/install/masc_chassis_msgs/include/masc_chassis_msgs/masc_chassis_msgs/msg/servo_motor.h\n'}
[133.377884] (masc_chassis_msgs) StdoutLine: {'line': b'-- Installing: /home/tiema/project/masc_chassis/chassis_ros_ws/install/masc_chassis_msgs/include/masc_chassis_msgs/masc_chassis_msgs/srv\n'}
[133.378000] (masc_chassis_msgs) StdoutLine: {'line': b'-- Installing: /home/tiema/project/masc_chassis/chassis_ros_ws/install/masc_chassis_msgs/include/masc_chassis_msgs/masc_chassis_msgs/srv/clear_fault.h\n'}
[133.378148] (masc_chassis_msgs) StdoutLine: {'line': b'-- Installing: /home/tiema/project/masc_chassis/chassis_ros_ws/install/masc_chassis_msgs/include/masc_chassis_msgs/masc_chassis_msgs/srv/calibrate_servo.h\n'}
[133.378288] (masc_chassis_msgs) StdoutLine: {'line': b'-- Installing: /home/tiema/project/masc_chassis/chassis_ros_ws/install/masc_chassis_msgs/include/masc_chassis_msgs/masc_chassis_msgs/srv/set_motion_mode.h\n'}
[133.378434] (masc_chassis_msgs) StdoutLine: {'line': b'-- Installing: /home/tiema/project/masc_chassis/chassis_ros_ws/install/masc_chassis_msgs/include/masc_chassis_msgs/masc_chassis_msgs/srv/detail\n'}
[133.378560] (masc_chassis_msgs) StdoutLine: {'line': b'-- Installing: /home/tiema/project/masc_chassis/chassis_ros_ws/install/masc_chassis_msgs/include/masc_chassis_msgs/masc_chassis_msgs/srv/detail/calibrate_servo__description.c\n'}
[133.378743] (masc_chassis_msgs) StdoutLine: {'line': b'-- Installing: /home/tiema/project/masc_chassis/chassis_ros_ws/install/masc_chassis_msgs/include/masc_chassis_msgs/masc_chassis_msgs/srv/detail/set_tow_mode__functions.c\n'}
[133.378933] (masc_chassis_msgs) StdoutLine: {'line': b'-- Installing: /home/tiema/project/masc_chassis/chassis_ros_ws/install/masc_chassis_msgs/include/masc_chassis_msgs/masc_chassis_msgs/srv/detail/clear_fault__functions.h\n'}
[133.379130] (masc_chassis_msgs) StdoutLine: {'line': b'-- Installing: /home/tiema/project/masc_chassis/chassis_ros_ws/install/masc_chassis_msgs/include/masc_chassis_msgs/masc_chassis_msgs/srv/detail/clear_fault__type_support.h\n'}
[133.379273] (masc_chassis_msgs) StdoutLine: {'line': b'-- Installing: /home/tiema/project/masc_chassis/chassis_ros_ws/install/masc_chassis_msgs/include/masc_chassis_msgs/masc_chassis_msgs/srv/detail/calibrate_servo__type_support.h\n'}
[133.379414] (masc_chassis_msgs) StdoutLine: {'line': b'-- Installing: /home/tiema/project/masc_chassis/chassis_ros_ws/install/masc_chassis_msgs/include/masc_chassis_msgs/masc_chassis_msgs/srv/detail/set_tow_mode__description.c\n'}
[133.379584] (masc_chassis_msgs) StdoutLine: {'line': b'-- Installing: /home/tiema/project/masc_chassis/chassis_ros_ws/install/masc_chassis_msgs/include/masc_chassis_msgs/masc_chassis_msgs/srv/detail/calibrate_servo__struct.h\n'}
[133.379725] (masc_chassis_msgs) StdoutLine: {'line': b'-- Installing: /home/tiema/project/masc_chassis/chassis_ros_ws/install/masc_chassis_msgs/include/masc_chassis_msgs/masc_chassis_msgs/srv/detail/clear_fault__description.c\n'}
[133.379935] (masc_chassis_msgs) StdoutLine: {'line': b'-- Installing: /home/tiema/project/masc_chassis/chassis_ros_ws/install/masc_chassis_msgs/include/masc_chassis_msgs/masc_chassis_msgs/srv/detail/calibrate_servo__type_support.c\n'}
[133.380074] (masc_chassis_msgs) StdoutLine: {'line': b'-- Installing: /home/tiema/project/masc_chassis/chassis_ros_ws/install/masc_chassis_msgs/include/masc_chassis_msgs/masc_chassis_msgs/srv/detail/set_tow_mode__type_support.h\n'}
[133.380207] (masc_chassis_msgs) StdoutLine: {'line': b'-- Installing: /home/tiema/project/masc_chassis/chassis_ros_ws/install/masc_chassis_msgs/include/masc_chassis_msgs/masc_chassis_msgs/srv/detail/set_motion_mode__type_support.c\n'}
[133.380347] (masc_chassis_msgs) StdoutLine: {'line': b'-- Installing: /home/tiema/project/masc_chassis/chassis_ros_ws/install/masc_chassis_msgs/include/masc_chassis_msgs/masc_chassis_msgs/srv/detail/calibrate_servo__functions.h\n'}
[133.380531] (masc_chassis_msgs) StdoutLine: {'line': b'-- Installing: /home/tiema/project/masc_chassis/chassis_ros_ws/install/masc_chassis_msgs/include/masc_chassis_msgs/masc_chassis_msgs/srv/detail/set_motion_mode__functions.c\n'}
[133.380724] (masc_chassis_msgs) StdoutLine: {'line': b'-- Installing: /home/tiema/project/masc_chassis/chassis_ros_ws/install/masc_chassis_msgs/include/masc_chassis_msgs/masc_chassis_msgs/srv/detail/set_tow_mode__type_support.c\n'}
[133.380892] (masc_chassis_msgs) StdoutLine: {'line': b'-- Installing: /home/tiema/project/masc_chassis/chassis_ros_ws/install/masc_chassis_msgs/include/masc_chassis_msgs/masc_chassis_msgs/srv/detail/set_motion_mode__description.c\n'}
[133.381056] (masc_chassis_msgs) StdoutLine: {'line': b'-- Installing: /home/tiema/project/masc_chassis/chassis_ros_ws/install/masc_chassis_msgs/include/masc_chassis_msgs/masc_chassis_msgs/srv/detail/set_tow_mode__struct.h\n'}
[133.381199] (masc_chassis_msgs) StdoutLine: {'line': b'-- Installing: /home/tiema/project/masc_chassis/chassis_ros_ws/install/masc_chassis_msgs/include/masc_chassis_msgs/masc_chassis_msgs/srv/detail/clear_fault__struct.h\n'}
[133.381348] (masc_chassis_msgs) StdoutLine: {'line': b'-- Installing: /home/tiema/project/masc_chassis/chassis_ros_ws/install/masc_chassis_msgs/include/masc_chassis_msgs/masc_chassis_msgs/srv/detail/set_tow_mode__functions.h\n'}
[133.381535] (masc_chassis_msgs) StdoutLine: {'line': b'-- Installing: /home/tiema/project/masc_chassis/chassis_ros_ws/install/masc_chassis_msgs/include/masc_chassis_msgs/masc_chassis_msgs/srv/detail/clear_fault__type_support.c\n'}
[133.381676] (masc_chassis_msgs) StdoutLine: {'line': b'-- Installing: /home/tiema/project/masc_chassis/chassis_ros_ws/install/masc_chassis_msgs/include/masc_chassis_msgs/masc_chassis_msgs/srv/detail/calibrate_servo__functions.c\n'}
[133.381862] (masc_chassis_msgs) StdoutLine: {'line': b'-- Installing: /home/tiema/project/masc_chassis/chassis_ros_ws/install/masc_chassis_msgs/include/masc_chassis_msgs/masc_chassis_msgs/srv/detail/clear_fault__functions.c\n'}
[133.382044] (masc_chassis_msgs) StdoutLine: {'line': b'-- Installing: /home/tiema/project/masc_chassis/chassis_ros_ws/install/masc_chassis_msgs/include/masc_chassis_msgs/masc_chassis_msgs/srv/detail/set_motion_mode__functions.h\n'}
[133.382226] (masc_chassis_msgs) StdoutLine: {'line': b'-- Installing: /home/tiema/project/masc_chassis/chassis_ros_ws/install/masc_chassis_msgs/include/masc_chassis_msgs/masc_chassis_msgs/srv/detail/set_motion_mode__struct.h\n'}
[133.382373] (masc_chassis_msgs) StdoutLine: {'line': b'-- Installing: /home/tiema/project/masc_chassis/chassis_ros_ws/install/masc_chassis_msgs/include/masc_chassis_msgs/masc_chassis_msgs/srv/detail/set_motion_mode__type_support.h\n'}
[133.382518] (masc_chassis_msgs) StdoutLine: {'line': b'-- Installing: /home/tiema/project/masc_chassis/chassis_ros_ws/install/masc_chassis_msgs/include/masc_chassis_msgs/masc_chassis_msgs/srv/set_tow_mode.h\n'}
[133.382878] (masc_chassis_msgs) StdoutLine: {'line': b'-- Installing: /home/tiema/project/masc_chassis/chassis_ros_ws/install/masc_chassis_msgs/share/masc_chassis_msgs/environment/library_path.sh\n'}
[133.383151] (masc_chassis_msgs) StdoutLine: {'line': b'-- Installing: /home/tiema/project/masc_chassis/chassis_ros_ws/install/masc_chassis_msgs/share/masc_chassis_msgs/environment/library_path.dsv\n'}
[133.383458] (masc_chassis_msgs) StdoutLine: {'line': b'-- Installing: /home/tiema/project/masc_chassis/chassis_ros_ws/install/masc_chassis_msgs/lib/libmasc_chassis_msgs__rosidl_generator_c.so\n'}
[133.383834] (-) TimerEvent: {}
[133.385013] (masc_chassis_msgs) StdoutLine: {'line': b'-- Set non-toolchain portion of runtime path of "/home/tiema/project/masc_chassis/chassis_ros_ws/install/masc_chassis_msgs/lib/libmasc_chassis_msgs__rosidl_generator_c.so" to ""\n'}
[133.385253] (masc_chassis_msgs) StdoutLine: {'line': b'-- Up-to-date: /home/tiema/project/masc_chassis/chassis_ros_ws/install/masc_chassis_msgs/include/masc_chassis_msgs/masc_chassis_msgs\n'}
[133.385364] (masc_chassis_msgs) StdoutLine: {'line': b'-- Up-to-date: /home/tiema/project/masc_chassis/chassis_ros_ws/install/masc_chassis_msgs/include/masc_chassis_msgs/masc_chassis_msgs/msg\n'}
[133.385458] (masc_chassis_msgs) StdoutLine: {'line': b'-- Installing: /home/tiema/project/masc_chassis/chassis_ros_ws/install/masc_chassis_msgs/include/masc_chassis_msgs/masc_chassis_msgs/msg/rosidl_typesupport_fastrtps_c__visibility_control.h\n'}
[133.385590] (masc_chassis_msgs) StdoutLine: {'line': b'-- Up-to-date: /home/tiema/project/masc_chassis/chassis_ros_ws/install/masc_chassis_msgs/include/masc_chassis_msgs/masc_chassis_msgs/msg/detail\n'}
[133.385695] (masc_chassis_msgs) StdoutLine: {'line': b'-- Installing: /home/tiema/project/masc_chassis/chassis_ros_ws/install/masc_chassis_msgs/include/masc_chassis_msgs/masc_chassis_msgs/msg/detail/rc_status__rosidl_typesupport_fastrtps_c.h\n'}
[133.385977] (masc_chassis_msgs) StdoutLine: {'line': b'-- Installing: /home/tiema/project/masc_chassis/chassis_ros_ws/install/masc_chassis_msgs/include/masc_chassis_msgs/masc_chassis_msgs/msg/detail/drive_motor_status_array__rosidl_typesupport_fastrtps_c.h\n'}
[133.386110] (masc_chassis_msgs) StdoutLine: {'line': b'-- Installing: /home/tiema/project/masc_chassis/chassis_ros_ws/install/masc_chassis_msgs/include/masc_chassis_msgs/masc_chassis_msgs/msg/detail/drive_motor_status__rosidl_typesupport_fastrtps_c.h\n'}
[133.386250] (masc_chassis_msgs) StdoutLine: {'line': b'-- Installing: /home/tiema/project/masc_chassis/chassis_ros_ws/install/masc_chassis_msgs/include/masc_chassis_msgs/masc_chassis_msgs/msg/detail/servo_motor_array__rosidl_typesupport_fastrtps_c.h\n'}
[133.386407] (masc_chassis_msgs) StdoutLine: {'line': b'-- Installing: /home/tiema/project/masc_chassis/chassis_ros_ws/install/masc_chassis_msgs/include/masc_chassis_msgs/masc_chassis_msgs/msg/detail/can_frame_stats__rosidl_typesupport_fastrtps_c.h\n'}
[133.386542] (masc_chassis_msgs) StdoutLine: {'line': b'-- Installing: /home/tiema/project/masc_chassis/chassis_ros_ws/install/masc_chassis_msgs/include/masc_chassis_msgs/masc_chassis_msgs/msg/detail/bms_status__rosidl_typesupport_fastrtps_c.h\n'}
[133.386631] (masc_chassis_msgs) StdoutLine: {'line': b'-- Installing: /home/tiema/project/masc_chassis/chassis_ros_ws/install/masc_chassis_msgs/include/masc_chassis_msgs/masc_chassis_msgs/msg/detail/servo_motor__rosidl_typesupport_fastrtps_c.h\n'}
[133.386745] (masc_chassis_msgs) StdoutLine: {'line': b'-- Installing: /home/tiema/project/masc_chassis/chassis_ros_ws/install/masc_chassis_msgs/include/masc_chassis_msgs/masc_chassis_msgs/msg/detail/servo_motor_status_array__rosidl_typesupport_fastrtps_c.h\n'}
[133.386865] (masc_chassis_msgs) StdoutLine: {'line': b'-- Installing: /home/tiema/project/masc_chassis/chassis_ros_ws/install/masc_chassis_msgs/include/masc_chassis_msgs/masc_chassis_msgs/msg/detail/can_frame_stats_array__rosidl_typesupport_fastrtps_c.h\n'}
[133.386973] (masc_chassis_msgs) StdoutLine: {'line': b'-- Installing: /home/tiema/project/masc_chassis/chassis_ros_ws/install/masc_chassis_msgs/include/masc_chassis_msgs/masc_chassis_msgs/msg/detail/drive_motor__rosidl_typesupport_fastrtps_c.h\n'}
[133.387092] (masc_chassis_msgs) StdoutLine: {'line': b'-- Installing: /home/tiema/project/masc_chassis/chassis_ros_ws/install/masc_chassis_msgs/include/masc_chassis_msgs/masc_chassis_msgs/msg/detail/comm_status__rosidl_typesupport_fastrtps_c.h\n'}
[133.387257] (masc_chassis_msgs) StdoutLine: {'line': b'-- Installing: /home/tiema/project/masc_chassis/chassis_ros_ws/install/masc_chassis_msgs/include/masc_chassis_msgs/masc_chassis_msgs/msg/detail/drive_motor_array__rosidl_typesupport_fastrtps_c.h\n'}
[133.387417] (masc_chassis_msgs) StdoutLine: {'line': b'-- Installing: /home/tiema/project/masc_chassis/chassis_ros_ws/install/masc_chassis_msgs/include/masc_chassis_msgs/masc_chassis_msgs/msg/detail/servo_motor_status__rosidl_typesupport_fastrtps_c.h\n'}
[133.387577] (masc_chassis_msgs) StdoutLine: {'line': b'-- Installing: /home/tiema/project/masc_chassis/chassis_ros_ws/install/masc_chassis_msgs/include/masc_chassis_msgs/masc_chassis_msgs/msg/detail/chassis_status__rosidl_typesupport_fastrtps_c.h\n'}
[133.387820] (masc_chassis_msgs) StdoutLine: {'line': b'-- Up-to-date: /home/tiema/project/masc_chassis/chassis_ros_ws/install/masc_chassis_msgs/include/masc_chassis_msgs/masc_chassis_msgs/srv\n'}
[133.387935] (masc_chassis_msgs) StdoutLine: {'line': b'-- Up-to-date: /home/tiema/project/masc_chassis/chassis_ros_ws/install/masc_chassis_msgs/include/masc_chassis_msgs/masc_chassis_msgs/srv/detail\n'}
[133.388053] (masc_chassis_msgs) StdoutLine: {'line': b'-- Installing: /home/tiema/project/masc_chassis/chassis_ros_ws/install/masc_chassis_msgs/include/masc_chassis_msgs/masc_chassis_msgs/srv/detail/set_tow_mode__rosidl_typesupport_fastrtps_c.h\n'}
[133.388167] (masc_chassis_msgs) StdoutLine: {'line': b'-- Installing: /home/tiema/project/masc_chassis/chassis_ros_ws/install/masc_chassis_msgs/include/masc_chassis_msgs/masc_chassis_msgs/srv/detail/calibrate_servo__rosidl_typesupport_fastrtps_c.h\n'}
[133.388276] (masc_chassis_msgs) StdoutLine: {'line': b'-- Installing: /home/tiema/project/masc_chassis/chassis_ros_ws/install/masc_chassis_msgs/include/masc_chassis_msgs/masc_chassis_msgs/srv/detail/set_motion_mode__rosidl_typesupport_fastrtps_c.h\n'}
[133.388434] (masc_chassis_msgs) StdoutLine: {'line': b'-- Installing: /home/tiema/project/masc_chassis/chassis_ros_ws/install/masc_chassis_msgs/include/masc_chassis_msgs/masc_chassis_msgs/srv/detail/clear_fault__rosidl_typesupport_fastrtps_c.h\n'}
[133.388702] (masc_chassis_msgs) StdoutLine: {'line': b'-- Installing: /home/tiema/project/masc_chassis/chassis_ros_ws/install/masc_chassis_msgs/lib/libmasc_chassis_msgs__rosidl_typesupport_fastrtps_c.so\n'}
[133.390192] (masc_chassis_msgs) StdoutLine: {'line': b'-- Set non-toolchain portion of runtime path of "/home/tiema/project/masc_chassis/chassis_ros_ws/install/masc_chassis_msgs/lib/libmasc_chassis_msgs__rosidl_typesupport_fastrtps_c.so" to ""\n'}
[133.390425] (masc_chassis_msgs) StdoutLine: {'line': b'-- Up-to-date: /home/tiema/project/masc_chassis/chassis_ros_ws/install/masc_chassis_msgs/include/masc_chassis_msgs/masc_chassis_msgs\n'}
[133.390541] (masc_chassis_msgs) StdoutLine: {'line': b'-- Up-to-date: /home/tiema/project/masc_chassis/chassis_ros_ws/install/masc_chassis_msgs/include/masc_chassis_msgs/masc_chassis_msgs/msg\n'}
[133.390852] (masc_chassis_msgs) StdoutLine: {'line': b'-- Installing: /home/tiema/project/masc_chassis/chassis_ros_ws/install/masc_chassis_msgs/include/masc_chassis_msgs/masc_chassis_msgs/msg/rosidl_typesupport_introspection_c__visibility_control.h\n'}
[133.391126] (masc_chassis_msgs) StdoutLine: {'line': b'-- Up-to-date: /home/tiema/project/masc_chassis/chassis_ros_ws/install/masc_chassis_msgs/include/masc_chassis_msgs/masc_chassis_msgs/msg/detail\n'}
[133.391233] (masc_chassis_msgs) StdoutLine: {'line': b'-- Installing: /home/tiema/project/masc_chassis/chassis_ros_ws/install/masc_chassis_msgs/include/masc_chassis_msgs/masc_chassis_msgs/msg/detail/drive_motor__type_support.c\n'}
[133.391327] (masc_chassis_msgs) StdoutLine: {'line': b'-- Installing: /home/tiema/project/masc_chassis/chassis_ros_ws/install/masc_chassis_msgs/include/masc_chassis_msgs/masc_chassis_msgs/msg/detail/can_frame_stats__type_support.c\n'}
[133.391417] (masc_chassis_msgs) StdoutLine: {'line': b'-- Installing: /home/tiema/project/masc_chassis/chassis_ros_ws/install/masc_chassis_msgs/include/masc_chassis_msgs/masc_chassis_msgs/msg/detail/can_frame_stats_array__type_support.c\n'}
[133.391554] (masc_chassis_msgs) StdoutLine: {'line': b'-- Installing: /home/tiema/project/masc_chassis/chassis_ros_ws/install/masc_chassis_msgs/include/masc_chassis_msgs/masc_chassis_msgs/msg/detail/comm_status__type_support.c\n'}
[133.391643] (masc_chassis_msgs) StdoutLine: {'line': b'-- Installing: /home/tiema/project/masc_chassis/chassis_ros_ws/install/masc_chassis_msgs/include/masc_chassis_msgs/masc_chassis_msgs/msg/detail/drive_motor_status_array__rosidl_typesupport_introspection_c.h\n'}
[133.391749] (masc_chassis_msgs) StdoutLine: {'line': b'-- Installing: /home/tiema/project/masc_chassis/chassis_ros_ws/install/masc_chassis_msgs/include/masc_chassis_msgs/masc_chassis_msgs/msg/detail/drive_motor_array__type_support.c\n'}
[133.391883] (masc_chassis_msgs) StdoutLine: {'line': b'-- Installing: /home/tiema/project/masc_chassis/chassis_ros_ws/install/masc_chassis_msgs/include/masc_chassis_msgs/masc_chassis_msgs/msg/detail/can_frame_stats_array__rosidl_typesupport_introspection_c.h\n'}
[133.392002] (masc_chassis_msgs) StdoutLine: {'line': b'-- Installing: /home/tiema/project/masc_chassis/chassis_ros_ws/install/masc_chassis_msgs/include/masc_chassis_msgs/masc_chassis_msgs/msg/detail/drive_motor_array__rosidl_typesupport_introspection_c.h\n'}
[133.392121] (masc_chassis_msgs) StdoutLine: {'line': b'-- Installing: /home/tiema/project/masc_chassis/chassis_ros_ws/install/masc_chassis_msgs/include/masc_chassis_msgs/masc_chassis_msgs/msg/detail/servo_motor_array__type_support.c\n'}
[133.392407] (masc_chassis_msgs) StdoutLine: {'line': b'-- Installing: /home/tiema/project/masc_chassis/chassis_ros_ws/install/masc_chassis_msgs/include/masc_chassis_msgs/masc_chassis_msgs/msg/detail/drive_motor_status__rosidl_typesupport_introspection_c.h\n'}
[133.392608] (masc_chassis_msgs) StdoutLine: {'line': b'-- Installing: /home/tiema/project/masc_chassis/chassis_ros_ws/install/masc_chassis_msgs/include/masc_chassis_msgs/masc_chassis_msgs/msg/detail/rc_status__type_support.c\n'}
[133.392817] (masc_chassis_msgs) StdoutLine: {'line': b'-- Installing: /home/tiema/project/masc_chassis/chassis_ros_ws/install/masc_chassis_msgs/include/masc_chassis_msgs/masc_chassis_msgs/msg/detail/bms_status__rosidl_typesupport_introspection_c.h\n'}
[133.392975] (masc_chassis_msgs) StdoutLine: {'line': b'-- Installing: /home/tiema/project/masc_chassis/chassis_ros_ws/install/masc_chassis_msgs/include/masc_chassis_msgs/masc_chassis_msgs/msg/detail/drive_motor_status_array__type_support.c\n'}
[133.393094] (masc_chassis_msgs) StdoutLine: {'line': b'-- Installing: /home/tiema/project/masc_chassis/chassis_ros_ws/install/masc_chassis_msgs/include/masc_chassis_msgs/masc_chassis_msgs/msg/detail/drive_motor_status__type_support.c\n'}
[133.393228] (masc_chassis_msgs) StdoutLine: {'line': b'-- Installing: /home/tiema/project/masc_chassis/chassis_ros_ws/install/masc_chassis_msgs/include/masc_chassis_msgs/masc_chassis_msgs/msg/detail/servo_motor__rosidl_typesupport_introspection_c.h\n'}
[133.393371] (masc_chassis_msgs) StdoutLine: {'line': b'-- Installing: /home/tiema/project/masc_chassis/chassis_ros_ws/install/masc_chassis_msgs/include/masc_chassis_msgs/masc_chassis_msgs/msg/detail/chassis_status__rosidl_typesupport_introspection_c.h\n'}
[133.393530] (masc_chassis_msgs) StdoutLine: {'line': b'-- Installing: /home/tiema/project/masc_chassis/chassis_ros_ws/install/masc_chassis_msgs/include/masc_chassis_msgs/masc_chassis_msgs/msg/detail/comm_status__rosidl_typesupport_introspection_c.h\n'}
[133.393675] (masc_chassis_msgs) StdoutLine: {'line': b'-- Installing: /home/tiema/project/masc_chassis/chassis_ros_ws/install/masc_chassis_msgs/include/masc_chassis_msgs/masc_chassis_msgs/msg/detail/bms_status__type_support.c\n'}
[133.393922] (masc_chassis_msgs) StdoutLine: {'line': b'-- Installing: /home/tiema/project/masc_chassis/chassis_ros_ws/install/masc_chassis_msgs/include/masc_chassis_msgs/masc_chassis_msgs/msg/detail/servo_motor_array__rosidl_typesupport_introspection_c.h\n'}
[133.394341] (masc_chassis_msgs) StdoutLine: {'line': b'-- Installing: /home/tiema/project/masc_chassis/chassis_ros_ws/install/masc_chassis_msgs/include/masc_chassis_msgs/masc_chassis_msgs/msg/detail/servo_motor__type_support.c\n'}
[133.394525] (masc_chassis_msgs) StdoutLine: {'line': b'-- Installing: /home/tiema/project/masc_chassis/chassis_ros_ws/install/masc_chassis_msgs/include/masc_chassis_msgs/masc_chassis_msgs/msg/detail/servo_motor_status_array__rosidl_typesupport_introspection_c.h\n'}
[133.394699] (masc_chassis_msgs) StdoutLine: {'line': b'-- Installing: /home/tiema/project/masc_chassis/chassis_ros_ws/install/masc_chassis_msgs/include/masc_chassis_msgs/masc_chassis_msgs/msg/detail/drive_motor__rosidl_typesupport_introspection_c.h\n'}
[133.394936] (masc_chassis_msgs) StdoutLine: {'line': b'-- Installing: /home/tiema/project/masc_chassis/chassis_ros_ws/install/masc_chassis_msgs/include/masc_chassis_msgs/masc_chassis_msgs/msg/detail/chassis_status__type_support.c\n'}
[133.395118] (masc_chassis_msgs) StdoutLine: {'line': b'-- Installing: /home/tiema/project/masc_chassis/chassis_ros_ws/install/masc_chassis_msgs/include/masc_chassis_msgs/masc_chassis_msgs/msg/detail/rc_status__rosidl_typesupport_introspection_c.h\n'}
[133.395281] (masc_chassis_msgs) StdoutLine: {'line': b'-- Installing: /home/tiema/project/masc_chassis/chassis_ros_ws/install/masc_chassis_msgs/include/masc_chassis_msgs/masc_chassis_msgs/msg/detail/servo_motor_status__rosidl_typesupport_introspection_c.h\n'}
[133.395449] (masc_chassis_msgs) StdoutLine: {'line': b'-- Installing: /home/tiema/project/masc_chassis/chassis_ros_ws/install/masc_chassis_msgs/include/masc_chassis_msgs/masc_chassis_msgs/msg/detail/servo_motor_status_array__type_support.c\n'}
[133.395613] (masc_chassis_msgs) StdoutLine: {'line': b'-- Installing: /home/tiema/project/masc_chassis/chassis_ros_ws/install/masc_chassis_msgs/include/masc_chassis_msgs/masc_chassis_msgs/msg/detail/servo_motor_status__type_support.c\n'}
[133.396079] (masc_chassis_msgs) StdoutLine: {'line': b'-- Installing: /home/tiema/project/masc_chassis/chassis_ros_ws/install/masc_chassis_msgs/include/masc_chassis_msgs/masc_chassis_msgs/msg/detail/can_frame_stats__rosidl_typesupport_introspection_c.h\n'}
[133.396399] (masc_chassis_msgs) StdoutLine: {'line': b'-- Up-to-date: /home/tiema/project/masc_chassis/chassis_ros_ws/install/masc_chassis_msgs/include/masc_chassis_msgs/masc_chassis_msgs/srv\n'}
[133.396650] (masc_chassis_msgs) StdoutLine: {'line': b'-- Up-to-date: /home/tiema/project/masc_chassis/chassis_ros_ws/install/masc_chassis_msgs/include/masc_chassis_msgs/masc_chassis_msgs/srv/detail\n'}
[133.396942] (masc_chassis_msgs) StdoutLine: {'line': b'-- Installing: /home/tiema/project/masc_chassis/chassis_ros_ws/install/masc_chassis_msgs/include/masc_chassis_msgs/masc_chassis_msgs/srv/detail/set_motion_mode__rosidl_typesupport_introspection_c.h\n'}
[133.397098] (masc_chassis_msgs) StdoutLine: {'line': b'-- Installing: /home/tiema/project/masc_chassis/chassis_ros_ws/install/masc_chassis_msgs/include/masc_chassis_msgs/masc_chassis_msgs/srv/detail/clear_fault__rosidl_typesupport_introspection_c.h\n'}
[133.397297] (masc_chassis_msgs) StdoutLine: {'line': b'-- Installing: /home/tiema/project/masc_chassis/chassis_ros_ws/install/masc_chassis_msgs/include/masc_chassis_msgs/masc_chassis_msgs/srv/detail/calibrate_servo__type_support.c\n'}
[133.397479] (masc_chassis_msgs) StdoutLine: {'line': b'-- Installing: /home/tiema/project/masc_chassis/chassis_ros_ws/install/masc_chassis_msgs/include/masc_chassis_msgs/masc_chassis_msgs/srv/detail/calibrate_servo__rosidl_typesupport_introspection_c.h\n'}
[133.397572] (masc_chassis_msgs) StdoutLine: {'line': b'-- Installing: /home/tiema/project/masc_chassis/chassis_ros_ws/install/masc_chassis_msgs/include/masc_chassis_msgs/masc_chassis_msgs/srv/detail/set_motion_mode__type_support.c\n'}
[133.397689] (masc_chassis_msgs) StdoutLine: {'line': b'-- Installing: /home/tiema/project/masc_chassis/chassis_ros_ws/install/masc_chassis_msgs/include/masc_chassis_msgs/masc_chassis_msgs/srv/detail/set_tow_mode__type_support.c\n'}
[133.397968] (masc_chassis_msgs) StdoutLine: {'line': b'-- Installing: /home/tiema/project/masc_chassis/chassis_ros_ws/install/masc_chassis_msgs/include/masc_chassis_msgs/masc_chassis_msgs/srv/detail/set_tow_mode__rosidl_typesupport_introspection_c.h\n'}
[133.398118] (masc_chassis_msgs) StdoutLine: {'line': b'-- Installing: /home/tiema/project/masc_chassis/chassis_ros_ws/install/masc_chassis_msgs/include/masc_chassis_msgs/masc_chassis_msgs/srv/detail/clear_fault__type_support.c\n'}
[133.398496] (masc_chassis_msgs) StdoutLine: {'line': b'-- Installing: /home/tiema/project/masc_chassis/chassis_ros_ws/install/masc_chassis_msgs/lib/libmasc_chassis_msgs__rosidl_typesupport_introspection_c.so\n'}
[133.399856] (masc_chassis_msgs) StdoutLine: {'line': b'-- Set non-toolchain portion of runtime path of "/home/tiema/project/masc_chassis/chassis_ros_ws/install/masc_chassis_msgs/lib/libmasc_chassis_msgs__rosidl_typesupport_introspection_c.so" to ""\n'}
[133.400178] (masc_chassis_msgs) StdoutLine: {'line': b'-- Installing: /home/tiema/project/masc_chassis/chassis_ros_ws/install/masc_chassis_msgs/lib/libmasc_chassis_msgs__rosidl_typesupport_c.so\n'}
[133.400871] (masc_chassis_msgs) StdoutLine: {'line': b'-- Set non-toolchain portion of runtime path of "/home/tiema/project/masc_chassis/chassis_ros_ws/install/masc_chassis_msgs/lib/libmasc_chassis_msgs__rosidl_typesupport_c.so" to ""\n'}
[133.401310] (masc_chassis_msgs) StdoutLine: {'line': b'-- Up-to-date: /home/tiema/project/masc_chassis/chassis_ros_ws/install/masc_chassis_msgs/include/masc_chassis_msgs/masc_chassis_msgs\n'}
[133.401574] (masc_chassis_msgs) StdoutLine: {'line': b'-- Up-to-date: /home/tiema/project/masc_chassis/chassis_ros_ws/install/masc_chassis_msgs/include/masc_chassis_msgs/masc_chassis_msgs/msg\n'}
[133.401738] (masc_chassis_msgs) StdoutLine: {'line': b'-- Installing: /home/tiema/project/masc_chassis/chassis_ros_ws/install/masc_chassis_msgs/include/masc_chassis_msgs/masc_chassis_msgs/msg/drive_motor_status.hpp\n'}
[133.402011] (masc_chassis_msgs) StdoutLine: {'line': b'-- Installing: /home/tiema/project/masc_chassis/chassis_ros_ws/install/masc_chassis_msgs/include/masc_chassis_msgs/masc_chassis_msgs/msg/can_frame_stats_array.hpp\n'}
[133.402185] (masc_chassis_msgs) StdoutLine: {'line': b'-- Installing: /home/tiema/project/masc_chassis/chassis_ros_ws/install/masc_chassis_msgs/include/masc_chassis_msgs/masc_chassis_msgs/msg/servo_motor_status_array.hpp\n'}
[133.402325] (masc_chassis_msgs) StdoutLine: {'line': b'-- Installing: /home/tiema/project/masc_chassis/chassis_ros_ws/install/masc_chassis_msgs/include/masc_chassis_msgs/masc_chassis_msgs/msg/bms_status.hpp\n'}
[133.402501] (masc_chassis_msgs) StdoutLine: {'line': b'-- Installing: /home/tiema/project/masc_chassis/chassis_ros_ws/install/masc_chassis_msgs/include/masc_chassis_msgs/masc_chassis_msgs/msg/rc_status.hpp\n'}
[133.402633] (masc_chassis_msgs) StdoutLine: {'line': b'-- Installing: /home/tiema/project/masc_chassis/chassis_ros_ws/install/masc_chassis_msgs/include/masc_chassis_msgs/masc_chassis_msgs/msg/chassis_status.hpp\n'}
[133.402750] (masc_chassis_msgs) StdoutLine: {'line': b'-- Installing: /home/tiema/project/masc_chassis/chassis_ros_ws/install/masc_chassis_msgs/include/masc_chassis_msgs/masc_chassis_msgs/msg/servo_motor_status.hpp\n'}
[133.402874] (masc_chassis_msgs) StdoutLine: {'line': b'-- Installing: /home/tiema/project/masc_chassis/chassis_ros_ws/install/masc_chassis_msgs/include/masc_chassis_msgs/masc_chassis_msgs/msg/servo_motor.hpp\n'}
[133.403000] (masc_chassis_msgs) StdoutLine: {'line': b'-- Installing: /home/tiema/project/masc_chassis/chassis_ros_ws/install/masc_chassis_msgs/include/masc_chassis_msgs/masc_chassis_msgs/msg/comm_status.hpp\n'}
[133.403104] (masc_chassis_msgs) StdoutLine: {'line': b'-- Installing: /home/tiema/project/masc_chassis/chassis_ros_ws/install/masc_chassis_msgs/include/masc_chassis_msgs/masc_chassis_msgs/msg/rosidl_generator_cpp__visibility_control.hpp\n'}
[133.403253] (masc_chassis_msgs) StdoutLine: {'line': b'-- Installing: /home/tiema/project/masc_chassis/chassis_ros_ws/install/masc_chassis_msgs/include/masc_chassis_msgs/masc_chassis_msgs/msg/drive_motor.hpp\n'}
[133.403414] (masc_chassis_msgs) StdoutLine: {'line': b'-- Installing: /home/tiema/project/masc_chassis/chassis_ros_ws/install/masc_chassis_msgs/include/masc_chassis_msgs/masc_chassis_msgs/msg/servo_motor_array.hpp\n'}
[133.403567] (masc_chassis_msgs) StdoutLine: {'line': b'-- Installing: /home/tiema/project/masc_chassis/chassis_ros_ws/install/masc_chassis_msgs/include/masc_chassis_msgs/masc_chassis_msgs/msg/drive_motor_status_array.hpp\n'}
[133.403722] (masc_chassis_msgs) StdoutLine: {'line': b'-- Up-to-date: /home/tiema/project/masc_chassis/chassis_ros_ws/install/masc_chassis_msgs/include/masc_chassis_msgs/masc_chassis_msgs/msg/detail\n'}
[133.403899] (masc_chassis_msgs) StdoutLine: {'line': b'-- Installing: /home/tiema/project/masc_chassis/chassis_ros_ws/install/masc_chassis_msgs/include/masc_chassis_msgs/masc_chassis_msgs/msg/detail/comm_status__struct.hpp\n'}
[133.404125] (masc_chassis_msgs) StdoutLine: {'line': b'-- Installing: /home/tiema/project/masc_chassis/chassis_ros_ws/install/masc_chassis_msgs/include/masc_chassis_msgs/masc_chassis_msgs/msg/detail/drive_motor_status_array__type_support.hpp\n'}
[133.404324] (masc_chassis_msgs) StdoutLine: {'line': b'-- Installing: /home/tiema/project/masc_chassis/chassis_ros_ws/install/masc_chassis_msgs/include/masc_chassis_msgs/masc_chassis_msgs/msg/detail/drive_motor_status_array__builder.hpp\n'}
[133.404472] (masc_chassis_msgs) StdoutLine: {'line': b'-- Installing: /home/tiema/project/masc_chassis/chassis_ros_ws/install/masc_chassis_msgs/include/masc_chassis_msgs/masc_chassis_msgs/msg/detail/drive_motor_array__traits.hpp\n'}
[133.404615] (masc_chassis_msgs) StdoutLine: {'line': b'-- Installing: /home/tiema/project/masc_chassis/chassis_ros_ws/install/masc_chassis_msgs/include/masc_chassis_msgs/masc_chassis_msgs/msg/detail/servo_motor_array__traits.hpp\n'}
[133.404772] (masc_chassis_msgs) StdoutLine: {'line': b'-- Installing: /home/tiema/project/masc_chassis/chassis_ros_ws/install/masc_chassis_msgs/include/masc_chassis_msgs/masc_chassis_msgs/msg/detail/drive_motor__type_support.hpp\n'}
[133.404978] (masc_chassis_msgs) StdoutLine: {'line': b'-- Installing: /home/tiema/project/masc_chassis/chassis_ros_ws/install/masc_chassis_msgs/include/masc_chassis_msgs/masc_chassis_msgs/msg/detail/servo_motor_array__struct.hpp\n'}
[133.405138] (masc_chassis_msgs) StdoutLine: {'line': b'-- Installing: /home/tiema/project/masc_chassis/chassis_ros_ws/install/masc_chassis_msgs/include/masc_chassis_msgs/masc_chassis_msgs/msg/detail/can_frame_stats_array__traits.hpp\n'}
[133.405292] (masc_chassis_msgs) StdoutLine: {'line': b'-- Installing: /home/tiema/project/masc_chassis/chassis_ros_ws/install/masc_chassis_msgs/include/masc_chassis_msgs/masc_chassis_msgs/msg/detail/drive_motor_status__traits.hpp\n'}
[133.405464] (masc_chassis_msgs) StdoutLine: {'line': b'-- Installing: /home/tiema/project/masc_chassis/chassis_ros_ws/install/masc_chassis_msgs/include/masc_chassis_msgs/masc_chassis_msgs/msg/detail/servo_motor_status_array__type_support.hpp\n'}
[133.405639] (masc_chassis_msgs) StdoutLine: {'line': b'-- Installing: /home/tiema/project/masc_chassis/chassis_ros_ws/install/masc_chassis_msgs/include/masc_chassis_msgs/masc_chassis_msgs/msg/detail/drive_motor_status__builder.hpp\n'}
[133.405797] (masc_chassis_msgs) StdoutLine: {'line': b'-- Installing: /home/tiema/project/masc_chassis/chassis_ros_ws/install/masc_chassis_msgs/include/masc_chassis_msgs/masc_chassis_msgs/msg/detail/drive_motor_array__type_support.hpp\n'}
[133.405964] (masc_chassis_msgs) StdoutLine: {'line': b'-- Installing: /home/tiema/project/masc_chassis/chassis_ros_ws/install/masc_chassis_msgs/include/masc_chassis_msgs/masc_chassis_msgs/msg/detail/servo_motor__traits.hpp\n'}
[133.406129] (masc_chassis_msgs) StdoutLine: {'line': b'-- Installing: /home/tiema/project/masc_chassis/chassis_ros_ws/install/masc_chassis_msgs/include/masc_chassis_msgs/masc_chassis_msgs/msg/detail/rc_status__struct.hpp\n'}
[133.406302] (masc_chassis_msgs) StdoutLine: {'line': b'-- Installing: /home/tiema/project/masc_chassis/chassis_ros_ws/install/masc_chassis_msgs/include/masc_chassis_msgs/masc_chassis_msgs/msg/detail/can_frame_stats__type_support.hpp\n'}
[133.406459] (masc_chassis_msgs) StdoutLine: {'line': b'-- Installing: /home/tiema/project/masc_chassis/chassis_ros_ws/install/masc_chassis_msgs/include/masc_chassis_msgs/masc_chassis_msgs/msg/detail/can_frame_stats_array__builder.hpp\n'}
[133.406614] (masc_chassis_msgs) StdoutLine: {'line': b'-- Installing: /home/tiema/project/masc_chassis/chassis_ros_ws/install/masc_chassis_msgs/include/masc_chassis_msgs/masc_chassis_msgs/msg/detail/bms_status__struct.hpp\n'}
[133.406801] (masc_chassis_msgs) StdoutLine: {'line': b'-- Installing: /home/tiema/project/masc_chassis/chassis_ros_ws/install/masc_chassis_msgs/include/masc_chassis_msgs/masc_chassis_msgs/msg/detail/can_frame_stats__builder.hpp\n'}
[133.407003] (masc_chassis_msgs) StdoutLine: {'line': b'-- Installing: /home/tiema/project/masc_chassis/chassis_ros_ws/install/masc_chassis_msgs/include/masc_chassis_msgs/masc_chassis_msgs/msg/detail/drive_motor_status_array__traits.hpp\n'}
[133.407166] (masc_chassis_msgs) StdoutLine: {'line': b'-- Installing: /home/tiema/project/masc_chassis/chassis_ros_ws/install/masc_chassis_msgs/include/masc_chassis_msgs/masc_chassis_msgs/msg/detail/servo_motor_status__type_support.hpp\n'}
[133.407322] (masc_chassis_msgs) StdoutLine: {'line': b'-- Installing: /home/tiema/project/masc_chassis/chassis_ros_ws/install/masc_chassis_msgs/include/masc_chassis_msgs/masc_chassis_msgs/msg/detail/chassis_status__traits.hpp\n'}
[133.407487] (masc_chassis_msgs) StdoutLine: {'line': b'-- Installing: /home/tiema/project/masc_chassis/chassis_ros_ws/install/masc_chassis_msgs/include/masc_chassis_msgs/masc_chassis_msgs/msg/detail/servo_motor_status_array__struct.hpp\n'}
[133.407659] (masc_chassis_msgs) StdoutLine: {'line': b'-- Installing: /home/tiema/project/masc_chassis/chassis_ros_ws/install/masc_chassis_msgs/include/masc_chassis_msgs/masc_chassis_msgs/msg/detail/bms_status__traits.hpp\n'}
[133.407833] (masc_chassis_msgs) StdoutLine: {'line': b'-- Installing: /home/tiema/project/masc_chassis/chassis_ros_ws/install/masc_chassis_msgs/include/masc_chassis_msgs/masc_chassis_msgs/msg/detail/bms_status__type_support.hpp\n'}
[133.407996] (masc_chassis_msgs) StdoutLine: {'line': b'-- Installing: /home/tiema/project/masc_chassis/chassis_ros_ws/install/masc_chassis_msgs/include/masc_chassis_msgs/masc_chassis_msgs/msg/detail/drive_motor__struct.hpp\n'}
[133.408158] (masc_chassis_msgs) StdoutLine: {'line': b'-- Installing: /home/tiema/project/masc_chassis/chassis_ros_ws/install/masc_chassis_msgs/include/masc_chassis_msgs/masc_chassis_msgs/msg/detail/rc_status__traits.hpp\n'}
[133.408317] (masc_chassis_msgs) StdoutLine: {'line': b'-- Installing: /home/tiema/project/masc_chassis/chassis_ros_ws/install/masc_chassis_msgs/include/masc_chassis_msgs/masc_chassis_msgs/msg/detail/rc_status__builder.hpp\n'}
[133.408478] (masc_chassis_msgs) StdoutLine: {'line': b'-- Installing: /home/tiema/project/masc_chassis/chassis_ros_ws/install/masc_chassis_msgs/include/masc_chassis_msgs/masc_chassis_msgs/msg/detail/chassis_status__type_support.hpp\n'}
[133.408636] (masc_chassis_msgs) StdoutLine: {'line': b'-- Installing: /home/tiema/project/masc_chassis/chassis_ros_ws/install/masc_chassis_msgs/include/masc_chassis_msgs/masc_chassis_msgs/msg/detail/servo_motor_status_array__builder.hpp\n'}
[133.408806] (masc_chassis_msgs) StdoutLine: {'line': b'-- Installing: /home/tiema/project/masc_chassis/chassis_ros_ws/install/masc_chassis_msgs/include/masc_chassis_msgs/masc_chassis_msgs/msg/detail/can_frame_stats__traits.hpp\n'}
[133.408977] (masc_chassis_msgs) StdoutLine: {'line': b'-- Installing: /home/tiema/project/masc_chassis/chassis_ros_ws/install/masc_chassis_msgs/include/masc_chassis_msgs/masc_chassis_msgs/msg/detail/drive_motor_status__type_support.hpp\n'}
[133.409131] (masc_chassis_msgs) StdoutLine: {'line': b'-- Installing: /home/tiema/project/masc_chassis/chassis_ros_ws/install/masc_chassis_msgs/include/masc_chassis_msgs/masc_chassis_msgs/msg/detail/servo_motor_status__traits.hpp\n'}
[133.409289] (masc_chassis_msgs) StdoutLine: {'line': b'-- Installing: /home/tiema/project/masc_chassis/chassis_ros_ws/install/masc_chassis_msgs/include/masc_chassis_msgs/masc_chassis_msgs/msg/detail/servo_motor_status__builder.hpp\n'}
[133.409448] (masc_chassis_msgs) StdoutLine: {'line': b'-- Installing: /home/tiema/project/masc_chassis/chassis_ros_ws/install/masc_chassis_msgs/include/masc_chassis_msgs/masc_chassis_msgs/msg/detail/drive_motor_status_array__struct.hpp\n'}
[133.409610] (masc_chassis_msgs) StdoutLine: {'line': b'-- Installing: /home/tiema/project/masc_chassis/chassis_ros_ws/install/masc_chassis_msgs/include/masc_chassis_msgs/masc_chassis_msgs/msg/detail/servo_motor_status__struct.hpp\n'}
[133.409777] (masc_chassis_msgs) StdoutLine: {'line': b'-- Installing: /home/tiema/project/masc_chassis/chassis_ros_ws/install/masc_chassis_msgs/include/masc_chassis_msgs/masc_chassis_msgs/msg/detail/comm_status__type_support.hpp\n'}
[133.409967] (masc_chassis_msgs) StdoutLine: {'line': b'-- Installing: /home/tiema/project/masc_chassis/chassis_ros_ws/install/masc_chassis_msgs/include/masc_chassis_msgs/masc_chassis_msgs/msg/detail/drive_motor__builder.hpp\n'}
[133.410129] (masc_chassis_msgs) StdoutLine: {'line': b'-- Installing: /home/tiema/project/masc_chassis/chassis_ros_ws/install/masc_chassis_msgs/include/masc_chassis_msgs/masc_chassis_msgs/msg/detail/servo_motor_array__type_support.hpp\n'}
[133.410296] (masc_chassis_msgs) StdoutLine: {'line': b'-- Installing: /home/tiema/project/masc_chassis/chassis_ros_ws/install/masc_chassis_msgs/include/masc_chassis_msgs/masc_chassis_msgs/msg/detail/can_frame_stats__struct.hpp\n'}
[133.410462] (masc_chassis_msgs) StdoutLine: {'line': b'-- Installing: /home/tiema/project/masc_chassis/chassis_ros_ws/install/masc_chassis_msgs/include/masc_chassis_msgs/masc_chassis_msgs/msg/detail/chassis_status__struct.hpp\n'}
[133.410653] (masc_chassis_msgs) StdoutLine: {'line': b'-- Installing: /home/tiema/project/masc_chassis/chassis_ros_ws/install/masc_chassis_msgs/include/masc_chassis_msgs/masc_chassis_msgs/msg/detail/comm_status__traits.hpp\n'}
[133.410841] (masc_chassis_msgs) StdoutLine: {'line': b'-- Installing: /home/tiema/project/masc_chassis/chassis_ros_ws/install/masc_chassis_msgs/include/masc_chassis_msgs/masc_chassis_msgs/msg/detail/chassis_status__builder.hpp\n'}
[133.411209] (masc_chassis_msgs) StdoutLine: {'line': b'-- Installing: /home/tiema/project/masc_chassis/chassis_ros_ws/install/masc_chassis_msgs/include/masc_chassis_msgs/masc_chassis_msgs/msg/detail/comm_status__builder.hpp\n'}
[133.411404] (masc_chassis_msgs) StdoutLine: {'line': b'-- Installing: /home/tiema/project/masc_chassis/chassis_ros_ws/install/masc_chassis_msgs/include/masc_chassis_msgs/masc_chassis_msgs/msg/detail/servo_motor__type_support.hpp\n'}
[133.411535] (masc_chassis_msgs) StdoutLine: {'line': b'-- Installing: /home/tiema/project/masc_chassis/chassis_ros_ws/install/masc_chassis_msgs/include/masc_chassis_msgs/masc_chassis_msgs/msg/detail/bms_status__builder.hpp\n'}
[133.411651] (masc_chassis_msgs) StdoutLine: {'line': b'-- Installing: /home/tiema/project/masc_chassis/chassis_ros_ws/install/masc_chassis_msgs/include/masc_chassis_msgs/masc_chassis_msgs/msg/detail/servo_motor__builder.hpp\n'}
[133.411844] (masc_chassis_msgs) StdoutLine: {'line': b'-- Installing: /home/tiema/project/masc_chassis/chassis_ros_ws/install/masc_chassis_msgs/include/masc_chassis_msgs/masc_chassis_msgs/msg/detail/servo_motor_status_array__traits.hpp\n'}
[133.412001] (masc_chassis_msgs) StdoutLine: {'line': b'-- Installing: /home/tiema/project/masc_chassis/chassis_ros_ws/install/masc_chassis_msgs/include/masc_chassis_msgs/masc_chassis_msgs/msg/detail/can_frame_stats_array__type_support.hpp\n'}
[133.412160] (masc_chassis_msgs) StdoutLine: {'line': b'-- Installing: /home/tiema/project/masc_chassis/chassis_ros_ws/install/masc_chassis_msgs/include/masc_chassis_msgs/masc_chassis_msgs/msg/detail/drive_motor_status__struct.hpp\n'}
[133.412320] (masc_chassis_msgs) StdoutLine: {'line': b'-- Installing: /home/tiema/project/masc_chassis/chassis_ros_ws/install/masc_chassis_msgs/include/masc_chassis_msgs/masc_chassis_msgs/msg/detail/rc_status__type_support.hpp\n'}
[133.412491] (masc_chassis_msgs) StdoutLine: {'line': b'-- Installing: /home/tiema/project/masc_chassis/chassis_ros_ws/install/masc_chassis_msgs/include/masc_chassis_msgs/masc_chassis_msgs/msg/detail/servo_motor__struct.hpp\n'}
[133.412752] (masc_chassis_msgs) StdoutLine: {'line': b'-- Installing: /home/tiema/project/masc_chassis/chassis_ros_ws/install/masc_chassis_msgs/include/masc_chassis_msgs/masc_chassis_msgs/msg/detail/drive_motor__traits.hpp\n'}
[133.413061] (masc_chassis_msgs) StdoutLine: {'line': b'-- Installing: /home/tiema/project/masc_chassis/chassis_ros_ws/install/masc_chassis_msgs/include/masc_chassis_msgs/masc_chassis_msgs/msg/detail/drive_motor_array__struct.hpp\n'}
[133.413375] (masc_chassis_msgs) StdoutLine: {'line': b'-- Installing: /home/tiema/project/masc_chassis/chassis_ros_ws/install/masc_chassis_msgs/include/masc_chassis_msgs/masc_chassis_msgs/msg/detail/drive_motor_array__builder.hpp\n'}
[133.413668] (masc_chassis_msgs) StdoutLine: {'line': b'-- Installing: /home/tiema/project/masc_chassis/chassis_ros_ws/install/masc_chassis_msgs/include/masc_chassis_msgs/masc_chassis_msgs/msg/detail/servo_motor_array__builder.hpp\n'}
[133.413953] (masc_chassis_msgs) StdoutLine: {'line': b'-- Installing: /home/tiema/project/masc_chassis/chassis_ros_ws/install/masc_chassis_msgs/include/masc_chassis_msgs/masc_chassis_msgs/msg/detail/can_frame_stats_array__struct.hpp\n'}
[133.414306] (masc_chassis_msgs) StdoutLine: {'line': b'-- Installing: /home/tiema/project/masc_chassis/chassis_ros_ws/install/masc_chassis_msgs/include/masc_chassis_msgs/masc_chassis_msgs/msg/can_frame_stats.hpp\n'}
[133.414497] (masc_chassis_msgs) StdoutLine: {'line': b'-- Installing: /home/tiema/project/masc_chassis/chassis_ros_ws/install/masc_chassis_msgs/include/masc_chassis_msgs/masc_chassis_msgs/msg/drive_motor_array.hpp\n'}
[133.414646] (masc_chassis_msgs) StdoutLine: {'line': b'-- Up-to-date: /home/tiema/project/masc_chassis/chassis_ros_ws/install/masc_chassis_msgs/include/masc_chassis_msgs/masc_chassis_msgs/srv\n'}
[133.414775] (masc_chassis_msgs) StdoutLine: {'line': b'-- Installing: /home/tiema/project/masc_chassis/chassis_ros_ws/install/masc_chassis_msgs/include/masc_chassis_msgs/masc_chassis_msgs/srv/calibrate_servo.hpp\n'}
[133.414929] (masc_chassis_msgs) StdoutLine: {'line': b'-- Installing: /home/tiema/project/masc_chassis/chassis_ros_ws/install/masc_chassis_msgs/include/masc_chassis_msgs/masc_chassis_msgs/srv/clear_fault.hpp\n'}
[133.415071] (masc_chassis_msgs) StdoutLine: {'line': b'-- Up-to-date: /home/tiema/project/masc_chassis/chassis_ros_ws/install/masc_chassis_msgs/include/masc_chassis_msgs/masc_chassis_msgs/srv/detail\n'}
[133.415218] (masc_chassis_msgs) StdoutLine: {'line': b'-- Installing: /home/tiema/project/masc_chassis/chassis_ros_ws/install/masc_chassis_msgs/include/masc_chassis_msgs/masc_chassis_msgs/srv/detail/clear_fault__struct.hpp\n'}
[133.416728] (masc_chassis_msgs) StdoutLine: {'line': b'-- Installing: /home/tiema/project/masc_chassis/chassis_ros_ws/install/masc_chassis_msgs/include/masc_chassis_msgs/masc_chassis_msgs/srv/detail/set_tow_mode__struct.hpp\n'}
[133.417180] (masc_chassis_msgs) StdoutLine: {'line': b'-- Installing: /home/tiema/project/masc_chassis/chassis_ros_ws/install/masc_chassis_msgs/include/masc_chassis_msgs/masc_chassis_msgs/srv/detail/set_tow_mode__type_support.hpp\n'}
[133.417371] (masc_chassis_msgs) StdoutLine: {'line': b'-- Installing: /home/tiema/project/masc_chassis/chassis_ros_ws/install/masc_chassis_msgs/include/masc_chassis_msgs/masc_chassis_msgs/srv/detail/set_tow_mode__builder.hpp\n'}
[133.417494] (masc_chassis_msgs) StdoutLine: {'line': b'-- Installing: /home/tiema/project/masc_chassis/chassis_ros_ws/install/masc_chassis_msgs/include/masc_chassis_msgs/masc_chassis_msgs/srv/detail/set_motion_mode__struct.hpp\n'}
[133.417629] (masc_chassis_msgs) StdoutLine: {'line': b'-- Installing: /home/tiema/project/masc_chassis/chassis_ros_ws/install/masc_chassis_msgs/include/masc_chassis_msgs/masc_chassis_msgs/srv/detail/clear_fault__traits.hpp\n'}
[133.417767] (masc_chassis_msgs) StdoutLine: {'line': b'-- Installing: /home/tiema/project/masc_chassis/chassis_ros_ws/install/masc_chassis_msgs/include/masc_chassis_msgs/masc_chassis_msgs/srv/detail/set_motion_mode__type_support.hpp\n'}
[133.419165] (masc_chassis_msgs) StdoutLine: {'line': b'-- Installing: /home/tiema/project/masc_chassis/chassis_ros_ws/install/masc_chassis_msgs/include/masc_chassis_msgs/masc_chassis_msgs/srv/detail/clear_fault__type_support.hpp\n'}
[133.419465] (masc_chassis_msgs) StdoutLine: {'line': b'-- Installing: /home/tiema/project/masc_chassis/chassis_ros_ws/install/masc_chassis_msgs/include/masc_chassis_msgs/masc_chassis_msgs/srv/detail/calibrate_servo__type_support.hpp\n'}
[133.419655] (masc_chassis_msgs) StdoutLine: {'line': b'-- Installing: /home/tiema/project/masc_chassis/chassis_ros_ws/install/masc_chassis_msgs/include/masc_chassis_msgs/masc_chassis_msgs/srv/detail/calibrate_servo__struct.hpp\n'}
[133.420261] (masc_chassis_msgs) StdoutLine: {'line': b'-- Installing: /home/tiema/project/masc_chassis/chassis_ros_ws/install/masc_chassis_msgs/include/masc_chassis_msgs/masc_chassis_msgs/srv/detail/set_motion_mode__builder.hpp\n'}
[133.420533] (masc_chassis_msgs) StdoutLine: {'line': b'-- Installing: /home/tiema/project/masc_chassis/chassis_ros_ws/install/masc_chassis_msgs/include/masc_chassis_msgs/masc_chassis_msgs/srv/detail/set_tow_mode__traits.hpp\n'}
[133.420681] (masc_chassis_msgs) StdoutLine: {'line': b'-- Installing: /home/tiema/project/masc_chassis/chassis_ros_ws/install/masc_chassis_msgs/include/masc_chassis_msgs/masc_chassis_msgs/srv/detail/clear_fault__builder.hpp\n'}
[133.420817] (masc_chassis_msgs) StdoutLine: {'line': b'-- Installing: /home/tiema/project/masc_chassis/chassis_ros_ws/install/masc_chassis_msgs/include/masc_chassis_msgs/masc_chassis_msgs/srv/detail/calibrate_servo__builder.hpp\n'}
[133.420987] (masc_chassis_msgs) StdoutLine: {'line': b'-- Installing: /home/tiema/project/masc_chassis/chassis_ros_ws/install/masc_chassis_msgs/include/masc_chassis_msgs/masc_chassis_msgs/srv/detail/set_motion_mode__traits.hpp\n'}
[133.422702] (masc_chassis_msgs) StdoutLine: {'line': b'-- Installing: /home/tiema/project/masc_chassis/chassis_ros_ws/install/masc_chassis_msgs/include/masc_chassis_msgs/masc_chassis_msgs/srv/detail/calibrate_servo__traits.hpp\n'}
[133.422948] (masc_chassis_msgs) StdoutLine: {'line': b'-- Installing: /home/tiema/project/masc_chassis/chassis_ros_ws/install/masc_chassis_msgs/include/masc_chassis_msgs/masc_chassis_msgs/srv/set_tow_mode.hpp\n'}
[133.423075] (masc_chassis_msgs) StdoutLine: {'line': b'-- Installing: /home/tiema/project/masc_chassis/chassis_ros_ws/install/masc_chassis_msgs/include/masc_chassis_msgs/masc_chassis_msgs/srv/set_motion_mode.hpp\n'}
[133.423196] (masc_chassis_msgs) StdoutLine: {'line': b'-- Up-to-date: /home/tiema/project/masc_chassis/chassis_ros_ws/install/masc_chassis_msgs/include/masc_chassis_msgs/masc_chassis_msgs\n'}
[133.423387] (masc_chassis_msgs) StdoutLine: {'line': b'-- Up-to-date: /home/tiema/project/masc_chassis/chassis_ros_ws/install/masc_chassis_msgs/include/masc_chassis_msgs/masc_chassis_msgs/msg\n'}
[133.423509] (masc_chassis_msgs) StdoutLine: {'line': b'-- Installing: /home/tiema/project/masc_chassis/chassis_ros_ws/install/masc_chassis_msgs/include/masc_chassis_msgs/masc_chassis_msgs/msg/rosidl_typesupport_fastrtps_cpp__visibility_control.h\n'}
[133.423661] (masc_chassis_msgs) StdoutLine: {'line': b'-- Up-to-date: /home/tiema/project/masc_chassis/chassis_ros_ws/install/masc_chassis_msgs/include/masc_chassis_msgs/masc_chassis_msgs/msg/detail\n'}
[133.423757] (masc_chassis_msgs) StdoutLine: {'line': b'-- Installing: /home/tiema/project/masc_chassis/chassis_ros_ws/install/masc_chassis_msgs/include/masc_chassis_msgs/masc_chassis_msgs/msg/detail/drive_motor__rosidl_typesupport_fastrtps_cpp.hpp\n'}
[133.423917] (masc_chassis_msgs) StdoutLine: {'line': b'-- Installing: /home/tiema/project/masc_chassis/chassis_ros_ws/install/masc_chassis_msgs/include/masc_chassis_msgs/masc_chassis_msgs/msg/detail/comm_status__rosidl_typesupport_fastrtps_cpp.hpp\n'}
[133.424019] (masc_chassis_msgs) StdoutLine: {'line': b'-- Installing: /home/tiema/project/masc_chassis/chassis_ros_ws/install/masc_chassis_msgs/include/masc_chassis_msgs/masc_chassis_msgs/msg/detail/can_frame_stats_array__rosidl_typesupport_fastrtps_cpp.hpp\n'}
[133.424113] (masc_chassis_msgs) StdoutLine: {'line': b'-- Installing: /home/tiema/project/masc_chassis/chassis_ros_ws/install/masc_chassis_msgs/include/masc_chassis_msgs/masc_chassis_msgs/msg/detail/servo_motor_status_array__rosidl_typesupport_fastrtps_cpp.hpp\n'}
[133.424257] (masc_chassis_msgs) StdoutLine: {'line': b'-- Installing: /home/tiema/project/masc_chassis/chassis_ros_ws/install/masc_chassis_msgs/include/masc_chassis_msgs/masc_chassis_msgs/msg/detail/drive_motor_status__rosidl_typesupport_fastrtps_cpp.hpp\n'}
[133.424339] (masc_chassis_msgs) StdoutLine: {'line': b'-- Installing: /home/tiema/project/masc_chassis/chassis_ros_ws/install/masc_chassis_msgs/include/masc_chassis_msgs/masc_chassis_msgs/msg/detail/servo_motor_array__rosidl_typesupport_fastrtps_cpp.hpp\n'}
[133.424428] (masc_chassis_msgs) StdoutLine: {'line': b'-- Installing: /home/tiema/project/masc_chassis/chassis_ros_ws/install/masc_chassis_msgs/include/masc_chassis_msgs/masc_chassis_msgs/msg/detail/can_frame_stats__rosidl_typesupport_fastrtps_cpp.hpp\n'}
[133.424516] (masc_chassis_msgs) StdoutLine: {'line': b'-- Installing: /home/tiema/project/masc_chassis/chassis_ros_ws/install/masc_chassis_msgs/include/masc_chassis_msgs/masc_chassis_msgs/msg/detail/bms_status__rosidl_typesupport_fastrtps_cpp.hpp\n'}
[133.424603] (masc_chassis_msgs) StdoutLine: {'line': b'-- Installing: /home/tiema/project/masc_chassis/chassis_ros_ws/install/masc_chassis_msgs/include/masc_chassis_msgs/masc_chassis_msgs/msg/detail/dds_fastrtps\n'}
[133.424689] (masc_chassis_msgs) StdoutLine: {'line': b'-- Installing: /home/tiema/project/masc_chassis/chassis_ros_ws/install/masc_chassis_msgs/include/masc_chassis_msgs/masc_chassis_msgs/msg/detail/rc_status__rosidl_typesupport_fastrtps_cpp.hpp\n'}
[133.424778] (masc_chassis_msgs) StdoutLine: {'line': b'-- Installing: /home/tiema/project/masc_chassis/chassis_ros_ws/install/masc_chassis_msgs/include/masc_chassis_msgs/masc_chassis_msgs/msg/detail/servo_motor__rosidl_typesupport_fastrtps_cpp.hpp\n'}
[133.424992] (masc_chassis_msgs) StdoutLine: {'line': b'-- Installing: /home/tiema/project/masc_chassis/chassis_ros_ws/install/masc_chassis_msgs/include/masc_chassis_msgs/masc_chassis_msgs/msg/detail/drive_motor_array__rosidl_typesupport_fastrtps_cpp.hpp\n'}
[133.425078] (masc_chassis_msgs) StdoutLine: {'line': b'-- Installing: /home/tiema/project/masc_chassis/chassis_ros_ws/install/masc_chassis_msgs/include/masc_chassis_msgs/masc_chassis_msgs/msg/detail/chassis_status__rosidl_typesupport_fastrtps_cpp.hpp\n'}
[133.425177] (masc_chassis_msgs) StdoutLine: {'line': b'-- Installing: /home/tiema/project/masc_chassis/chassis_ros_ws/install/masc_chassis_msgs/include/masc_chassis_msgs/masc_chassis_msgs/msg/detail/servo_motor_status__rosidl_typesupport_fastrtps_cpp.hpp\n'}
[133.425258] (masc_chassis_msgs) StdoutLine: {'line': b'-- Installing: /home/tiema/project/masc_chassis/chassis_ros_ws/install/masc_chassis_msgs/include/masc_chassis_msgs/masc_chassis_msgs/msg/detail/drive_motor_status_array__rosidl_typesupport_fastrtps_cpp.hpp\n'}
[133.425346] (masc_chassis_msgs) StdoutLine: {'line': b'-- Up-to-date: /home/tiema/project/masc_chassis/chassis_ros_ws/install/masc_chassis_msgs/include/masc_chassis_msgs/masc_chassis_msgs/srv\n'}
[133.425435] (masc_chassis_msgs) StdoutLine: {'line': b'-- Up-to-date: /home/tiema/project/masc_chassis/chassis_ros_ws/install/masc_chassis_msgs/include/masc_chassis_msgs/masc_chassis_msgs/srv/detail\n'}
[133.425523] (masc_chassis_msgs) StdoutLine: {'line': b'-- Installing: /home/tiema/project/masc_chassis/chassis_ros_ws/install/masc_chassis_msgs/include/masc_chassis_msgs/masc_chassis_msgs/srv/detail/set_motion_mode__rosidl_typesupport_fastrtps_cpp.hpp\n'}
[133.425610] (masc_chassis_msgs) StdoutLine: {'line': b'-- Installing: /home/tiema/project/masc_chassis/chassis_ros_ws/install/masc_chassis_msgs/include/masc_chassis_msgs/masc_chassis_msgs/srv/detail/set_tow_mode__rosidl_typesupport_fastrtps_cpp.hpp\n'}
[133.425740] (masc_chassis_msgs) StdoutLine: {'line': b'-- Installing: /home/tiema/project/masc_chassis/chassis_ros_ws/install/masc_chassis_msgs/include/masc_chassis_msgs/masc_chassis_msgs/srv/detail/calibrate_servo__rosidl_typesupport_fastrtps_cpp.hpp\n'}
[133.425860] (masc_chassis_msgs) StdoutLine: {'line': b'-- Installing: /home/tiema/project/masc_chassis/chassis_ros_ws/install/masc_chassis_msgs/include/masc_chassis_msgs/masc_chassis_msgs/srv/detail/dds_fastrtps\n'}
[133.425971] (masc_chassis_msgs) StdoutLine: {'line': b'-- Installing: /home/tiema/project/masc_chassis/chassis_ros_ws/install/masc_chassis_msgs/include/masc_chassis_msgs/masc_chassis_msgs/srv/detail/clear_fault__rosidl_typesupport_fastrtps_cpp.hpp\n'}
[133.426063] (masc_chassis_msgs) StdoutLine: {'line': b'-- Installing: /home/tiema/project/masc_chassis/chassis_ros_ws/install/masc_chassis_msgs/lib/libmasc_chassis_msgs__rosidl_typesupport_fastrtps_cpp.so\n'}
[133.428317] (masc_chassis_msgs) StdoutLine: {'line': b'-- Set non-toolchain portion of runtime path of "/home/tiema/project/masc_chassis/chassis_ros_ws/install/masc_chassis_msgs/lib/libmasc_chassis_msgs__rosidl_typesupport_fastrtps_cpp.so" to ""\n'}
[133.428825] (masc_chassis_msgs) StdoutLine: {'line': b'-- Up-to-date: /home/tiema/project/masc_chassis/chassis_ros_ws/install/masc_chassis_msgs/include/masc_chassis_msgs/masc_chassis_msgs\n'}
[133.428953] (masc_chassis_msgs) StdoutLine: {'line': b'-- Up-to-date: /home/tiema/project/masc_chassis/chassis_ros_ws/install/masc_chassis_msgs/include/masc_chassis_msgs/masc_chassis_msgs/msg\n'}
[133.429043] (masc_chassis_msgs) StdoutLine: {'line': b'-- Up-to-date: /home/tiema/project/masc_chassis/chassis_ros_ws/install/masc_chassis_msgs/include/masc_chassis_msgs/masc_chassis_msgs/msg/detail\n'}
[133.429134] (masc_chassis_msgs) StdoutLine: {'line': b'-- Installing: /home/tiema/project/masc_chassis/chassis_ros_ws/install/masc_chassis_msgs/include/masc_chassis_msgs/masc_chassis_msgs/msg/detail/comm_status__rosidl_typesupport_introspection_cpp.hpp\n'}
[133.429268] (masc_chassis_msgs) StdoutLine: {'line': b'-- Installing: /home/tiema/project/masc_chassis/chassis_ros_ws/install/masc_chassis_msgs/include/masc_chassis_msgs/masc_chassis_msgs/msg/detail/rc_status__type_support.cpp\n'}
[133.429392] (masc_chassis_msgs) StdoutLine: {'line': b'-- Installing: /home/tiema/project/masc_chassis/chassis_ros_ws/install/masc_chassis_msgs/include/masc_chassis_msgs/masc_chassis_msgs/msg/detail/drive_motor__type_support.cpp\n'}
[133.429501] (masc_chassis_msgs) StdoutLine: {'line': b'-- Installing: /home/tiema/project/masc_chassis/chassis_ros_ws/install/masc_chassis_msgs/include/masc_chassis_msgs/masc_chassis_msgs/msg/detail/drive_motor_status__type_support.cpp\n'}
[133.429684] (masc_chassis_msgs) StdoutLine: {'line': b'-- Installing: /home/tiema/project/masc_chassis/chassis_ros_ws/install/masc_chassis_msgs/include/masc_chassis_msgs/masc_chassis_msgs/msg/detail/chassis_status__rosidl_typesupport_introspection_cpp.hpp\n'}
[133.429994] (masc_chassis_msgs) StdoutLine: {'line': b'-- Installing: /home/tiema/project/masc_chassis/chassis_ros_ws/install/masc_chassis_msgs/include/masc_chassis_msgs/masc_chassis_msgs/msg/detail/drive_motor_array__type_support.cpp\n'}
[133.430159] (masc_chassis_msgs) StdoutLine: {'line': b'-- Installing: /home/tiema/project/masc_chassis/chassis_ros_ws/install/masc_chassis_msgs/include/masc_chassis_msgs/masc_chassis_msgs/msg/detail/servo_motor__type_support.cpp\n'}
[133.430343] (masc_chassis_msgs) StdoutLine: {'line': b'-- Installing: /home/tiema/project/masc_chassis/chassis_ros_ws/install/masc_chassis_msgs/include/masc_chassis_msgs/masc_chassis_msgs/msg/detail/drive_motor_status_array__type_support.cpp\n'}
[133.430526] (masc_chassis_msgs) StdoutLine: {'line': b'-- Installing: /home/tiema/project/masc_chassis/chassis_ros_ws/install/masc_chassis_msgs/include/masc_chassis_msgs/masc_chassis_msgs/msg/detail/bms_status__rosidl_typesupport_introspection_cpp.hpp\n'}
[133.430688] (masc_chassis_msgs) StdoutLine: {'line': b'-- Installing: /home/tiema/project/masc_chassis/chassis_ros_ws/install/masc_chassis_msgs/include/masc_chassis_msgs/masc_chassis_msgs/msg/detail/chassis_status__type_support.cpp\n'}
[133.430938] (masc_chassis_msgs) StdoutLine: {'line': b'-- Installing: /home/tiema/project/masc_chassis/chassis_ros_ws/install/masc_chassis_msgs/include/masc_chassis_msgs/masc_chassis_msgs/msg/detail/servo_motor_status_array__type_support.cpp\n'}
[133.431097] (masc_chassis_msgs) StdoutLine: {'line': b'-- Installing: /home/tiema/project/masc_chassis/chassis_ros_ws/install/masc_chassis_msgs/include/masc_chassis_msgs/masc_chassis_msgs/msg/detail/drive_motor_status_array__rosidl_typesupport_introspection_cpp.hpp\n'}
[133.431256] (masc_chassis_msgs) StdoutLine: {'line': b'-- Installing: /home/tiema/project/masc_chassis/chassis_ros_ws/install/masc_chassis_msgs/include/masc_chassis_msgs/masc_chassis_msgs/msg/detail/servo_motor__rosidl_typesupport_introspection_cpp.hpp\n'}
[133.431423] (masc_chassis_msgs) StdoutLine: {'line': b'-- Installing: /home/tiema/project/masc_chassis/chassis_ros_ws/install/masc_chassis_msgs/include/masc_chassis_msgs/masc_chassis_msgs/msg/detail/rc_status__rosidl_typesupport_introspection_cpp.hpp\n'}
[133.431614] (masc_chassis_msgs) StdoutLine: {'line': b'-- Installing: /home/tiema/project/masc_chassis/chassis_ros_ws/install/masc_chassis_msgs/include/masc_chassis_msgs/masc_chassis_msgs/msg/detail/can_frame_stats_array__rosidl_typesupport_introspection_cpp.hpp\n'}
[133.431772] (masc_chassis_msgs) StdoutLine: {'line': b'-- Installing: /home/tiema/project/masc_chassis/chassis_ros_ws/install/masc_chassis_msgs/include/masc_chassis_msgs/masc_chassis_msgs/msg/detail/drive_motor__rosidl_typesupport_introspection_cpp.hpp\n'}
[133.431944] (masc_chassis_msgs) StdoutLine: {'line': b'-- Installing: /home/tiema/project/masc_chassis/chassis_ros_ws/install/masc_chassis_msgs/include/masc_chassis_msgs/masc_chassis_msgs/msg/detail/comm_status__type_support.cpp\n'}
[133.432124] (masc_chassis_msgs) StdoutLine: {'line': b'-- Installing: /home/tiema/project/masc_chassis/chassis_ros_ws/install/masc_chassis_msgs/include/masc_chassis_msgs/masc_chassis_msgs/msg/detail/can_frame_stats_array__type_support.cpp\n'}
[133.432298] (masc_chassis_msgs) StdoutLine: {'line': b'-- Installing: /home/tiema/project/masc_chassis/chassis_ros_ws/install/masc_chassis_msgs/include/masc_chassis_msgs/masc_chassis_msgs/msg/detail/drive_motor_array__rosidl_typesupport_introspection_cpp.hpp\n'}
[133.432463] (masc_chassis_msgs) StdoutLine: {'line': b'-- Installing: /home/tiema/project/masc_chassis/chassis_ros_ws/install/masc_chassis_msgs/include/masc_chassis_msgs/masc_chassis_msgs/msg/detail/servo_motor_status__rosidl_typesupport_introspection_cpp.hpp\n'}
[133.432620] (masc_chassis_msgs) StdoutLine: {'line': b'-- Installing: /home/tiema/project/masc_chassis/chassis_ros_ws/install/masc_chassis_msgs/include/masc_chassis_msgs/masc_chassis_msgs/msg/detail/servo_motor_status_array__rosidl_typesupport_introspection_cpp.hpp\n'}
[133.432800] (masc_chassis_msgs) StdoutLine: {'line': b'-- Installing: /home/tiema/project/masc_chassis/chassis_ros_ws/install/masc_chassis_msgs/include/masc_chassis_msgs/masc_chassis_msgs/msg/detail/can_frame_stats__type_support.cpp\n'}
[133.432960] (masc_chassis_msgs) StdoutLine: {'line': b'-- Installing: /home/tiema/project/masc_chassis/chassis_ros_ws/install/masc_chassis_msgs/include/masc_chassis_msgs/masc_chassis_msgs/msg/detail/servo_motor_array__type_support.cpp\n'}
[133.433135] (masc_chassis_msgs) StdoutLine: {'line': b'-- Installing: /home/tiema/project/masc_chassis/chassis_ros_ws/install/masc_chassis_msgs/include/masc_chassis_msgs/masc_chassis_msgs/msg/detail/drive_motor_status__rosidl_typesupport_introspection_cpp.hpp\n'}
[133.433332] (masc_chassis_msgs) StdoutLine: {'line': b'-- Installing: /home/tiema/project/masc_chassis/chassis_ros_ws/install/masc_chassis_msgs/include/masc_chassis_msgs/masc_chassis_msgs/msg/detail/servo_motor_status__type_support.cpp\n'}
[133.433509] (masc_chassis_msgs) StdoutLine: {'line': b'-- Installing: /home/tiema/project/masc_chassis/chassis_ros_ws/install/masc_chassis_msgs/include/masc_chassis_msgs/masc_chassis_msgs/msg/detail/bms_status__type_support.cpp\n'}
[133.433705] (masc_chassis_msgs) StdoutLine: {'line': b'-- Installing: /home/tiema/project/masc_chassis/chassis_ros_ws/install/masc_chassis_msgs/include/masc_chassis_msgs/masc_chassis_msgs/msg/detail/can_frame_stats__rosidl_typesupport_introspection_cpp.hpp\n'}
[133.433899] (masc_chassis_msgs) StdoutLine: {'line': b'-- Installing: /home/tiema/project/masc_chassis/chassis_ros_ws/install/masc_chassis_msgs/include/masc_chassis_msgs/masc_chassis_msgs/msg/detail/servo_motor_array__rosidl_typesupport_introspection_cpp.hpp\n'}
[133.434104] (masc_chassis_msgs) StdoutLine: {'line': b'-- Up-to-date: /home/tiema/project/masc_chassis/chassis_ros_ws/install/masc_chassis_msgs/include/masc_chassis_msgs/masc_chassis_msgs/srv\n'}
[133.434226] (masc_chassis_msgs) StdoutLine: {'line': b'-- Up-to-date: /home/tiema/project/masc_chassis/chassis_ros_ws/install/masc_chassis_msgs/include/masc_chassis_msgs/masc_chassis_msgs/srv/detail\n'}
[133.434346] (masc_chassis_msgs) StdoutLine: {'line': b'-- Installing: /home/tiema/project/masc_chassis/chassis_ros_ws/install/masc_chassis_msgs/include/masc_chassis_msgs/masc_chassis_msgs/srv/detail/calibrate_servo__rosidl_typesupport_introspection_cpp.hpp\n'}
[133.434457] (masc_chassis_msgs) StdoutLine: {'line': b'-- Installing: /home/tiema/project/masc_chassis/chassis_ros_ws/install/masc_chassis_msgs/include/masc_chassis_msgs/masc_chassis_msgs/srv/detail/calibrate_servo__type_support.cpp\n'}
[133.434675] (masc_chassis_msgs) StdoutLine: {'line': b'-- Installing: /home/tiema/project/masc_chassis/chassis_ros_ws/install/masc_chassis_msgs/include/masc_chassis_msgs/masc_chassis_msgs/srv/detail/set_tow_mode__rosidl_typesupport_introspection_cpp.hpp\n'}
[133.434854] (masc_chassis_msgs) StdoutLine: {'line': b'-- Installing: /home/tiema/project/masc_chassis/chassis_ros_ws/install/masc_chassis_msgs/include/masc_chassis_msgs/masc_chassis_msgs/srv/detail/set_motion_mode__type_support.cpp\n'}
[133.435089] (masc_chassis_msgs) StdoutLine: {'line': b'-- Installing: /home/tiema/project/masc_chassis/chassis_ros_ws/install/masc_chassis_msgs/include/masc_chassis_msgs/masc_chassis_msgs/srv/detail/clear_fault__rosidl_typesupport_introspection_cpp.hpp\n'}
[133.435267] (masc_chassis_msgs) StdoutLine: {'line': b'-- Installing: /home/tiema/project/masc_chassis/chassis_ros_ws/install/masc_chassis_msgs/include/masc_chassis_msgs/masc_chassis_msgs/srv/detail/set_motion_mode__rosidl_typesupport_introspection_cpp.hpp\n'}
[133.435437] (masc_chassis_msgs) StdoutLine: {'line': b'-- Installing: /home/tiema/project/masc_chassis/chassis_ros_ws/install/masc_chassis_msgs/include/masc_chassis_msgs/masc_chassis_msgs/srv/detail/set_tow_mode__type_support.cpp\n'}
[133.435647] (masc_chassis_msgs) StdoutLine: {'line': b'-- Installing: /home/tiema/project/masc_chassis/chassis_ros_ws/install/masc_chassis_msgs/include/masc_chassis_msgs/masc_chassis_msgs/srv/detail/clear_fault__type_support.cpp\n'}
[133.436149] (masc_chassis_msgs) StdoutLine: {'line': b'-- Installing: /home/tiema/project/masc_chassis/chassis_ros_ws/install/masc_chassis_msgs/lib/libmasc_chassis_msgs__rosidl_typesupport_introspection_cpp.so\n'}
[133.438437] (masc_chassis_msgs) StdoutLine: {'line': b'-- Set non-toolchain portion of runtime path of "/home/tiema/project/masc_chassis/chassis_ros_ws/install/masc_chassis_msgs/lib/libmasc_chassis_msgs__rosidl_typesupport_introspection_cpp.so" to ""\n'}
[133.438711] (masc_chassis_msgs) StdoutLine: {'line': b'-- Installing: /home/tiema/project/masc_chassis/chassis_ros_ws/install/masc_chassis_msgs/lib/libmasc_chassis_msgs__rosidl_typesupport_cpp.so\n'}
[133.440097] (masc_chassis_msgs) StdoutLine: {'line': b'-- Set non-toolchain portion of runtime path of "/home/tiema/project/masc_chassis/chassis_ros_ws/install/masc_chassis_msgs/lib/libmasc_chassis_msgs__rosidl_typesupport_cpp.so" to ""\n'}
[133.440366] (masc_chassis_msgs) StdoutLine: {'line': b'-- Installing: /home/tiema/project/masc_chassis/chassis_ros_ws/install/masc_chassis_msgs/share/masc_chassis_msgs/environment/pythonpath.sh\n'}
[133.440688] (masc_chassis_msgs) StdoutLine: {'line': b'-- Installing: /home/tiema/project/masc_chassis/chassis_ros_ws/install/masc_chassis_msgs/share/masc_chassis_msgs/environment/pythonpath.dsv\n'}
[133.440977] (masc_chassis_msgs) StdoutLine: {'line': b'-- Installing: /home/tiema/project/masc_chassis/chassis_ros_ws/install/masc_chassis_msgs/lib/python3.12/site-packages/masc_chassis_msgs-1.0.0-py3.12.egg-info\n'}
[133.441223] (masc_chassis_msgs) StdoutLine: {'line': b'-- Installing: /home/tiema/project/masc_chassis/chassis_ros_ws/install/masc_chassis_msgs/lib/python3.12/site-packages/masc_chassis_msgs-1.0.0-py3.12.egg-info/top_level.txt\n'}
[133.441432] (masc_chassis_msgs) StdoutLine: {'line': b'-- Installing: /home/tiema/project/masc_chassis/chassis_ros_ws/install/masc_chassis_msgs/lib/python3.12/site-packages/masc_chassis_msgs-1.0.0-py3.12.egg-info/PKG-INFO\n'}
[133.441620] (masc_chassis_msgs) StdoutLine: {'line': b'-- Installing: /home/tiema/project/masc_chassis/chassis_ros_ws/install/masc_chassis_msgs/lib/python3.12/site-packages/masc_chassis_msgs-1.0.0-py3.12.egg-info/SOURCES.txt\n'}
[133.441780] (masc_chassis_msgs) StdoutLine: {'line': b'-- Installing: /home/tiema/project/masc_chassis/chassis_ros_ws/install/masc_chassis_msgs/lib/python3.12/site-packages/masc_chassis_msgs-1.0.0-py3.12.egg-info/dependency_links.txt\n'}
[133.442134] (masc_chassis_msgs) StdoutLine: {'line': b'-- Installing: /home/tiema/project/masc_chassis/chassis_ros_ws/install/masc_chassis_msgs/lib/python3.12/site-packages/masc_chassis_msgs\n'}
[133.442303] (masc_chassis_msgs) StdoutLine: {'line': b'-- Installing: /home/tiema/project/masc_chassis/chassis_ros_ws/install/masc_chassis_msgs/lib/python3.12/site-packages/masc_chassis_msgs/_masc_chassis_msgs_s.ep.rosidl_typesupport_introspection_c.c\n'}
[133.442921] (masc_chassis_msgs) StdoutLine: {'line': b'-- Installing: /home/tiema/project/masc_chassis/chassis_ros_ws/install/masc_chassis_msgs/lib/python3.12/site-packages/masc_chassis_msgs/masc_chassis_msgs_s__rosidl_typesupport_introspection_c.so\n'}
[133.443874] (masc_chassis_msgs) StdoutLine: {'line': b'-- Installing: /home/tiema/project/masc_chassis/chassis_ros_ws/install/masc_chassis_msgs/lib/python3.12/site-packages/masc_chassis_msgs/msg\n'}
[133.444397] (masc_chassis_msgs) StdoutLine: {'line': b'-- Installing: /home/tiema/project/masc_chassis/chassis_ros_ws/install/masc_chassis_msgs/lib/python3.12/site-packages/masc_chassis_msgs/msg/_servo_motor_s.c\n'}
[133.444676] (masc_chassis_msgs) StdoutLine: {'line': b'-- Installing: /home/tiema/project/masc_chassis/chassis_ros_ws/install/masc_chassis_msgs/lib/python3.12/site-packages/masc_chassis_msgs/msg/_comm_status.py\n'}
[133.444854] (masc_chassis_msgs) StdoutLine: {'line': b'-- Installing: /home/tiema/project/masc_chassis/chassis_ros_ws/install/masc_chassis_msgs/lib/python3.12/site-packages/masc_chassis_msgs/msg/_chassis_status.py\n'}
[133.445027] (masc_chassis_msgs) StdoutLine: {'line': b'-- Installing: /home/tiema/project/masc_chassis/chassis_ros_ws/install/masc_chassis_msgs/lib/python3.12/site-packages/masc_chassis_msgs/msg/_comm_status_s.c\n'}
[133.445169] (masc_chassis_msgs) StdoutLine: {'line': b'-- Installing: /home/tiema/project/masc_chassis/chassis_ros_ws/install/masc_chassis_msgs/lib/python3.12/site-packages/masc_chassis_msgs/msg/_can_frame_stats_s.c\n'}
[133.445348] (masc_chassis_msgs) StdoutLine: {'line': b'-- Installing: /home/tiema/project/masc_chassis/chassis_ros_ws/install/masc_chassis_msgs/lib/python3.12/site-packages/masc_chassis_msgs/msg/_drive_motor_array_s.c\n'}
[133.445478] (masc_chassis_msgs) StdoutLine: {'line': b'-- Installing: /home/tiema/project/masc_chassis/chassis_ros_ws/install/masc_chassis_msgs/lib/python3.12/site-packages/masc_chassis_msgs/msg/_can_frame_stats_array.py\n'}
[133.445629] (masc_chassis_msgs) StdoutLine: {'line': b'-- Installing: /home/tiema/project/masc_chassis/chassis_ros_ws/install/masc_chassis_msgs/lib/python3.12/site-packages/masc_chassis_msgs/msg/_servo_motor_status_s.c\n'}
[133.445790] (masc_chassis_msgs) StdoutLine: {'line': b'-- Installing: /home/tiema/project/masc_chassis/chassis_ros_ws/install/masc_chassis_msgs/lib/python3.12/site-packages/masc_chassis_msgs/msg/__init__.py\n'}
[133.446078] (masc_chassis_msgs) StdoutLine: {'line': b'-- Installing: /home/tiema/project/masc_chassis/chassis_ros_ws/install/masc_chassis_msgs/lib/python3.12/site-packages/masc_chassis_msgs/msg/_can_frame_stats_array_s.c\n'}
[133.446324] (masc_chassis_msgs) StdoutLine: {'line': b'-- Installing: /home/tiema/project/masc_chassis/chassis_ros_ws/install/masc_chassis_msgs/lib/python3.12/site-packages/masc_chassis_msgs/msg/_drive_motor_status_array_s.c\n'}
[133.446575] (masc_chassis_msgs) StdoutLine: {'line': b'-- Installing: /home/tiema/project/masc_chassis/chassis_ros_ws/install/masc_chassis_msgs/lib/python3.12/site-packages/masc_chassis_msgs/msg/_servo_motor.py\n'}
[133.446756] (masc_chassis_msgs) StdoutLine: {'line': b'-- Installing: /home/tiema/project/masc_chassis/chassis_ros_ws/install/masc_chassis_msgs/lib/python3.12/site-packages/masc_chassis_msgs/msg/_rc_status.py\n'}
[133.446916] (masc_chassis_msgs) StdoutLine: {'line': b'-- Installing: /home/tiema/project/masc_chassis/chassis_ros_ws/install/masc_chassis_msgs/lib/python3.12/site-packages/masc_chassis_msgs/msg/_can_frame_stats.py\n'}
[133.447186] (masc_chassis_msgs) StdoutLine: {'line': b'-- Installing: /home/tiema/project/masc_chassis/chassis_ros_ws/install/masc_chassis_msgs/lib/python3.12/site-packages/masc_chassis_msgs/msg/_drive_motor_status_array.py\n'}
[133.447498] (masc_chassis_msgs) StdoutLine: {'line': b'-- Installing: /home/tiema/project/masc_chassis/chassis_ros_ws/install/masc_chassis_msgs/lib/python3.12/site-packages/masc_chassis_msgs/msg/_rc_status_s.c\n'}
[133.447692] (masc_chassis_msgs) StdoutLine: {'line': b'-- Installing: /home/tiema/project/masc_chassis/chassis_ros_ws/install/masc_chassis_msgs/lib/python3.12/site-packages/masc_chassis_msgs/msg/_drive_motor_status.py\n'}
[133.447903] (masc_chassis_msgs) StdoutLine: {'line': b'-- Installing: /home/tiema/project/masc_chassis/chassis_ros_ws/install/masc_chassis_msgs/lib/python3.12/site-packages/masc_chassis_msgs/msg/_drive_motor_array.py\n'}
[133.448067] (masc_chassis_msgs) StdoutLine: {'line': b'-- Installing: /home/tiema/project/masc_chassis/chassis_ros_ws/install/masc_chassis_msgs/lib/python3.12/site-packages/masc_chassis_msgs/msg/_servo_motor_array_s.c\n'}
[133.448201] (masc_chassis_msgs) StdoutLine: {'line': b'-- Installing: /home/tiema/project/masc_chassis/chassis_ros_ws/install/masc_chassis_msgs/lib/python3.12/site-packages/masc_chassis_msgs/msg/_chassis_status_s.c\n'}
[133.448301] (masc_chassis_msgs) StdoutLine: {'line': b'-- Installing: /home/tiema/project/masc_chassis/chassis_ros_ws/install/masc_chassis_msgs/lib/python3.12/site-packages/masc_chassis_msgs/msg/_drive_motor_status_s.c\n'}
[133.448387] (masc_chassis_msgs) StdoutLine: {'line': b'-- Installing: /home/tiema/project/masc_chassis/chassis_ros_ws/install/masc_chassis_msgs/lib/python3.12/site-packages/masc_chassis_msgs/msg/_bms_status_s.c\n'}
[133.448537] (masc_chassis_msgs) StdoutLine: {'line': b'-- Installing: /home/tiema/project/masc_chassis/chassis_ros_ws/install/masc_chassis_msgs/lib/python3.12/site-packages/masc_chassis_msgs/msg/_drive_motor_s.c\n'}
[133.448684] (masc_chassis_msgs) StdoutLine: {'line': b'-- Installing: /home/tiema/project/masc_chassis/chassis_ros_ws/install/masc_chassis_msgs/lib/python3.12/site-packages/masc_chassis_msgs/msg/_servo_motor_status.py\n'}
[133.448958] (masc_chassis_msgs) StdoutLine: {'line': b'-- Installing: /home/tiema/project/masc_chassis/chassis_ros_ws/install/masc_chassis_msgs/lib/python3.12/site-packages/masc_chassis_msgs/msg/_servo_motor_status_array_s.c\n'}
[133.449239] (masc_chassis_msgs) StdoutLine: {'line': b'-- Installing: /home/tiema/project/masc_chassis/chassis_ros_ws/install/masc_chassis_msgs/lib/python3.12/site-packages/masc_chassis_msgs/msg/_drive_motor.py\n'}
[133.449487] (masc_chassis_msgs) StdoutLine: {'line': b'-- Installing: /home/tiema/project/masc_chassis/chassis_ros_ws/install/masc_chassis_msgs/lib/python3.12/site-packages/masc_chassis_msgs/msg/_servo_motor_status_array.py\n'}
[133.449848] (masc_chassis_msgs) StdoutLine: {'line': b'-- Installing: /home/tiema/project/masc_chassis/chassis_ros_ws/install/masc_chassis_msgs/lib/python3.12/site-packages/masc_chassis_msgs/msg/_servo_motor_array.py\n'}
[133.450220] (masc_chassis_msgs) StdoutLine: {'line': b'-- Installing: /home/tiema/project/masc_chassis/chassis_ros_ws/install/masc_chassis_msgs/lib/python3.12/site-packages/masc_chassis_msgs/msg/_bms_status.py\n'}
[133.450551] (masc_chassis_msgs) StdoutLine: {'line': b'-- Installing: /home/tiema/project/masc_chassis/chassis_ros_ws/install/masc_chassis_msgs/lib/python3.12/site-packages/masc_chassis_msgs/__init__.py\n'}
[133.450722] (masc_chassis_msgs) StdoutLine: {'line': b'-- Installing: /home/tiema/project/masc_chassis/chassis_ros_ws/install/masc_chassis_msgs/lib/python3.12/site-packages/masc_chassis_msgs/_masc_chassis_msgs_s.ep.rosidl_typesupport_fastrtps_c.c\n'}
[133.451248] (masc_chassis_msgs) StdoutLine: {'line': b'-- Installing: /home/tiema/project/masc_chassis/chassis_ros_ws/install/masc_chassis_msgs/lib/python3.12/site-packages/masc_chassis_msgs/masc_chassis_msgs_s__rosidl_typesupport_fastrtps_c.so\n'}
[133.451666] (masc_chassis_msgs) StdoutLine: {'line': b'-- Installing: /home/tiema/project/masc_chassis/chassis_ros_ws/install/masc_chassis_msgs/lib/python3.12/site-packages/masc_chassis_msgs/srv\n'}
[133.451937] (masc_chassis_msgs) StdoutLine: {'line': b'-- Installing: /home/tiema/project/masc_chassis/chassis_ros_ws/install/masc_chassis_msgs/lib/python3.12/site-packages/masc_chassis_msgs/srv/_set_tow_mode_s.c\n'}
[133.452206] (masc_chassis_msgs) StdoutLine: {'line': b'-- Installing: /home/tiema/project/masc_chassis/chassis_ros_ws/install/masc_chassis_msgs/lib/python3.12/site-packages/masc_chassis_msgs/srv/_set_tow_mode.py\n'}
[133.452435] (masc_chassis_msgs) StdoutLine: {'line': b'-- Installing: /home/tiema/project/masc_chassis/chassis_ros_ws/install/masc_chassis_msgs/lib/python3.12/site-packages/masc_chassis_msgs/srv/_clear_fault.py\n'}
[133.452674] (masc_chassis_msgs) StdoutLine: {'line': b'-- Installing: /home/tiema/project/masc_chassis/chassis_ros_ws/install/masc_chassis_msgs/lib/python3.12/site-packages/masc_chassis_msgs/srv/_calibrate_servo.py\n'}
[133.452918] (masc_chassis_msgs) StdoutLine: {'line': b'-- Installing: /home/tiema/project/masc_chassis/chassis_ros_ws/install/masc_chassis_msgs/lib/python3.12/site-packages/masc_chassis_msgs/srv/__init__.py\n'}
[133.453083] (masc_chassis_msgs) StdoutLine: {'line': b'-- Installing: /home/tiema/project/masc_chassis/chassis_ros_ws/install/masc_chassis_msgs/lib/python3.12/site-packages/masc_chassis_msgs/srv/_set_motion_mode.py\n'}
[133.453278] (masc_chassis_msgs) StdoutLine: {'line': b'-- Installing: /home/tiema/project/masc_chassis/chassis_ros_ws/install/masc_chassis_msgs/lib/python3.12/site-packages/masc_chassis_msgs/srv/_set_motion_mode_s.c\n'}
[133.453467] (masc_chassis_msgs) StdoutLine: {'line': b'-- Installing: /home/tiema/project/masc_chassis/chassis_ros_ws/install/masc_chassis_msgs/lib/python3.12/site-packages/masc_chassis_msgs/srv/_clear_fault_s.c\n'}
[133.453688] (masc_chassis_msgs) StdoutLine: {'line': b'-- Installing: /home/tiema/project/masc_chassis/chassis_ros_ws/install/masc_chassis_msgs/lib/python3.12/site-packages/masc_chassis_msgs/srv/_calibrate_servo_s.c\n'}
[133.453890] (masc_chassis_msgs) StdoutLine: {'line': b'-- Installing: /home/tiema/project/masc_chassis/chassis_ros_ws/install/masc_chassis_msgs/lib/python3.12/site-packages/masc_chassis_msgs/_masc_chassis_msgs_s.ep.rosidl_typesupport_c.c\n'}
[133.454264] (masc_chassis_msgs) StdoutLine: {'line': b'-- Installing: /home/tiema/project/masc_chassis/chassis_ros_ws/install/masc_chassis_msgs/lib/python3.12/site-packages/masc_chassis_msgs/masc_chassis_msgs_s__rosidl_typesupport_c.so\n'}
[133.483947] (-) TimerEvent: {}
[133.581354] (masc_chassis_msgs) StdoutLine: {'line': b"Listing '/home/tiema/project/masc_chassis/chassis_ros_ws/install/masc_chassis_msgs/lib/python3.12/site-packages/masc_chassis_msgs'...\n"}
[133.581642] (masc_chassis_msgs) StdoutLine: {'line': b"Compiling '/home/tiema/project/masc_chassis/chassis_ros_ws/install/masc_chassis_msgs/lib/python3.12/site-packages/masc_chassis_msgs/__init__.py'...\n"}
[133.581747] (masc_chassis_msgs) StdoutLine: {'line': b"Listing '/home/tiema/project/masc_chassis/chassis_ros_ws/install/masc_chassis_msgs/lib/python3.12/site-packages/masc_chassis_msgs/msg'...\n"}
[133.581940] (masc_chassis_msgs) StdoutLine: {'line': b"Compiling '/home/tiema/project/masc_chassis/chassis_ros_ws/install/masc_chassis_msgs/lib/python3.12/site-packages/masc_chassis_msgs/msg/__init__.py'...\n"}
[133.582035] (masc_chassis_msgs) StdoutLine: {'line': b"Compiling '/home/tiema/project/masc_chassis/chassis_ros_ws/install/masc_chassis_msgs/lib/python3.12/site-packages/masc_chassis_msgs/msg/_bms_status.py'...\n"}
[133.582122] (masc_chassis_msgs) StdoutLine: {'line': b"Compiling '/home/tiema/project/masc_chassis/chassis_ros_ws/install/masc_chassis_msgs/lib/python3.12/site-packages/masc_chassis_msgs/msg/_can_frame_stats.py'...\n"}
[133.582199] (masc_chassis_msgs) StdoutLine: {'line': b"Compiling '/home/tiema/project/masc_chassis/chassis_ros_ws/install/masc_chassis_msgs/lib/python3.12/site-packages/masc_chassis_msgs/msg/_can_frame_stats_array.py'...\n"}
[133.582278] (masc_chassis_msgs) StdoutLine: {'line': b"Compiling '/home/tiema/project/masc_chassis/chassis_ros_ws/install/masc_chassis_msgs/lib/python3.12/site-packages/masc_chassis_msgs/msg/_chassis_status.py'...\n"}
[133.582355] (masc_chassis_msgs) StdoutLine: {'line': b"Compiling '/home/tiema/project/masc_chassis/chassis_ros_ws/install/masc_chassis_msgs/lib/python3.12/site-packages/masc_chassis_msgs/msg/_comm_status.py'...\n"}
[133.582447] (masc_chassis_msgs) StdoutLine: {'line': b"Compiling '/home/tiema/project/masc_chassis/chassis_ros_ws/install/masc_chassis_msgs/lib/python3.12/site-packages/masc_chassis_msgs/msg/_drive_motor.py'...\n"}
[133.582529] (masc_chassis_msgs) StdoutLine: {'line': b"Compiling '/home/tiema/project/masc_chassis/chassis_ros_ws/install/masc_chassis_msgs/lib/python3.12/site-packages/masc_chassis_msgs/msg/_drive_motor_array.py'...\n"}
[133.582604] (masc_chassis_msgs) StdoutLine: {'line': b"Compiling '/home/tiema/project/masc_chassis/chassis_ros_ws/install/masc_chassis_msgs/lib/python3.12/site-packages/masc_chassis_msgs/msg/_drive_motor_status.py'...\n"}
[133.582681] (masc_chassis_msgs) StdoutLine: {'line': b"Compiling '/home/tiema/project/masc_chassis/chassis_ros_ws/install/masc_chassis_msgs/lib/python3.12/site-packages/masc_chassis_msgs/msg/_drive_motor_status_array.py'...\n"}
[133.582756] (masc_chassis_msgs) StdoutLine: {'line': b"Compiling '/home/tiema/project/masc_chassis/chassis_ros_ws/install/masc_chassis_msgs/lib/python3.12/site-packages/masc_chassis_msgs/msg/_rc_status.py'...\n"}
[133.582857] (masc_chassis_msgs) StdoutLine: {'line': b"Compiling '/home/tiema/project/masc_chassis/chassis_ros_ws/install/masc_chassis_msgs/lib/python3.12/site-packages/masc_chassis_msgs/msg/_servo_motor.py'...\n"}
[133.582936] (masc_chassis_msgs) StdoutLine: {'line': b"Compiling '/home/tiema/project/masc_chassis/chassis_ros_ws/install/masc_chassis_msgs/lib/python3.12/site-packages/masc_chassis_msgs/msg/_servo_motor_array.py'...\n"}
[133.583034] (masc_chassis_msgs) StdoutLine: {'line': b"Compiling '/home/tiema/project/masc_chassis/chassis_ros_ws/install/masc_chassis_msgs/lib/python3.12/site-packages/masc_chassis_msgs/msg/_servo_motor_status.py'...\n"}
[133.583114] (masc_chassis_msgs) StdoutLine: {'line': b"Compiling '/home/tiema/project/masc_chassis/chassis_ros_ws/install/masc_chassis_msgs/lib/python3.12/site-packages/masc_chassis_msgs/msg/_servo_motor_status_array.py'...\n"}
[133.583190] (masc_chassis_msgs) StdoutLine: {'line': b"Listing '/home/tiema/project/masc_chassis/chassis_ros_ws/install/masc_chassis_msgs/lib/python3.12/site-packages/masc_chassis_msgs/srv'...\n"}
[133.583265] (masc_chassis_msgs) StdoutLine: {'line': b"Compiling '/home/tiema/project/masc_chassis/chassis_ros_ws/install/masc_chassis_msgs/lib/python3.12/site-packages/masc_chassis_msgs/srv/__init__.py'...\n"}
[133.583339] (masc_chassis_msgs) StdoutLine: {'line': b"Compiling '/home/tiema/project/masc_chassis/chassis_ros_ws/install/masc_chassis_msgs/lib/python3.12/site-packages/masc_chassis_msgs/srv/_calibrate_servo.py'...\n"}
[133.583413] (masc_chassis_msgs) StdoutLine: {'line': b"Compiling '/home/tiema/project/masc_chassis/chassis_ros_ws/install/masc_chassis_msgs/lib/python3.12/site-packages/masc_chassis_msgs/srv/_clear_fault.py'...\n"}
[133.583497] (masc_chassis_msgs) StdoutLine: {'line': b"Compiling '/home/tiema/project/masc_chassis/chassis_ros_ws/install/masc_chassis_msgs/lib/python3.12/site-packages/masc_chassis_msgs/srv/_set_motion_mode.py'...\n"}
[133.583572] (masc_chassis_msgs) StdoutLine: {'line': b"Compiling '/home/tiema/project/masc_chassis/chassis_ros_ws/install/masc_chassis_msgs/lib/python3.12/site-packages/masc_chassis_msgs/srv/_set_tow_mode.py'...\n"}
[133.584021] (-) TimerEvent: {}
[133.597327] (masc_chassis_msgs) StdoutLine: {'line': b'-- Installing: /home/tiema/project/masc_chassis/chassis_ros_ws/install/masc_chassis_msgs/lib/python3.12/site-packages/masc_chassis_msgs/masc_chassis_msgs_s__rosidl_typesupport_fastrtps_c.so\n'}
[133.598173] (masc_chassis_msgs) StdoutLine: {'line': b'-- Set non-toolchain portion of runtime path of "/home/tiema/project/masc_chassis/chassis_ros_ws/install/masc_chassis_msgs/lib/python3.12/site-packages/masc_chassis_msgs/masc_chassis_msgs_s__rosidl_typesupport_fastrtps_c.so" to ""\n'}
[133.598617] (masc_chassis_msgs) StdoutLine: {'line': b'-- Installing: /home/tiema/project/masc_chassis/chassis_ros_ws/install/masc_chassis_msgs/lib/python3.12/site-packages/masc_chassis_msgs/masc_chassis_msgs_s__rosidl_typesupport_introspection_c.so\n'}
[133.599351] (masc_chassis_msgs) StdoutLine: {'line': b'-- Set non-toolchain portion of runtime path of "/home/tiema/project/masc_chassis/chassis_ros_ws/install/masc_chassis_msgs/lib/python3.12/site-packages/masc_chassis_msgs/masc_chassis_msgs_s__rosidl_typesupport_introspection_c.so" to ""\n'}
[133.599740] (masc_chassis_msgs) StdoutLine: {'line': b'-- Installing: /home/tiema/project/masc_chassis/chassis_ros_ws/install/masc_chassis_msgs/lib/python3.12/site-packages/masc_chassis_msgs/masc_chassis_msgs_s__rosidl_typesupport_c.so\n'}
[133.600444] (masc_chassis_msgs) StdoutLine: {'line': b'-- Set non-toolchain portion of runtime path of "/home/tiema/project/masc_chassis/chassis_ros_ws/install/masc_chassis_msgs/lib/python3.12/site-packages/masc_chassis_msgs/masc_chassis_msgs_s__rosidl_typesupport_c.so" to ""\n'}
[133.600588] (masc_chassis_msgs) StdoutLine: {'line': b'-- Installing: /home/tiema/project/masc_chassis/chassis_ros_ws/install/masc_chassis_msgs/lib/libmasc_chassis_msgs__rosidl_generator_py.so\n'}
[133.601801] (masc_chassis_msgs) StdoutLine: {'line': b'-- Set non-toolchain portion of runtime path of "/home/tiema/project/masc_chassis/chassis_ros_ws/install/masc_chassis_msgs/lib/libmasc_chassis_msgs__rosidl_generator_py.so" to ""\n'}
[133.602032] (masc_chassis_msgs) StdoutLine: {'line': b'-- Installing: /home/tiema/project/masc_chassis/chassis_ros_ws/install/masc_chassis_msgs/share/ament_index/resource_index/rust_packages/masc_chassis_msgs\n'}
[133.602265] (masc_chassis_msgs) StdoutLine: {'line': b'-- Installing: /home/tiema/project/masc_chassis/chassis_ros_ws/install/masc_chassis_msgs/share/masc_chassis_msgs/rust\n'}
[133.602465] (masc_chassis_msgs) StdoutLine: {'line': b'-- Installing: /home/tiema/project/masc_chassis/chassis_ros_ws/install/masc_chassis_msgs/share/masc_chassis_msgs/rust/build.rs\n'}
[133.602590] (masc_chassis_msgs) StdoutLine: {'line': b'-- Installing: /home/tiema/project/masc_chassis/chassis_ros_ws/install/masc_chassis_msgs/share/masc_chassis_msgs/rust/src\n'}
[133.602707] (masc_chassis_msgs) StdoutLine: {'line': b'-- Installing: /home/tiema/project/masc_chassis/chassis_ros_ws/install/masc_chassis_msgs/share/masc_chassis_msgs/rust/src/msg\n'}
[133.602834] (masc_chassis_msgs) StdoutLine: {'line': b'-- Installing: /home/tiema/project/masc_chassis/chassis_ros_ws/install/masc_chassis_msgs/share/masc_chassis_msgs/rust/src/msg/rmw.rs\n'}
[133.603044] (masc_chassis_msgs) StdoutLine: {'line': b'-- Installing: /home/tiema/project/masc_chassis/chassis_ros_ws/install/masc_chassis_msgs/share/masc_chassis_msgs/rust/src/lib.rs\n'}
[133.603174] (masc_chassis_msgs) StdoutLine: {'line': b'-- Installing: /home/tiema/project/masc_chassis/chassis_ros_ws/install/masc_chassis_msgs/share/masc_chassis_msgs/rust/src/srv\n'}
[133.603291] (masc_chassis_msgs) StdoutLine: {'line': b'-- Installing: /home/tiema/project/masc_chassis/chassis_ros_ws/install/masc_chassis_msgs/share/masc_chassis_msgs/rust/src/srv/rmw.rs\n'}
[133.603490] (masc_chassis_msgs) StdoutLine: {'line': b'-- Installing: /home/tiema/project/masc_chassis/chassis_ros_ws/install/masc_chassis_msgs/share/masc_chassis_msgs/rust/src/srv.rs\n'}
[133.603641] (masc_chassis_msgs) StdoutLine: {'line': b'-- Installing: /home/tiema/project/masc_chassis/chassis_ros_ws/install/masc_chassis_msgs/share/masc_chassis_msgs/rust/src/msg.rs\n'}
[133.603873] (masc_chassis_msgs) StdoutLine: {'line': b'-- Installing: /home/tiema/project/masc_chassis/chassis_ros_ws/install/masc_chassis_msgs/share/masc_chassis_msgs/rust/Cargo.toml\n'}
[133.604178] (masc_chassis_msgs) StdoutLine: {'line': b'-- Installing: /home/tiema/project/masc_chassis/chassis_ros_ws/install/masc_chassis_msgs/share/masc_chassis_msgs/msg/BmsStatus.idl\n'}
[133.604567] (masc_chassis_msgs) StdoutLine: {'line': b'-- Installing: /home/tiema/project/masc_chassis/chassis_ros_ws/install/masc_chassis_msgs/share/masc_chassis_msgs/msg/CanFrameStats.idl\n'}
[133.604846] (masc_chassis_msgs) StdoutLine: {'line': b'-- Installing: /home/tiema/project/masc_chassis/chassis_ros_ws/install/masc_chassis_msgs/share/masc_chassis_msgs/msg/CanFrameStatsArray.idl\n'}
[133.605095] (masc_chassis_msgs) StdoutLine: {'line': b'-- Installing: /home/tiema/project/masc_chassis/chassis_ros_ws/install/masc_chassis_msgs/share/masc_chassis_msgs/msg/ChassisStatus.idl\n'}
[133.605338] (masc_chassis_msgs) StdoutLine: {'line': b'-- Installing: /home/tiema/project/masc_chassis/chassis_ros_ws/install/masc_chassis_msgs/share/masc_chassis_msgs/msg/CommStatus.idl\n'}
[133.605603] (masc_chassis_msgs) StdoutLine: {'line': b'-- Installing: /home/tiema/project/masc_chassis/chassis_ros_ws/install/masc_chassis_msgs/share/masc_chassis_msgs/msg/DriveMotor.idl\n'}
[133.605897] (masc_chassis_msgs) StdoutLine: {'line': b'-- Installing: /home/tiema/project/masc_chassis/chassis_ros_ws/install/masc_chassis_msgs/share/masc_chassis_msgs/msg/DriveMotorArray.idl\n'}
[133.606158] (masc_chassis_msgs) StdoutLine: {'line': b'-- Installing: /home/tiema/project/masc_chassis/chassis_ros_ws/install/masc_chassis_msgs/share/masc_chassis_msgs/msg/DriveMotorStatus.idl\n'}
[133.606513] (masc_chassis_msgs) StdoutLine: {'line': b'-- Installing: /home/tiema/project/masc_chassis/chassis_ros_ws/install/masc_chassis_msgs/share/masc_chassis_msgs/msg/DriveMotorStatusArray.idl\n'}
[133.607078] (masc_chassis_msgs) StdoutLine: {'line': b'-- Installing: /home/tiema/project/masc_chassis/chassis_ros_ws/install/masc_chassis_msgs/share/masc_chassis_msgs/msg/RcStatus.idl\n'}
[133.607549] (masc_chassis_msgs) StdoutLine: {'line': b'-- Installing: /home/tiema/project/masc_chassis/chassis_ros_ws/install/masc_chassis_msgs/share/masc_chassis_msgs/msg/ServoMotor.idl\n'}
[133.608045] (masc_chassis_msgs) StdoutLine: {'line': b'-- Installing: /home/tiema/project/masc_chassis/chassis_ros_ws/install/masc_chassis_msgs/share/masc_chassis_msgs/msg/ServoMotorArray.idl\n'}
[133.608324] (masc_chassis_msgs) StdoutLine: {'line': b'-- Installing: /home/tiema/project/masc_chassis/chassis_ros_ws/install/masc_chassis_msgs/share/masc_chassis_msgs/msg/ServoMotorStatus.idl\n'}
[133.608587] (masc_chassis_msgs) StdoutLine: {'line': b'-- Installing: /home/tiema/project/masc_chassis/chassis_ros_ws/install/masc_chassis_msgs/share/masc_chassis_msgs/msg/ServoMotorStatusArray.idl\n'}
[133.608946] (masc_chassis_msgs) StdoutLine: {'line': b'-- Installing: /home/tiema/project/masc_chassis/chassis_ros_ws/install/masc_chassis_msgs/share/masc_chassis_msgs/srv/ClearFault.idl\n'}
[133.609298] (masc_chassis_msgs) StdoutLine: {'line': b'-- Installing: /home/tiema/project/masc_chassis/chassis_ros_ws/install/masc_chassis_msgs/share/masc_chassis_msgs/srv/CalibrateServo.idl\n'}
[133.609546] (masc_chassis_msgs) StdoutLine: {'line': b'-- Installing: /home/tiema/project/masc_chassis/chassis_ros_ws/install/masc_chassis_msgs/share/masc_chassis_msgs/srv/SetMotionMode.idl\n'}
[133.609933] (masc_chassis_msgs) StdoutLine: {'line': b'-- Installing: /home/tiema/project/masc_chassis/chassis_ros_ws/install/masc_chassis_msgs/share/masc_chassis_msgs/srv/SetTowMode.idl\n'}
[133.610332] (masc_chassis_msgs) StdoutLine: {'line': b'-- Installing: /home/tiema/project/masc_chassis/chassis_ros_ws/install/masc_chassis_msgs/share/masc_chassis_msgs/msg/BmsStatus.msg\n'}
[133.611320] (masc_chassis_msgs) StdoutLine: {'line': b'-- Installing: /home/tiema/project/masc_chassis/chassis_ros_ws/install/masc_chassis_msgs/share/masc_chassis_msgs/msg/CanFrameStats.msg\n'}
[133.612592] (masc_chassis_msgs) StdoutLine: {'line': b'-- Installing: /home/tiema/project/masc_chassis/chassis_ros_ws/install/masc_chassis_msgs/share/masc_chassis_msgs/msg/CanFrameStatsArray.msg\n'}
[133.613078] (masc_chassis_msgs) StdoutLine: {'line': b'-- Installing: /home/tiema/project/masc_chassis/chassis_ros_ws/install/masc_chassis_msgs/share/masc_chassis_msgs/msg/ChassisStatus.msg\n'}
[133.613383] (masc_chassis_msgs) StdoutLine: {'line': b'-- Installing: /home/tiema/project/masc_chassis/chassis_ros_ws/install/masc_chassis_msgs/share/masc_chassis_msgs/msg/CommStatus.msg\n'}
[133.615058] (masc_chassis_msgs) StdoutLine: {'line': b'-- Installing: /home/tiema/project/masc_chassis/chassis_ros_ws/install/masc_chassis_msgs/share/masc_chassis_msgs/msg/DriveMotor.msg\n'}
[133.615430] (masc_chassis_msgs) StdoutLine: {'line': b'-- Installing: /home/tiema/project/masc_chassis/chassis_ros_ws/install/masc_chassis_msgs/share/masc_chassis_msgs/msg/DriveMotorArray.msg\n'}
[133.615602] (masc_chassis_msgs) StdoutLine: {'line': b'-- Installing: /home/tiema/project/masc_chassis/chassis_ros_ws/install/masc_chassis_msgs/share/masc_chassis_msgs/msg/DriveMotorStatus.msg\n'}
[133.615771] (masc_chassis_msgs) StdoutLine: {'line': b'-- Installing: /home/tiema/project/masc_chassis/chassis_ros_ws/install/masc_chassis_msgs/share/masc_chassis_msgs/msg/DriveMotorStatusArray.msg\n'}
[133.616071] (masc_chassis_msgs) StdoutLine: {'line': b'-- Installing: /home/tiema/project/masc_chassis/chassis_ros_ws/install/masc_chassis_msgs/share/masc_chassis_msgs/msg/RcStatus.msg\n'}
[133.616239] (masc_chassis_msgs) StdoutLine: {'line': b'-- Installing: /home/tiema/project/masc_chassis/chassis_ros_ws/install/masc_chassis_msgs/share/masc_chassis_msgs/msg/ServoMotor.msg\n'}
[133.616397] (masc_chassis_msgs) StdoutLine: {'line': b'-- Installing: /home/tiema/project/masc_chassis/chassis_ros_ws/install/masc_chassis_msgs/share/masc_chassis_msgs/msg/ServoMotorArray.msg\n'}
[133.616713] (masc_chassis_msgs) StdoutLine: {'line': b'-- Installing: /home/tiema/project/masc_chassis/chassis_ros_ws/install/masc_chassis_msgs/share/masc_chassis_msgs/msg/ServoMotorStatus.msg\n'}
[133.617042] (masc_chassis_msgs) StdoutLine: {'line': b'-- Installing: /home/tiema/project/masc_chassis/chassis_ros_ws/install/masc_chassis_msgs/share/masc_chassis_msgs/msg/ServoMotorStatusArray.msg\n'}
[133.617260] (masc_chassis_msgs) StdoutLine: {'line': b'-- Installing: /home/tiema/project/masc_chassis/chassis_ros_ws/install/masc_chassis_msgs/share/masc_chassis_msgs/srv/ClearFault.srv\n'}
[133.617593] (masc_chassis_msgs) StdoutLine: {'line': b'-- Installing: /home/tiema/project/masc_chassis/chassis_ros_ws/install/masc_chassis_msgs/share/masc_chassis_msgs/srv/CalibrateServo.srv\n'}
[133.617894] (masc_chassis_msgs) StdoutLine: {'line': b'-- Installing: /home/tiema/project/masc_chassis/chassis_ros_ws/install/masc_chassis_msgs/share/masc_chassis_msgs/srv/SetMotionMode.srv\n'}
[133.618170] (masc_chassis_msgs) StdoutLine: {'line': b'-- Installing: /home/tiema/project/masc_chassis/chassis_ros_ws/install/masc_chassis_msgs/share/masc_chassis_msgs/srv/SetTowMode.srv\n'}
[133.618576] (masc_chassis_msgs) StdoutLine: {'line': b'-- Installing: /home/tiema/project/masc_chassis/chassis_ros_ws/install/masc_chassis_msgs/share/ament_index/resource_index/package_run_dependencies/masc_chassis_msgs\n'}
[133.618984] (masc_chassis_msgs) StdoutLine: {'line': b'-- Installing: /home/tiema/project/masc_chassis/chassis_ros_ws/install/masc_chassis_msgs/share/ament_index/resource_index/parent_prefix_path/masc_chassis_msgs\n'}
[133.619285] (masc_chassis_msgs) StdoutLine: {'line': b'-- Installing: /home/tiema/project/masc_chassis/chassis_ros_ws/install/masc_chassis_msgs/share/masc_chassis_msgs/environment/ament_prefix_path.sh\n'}
[133.619554] (masc_chassis_msgs) StdoutLine: {'line': b'-- Installing: /home/tiema/project/masc_chassis/chassis_ros_ws/install/masc_chassis_msgs/share/masc_chassis_msgs/environment/ament_prefix_path.dsv\n'}
[133.619898] (masc_chassis_msgs) StdoutLine: {'line': b'-- Installing: /home/tiema/project/masc_chassis/chassis_ros_ws/install/masc_chassis_msgs/share/masc_chassis_msgs/environment/path.sh\n'}
[133.620113] (masc_chassis_msgs) StdoutLine: {'line': b'-- Installing: /home/tiema/project/masc_chassis/chassis_ros_ws/install/masc_chassis_msgs/share/masc_chassis_msgs/environment/path.dsv\n'}
[133.620415] (masc_chassis_msgs) StdoutLine: {'line': b'-- Installing: /home/tiema/project/masc_chassis/chassis_ros_ws/install/masc_chassis_msgs/share/masc_chassis_msgs/local_setup.bash\n'}
[133.620714] (masc_chassis_msgs) StdoutLine: {'line': b'-- Installing: /home/tiema/project/masc_chassis/chassis_ros_ws/install/masc_chassis_msgs/share/masc_chassis_msgs/local_setup.sh\n'}
[133.621052] (masc_chassis_msgs) StdoutLine: {'line': b'-- Installing: /home/tiema/project/masc_chassis/chassis_ros_ws/install/masc_chassis_msgs/share/masc_chassis_msgs/local_setup.zsh\n'}
[133.621347] (masc_chassis_msgs) StdoutLine: {'line': b'-- Installing: /home/tiema/project/masc_chassis/chassis_ros_ws/install/masc_chassis_msgs/share/masc_chassis_msgs/local_setup.dsv\n'}
[133.621670] (masc_chassis_msgs) StdoutLine: {'line': b'-- Installing: /home/tiema/project/masc_chassis/chassis_ros_ws/install/masc_chassis_msgs/share/masc_chassis_msgs/package.dsv\n'}
[133.622107] (masc_chassis_msgs) StdoutLine: {'line': b'-- Installing: /home/tiema/project/masc_chassis/chassis_ros_ws/install/masc_chassis_msgs/share/ament_index/resource_index/packages/masc_chassis_msgs\n'}
[133.622428] (masc_chassis_msgs) StdoutLine: {'line': b'-- Installing: /home/tiema/project/masc_chassis/chassis_ros_ws/install/masc_chassis_msgs/share/masc_chassis_msgs/cmake/export_masc_chassis_msgs__rosidl_generator_cExport.cmake\n'}
[133.622799] (masc_chassis_msgs) StdoutLine: {'line': b'-- Installing: /home/tiema/project/masc_chassis/chassis_ros_ws/install/masc_chassis_msgs/share/masc_chassis_msgs/cmake/export_masc_chassis_msgs__rosidl_generator_cExport-noconfig.cmake\n'}
[133.623130] (masc_chassis_msgs) StdoutLine: {'line': b'-- Installing: /home/tiema/project/masc_chassis/chassis_ros_ws/install/masc_chassis_msgs/share/masc_chassis_msgs/cmake/export_masc_chassis_msgs__rosidl_typesupport_fastrtps_cExport.cmake\n'}
[133.623425] (masc_chassis_msgs) StdoutLine: {'line': b'-- Installing: /home/tiema/project/masc_chassis/chassis_ros_ws/install/masc_chassis_msgs/share/masc_chassis_msgs/cmake/export_masc_chassis_msgs__rosidl_typesupport_fastrtps_cExport-noconfig.cmake\n'}
[133.623730] (masc_chassis_msgs) StdoutLine: {'line': b'-- Installing: /home/tiema/project/masc_chassis/chassis_ros_ws/install/masc_chassis_msgs/share/masc_chassis_msgs/cmake/masc_chassis_msgs__rosidl_typesupport_introspection_cExport.cmake\n'}
[133.624041] (masc_chassis_msgs) StdoutLine: {'line': b'-- Installing: /home/tiema/project/masc_chassis/chassis_ros_ws/install/masc_chassis_msgs/share/masc_chassis_msgs/cmake/masc_chassis_msgs__rosidl_typesupport_introspection_cExport-noconfig.cmake\n'}
[133.624351] (masc_chassis_msgs) StdoutLine: {'line': b'-- Installing: /home/tiema/project/masc_chassis/chassis_ros_ws/install/masc_chassis_msgs/share/masc_chassis_msgs/cmake/masc_chassis_msgs__rosidl_typesupport_cExport.cmake\n'}
[133.624642] (masc_chassis_msgs) StdoutLine: {'line': b'-- Installing: /home/tiema/project/masc_chassis/chassis_ros_ws/install/masc_chassis_msgs/share/masc_chassis_msgs/cmake/masc_chassis_msgs__rosidl_typesupport_cExport-noconfig.cmake\n'}
[133.624949] (masc_chassis_msgs) StdoutLine: {'line': b'-- Installing: /home/tiema/project/masc_chassis/chassis_ros_ws/install/masc_chassis_msgs/share/masc_chassis_msgs/cmake/export_masc_chassis_msgs__rosidl_generator_cppExport.cmake\n'}
[133.625268] (masc_chassis_msgs) StdoutLine: {'line': b'-- Installing: /home/tiema/project/masc_chassis/chassis_ros_ws/install/masc_chassis_msgs/share/masc_chassis_msgs/cmake/export_masc_chassis_msgs__rosidl_typesupport_fastrtps_cppExport.cmake\n'}
[133.625628] (masc_chassis_msgs) StdoutLine: {'line': b'-- Installing: /home/tiema/project/masc_chassis/chassis_ros_ws/install/masc_chassis_msgs/share/masc_chassis_msgs/cmake/export_masc_chassis_msgs__rosidl_typesupport_fastrtps_cppExport-noconfig.cmake\n'}
[133.626029] (masc_chassis_msgs) StdoutLine: {'line': b'-- Installing: /home/tiema/project/masc_chassis/chassis_ros_ws/install/masc_chassis_msgs/share/masc_chassis_msgs/cmake/masc_chassis_msgs__rosidl_typesupport_introspection_cppExport.cmake\n'}
[133.626375] (masc_chassis_msgs) StdoutLine: {'line': b'-- Installing: /home/tiema/project/masc_chassis/chassis_ros_ws/install/masc_chassis_msgs/share/masc_chassis_msgs/cmake/masc_chassis_msgs__rosidl_typesupport_introspection_cppExport-noconfig.cmake\n'}
[133.626739] (masc_chassis_msgs) StdoutLine: {'line': b'-- Installing: /home/tiema/project/masc_chassis/chassis_ros_ws/install/masc_chassis_msgs/share/masc_chassis_msgs/cmake/masc_chassis_msgs__rosidl_typesupport_cppExport.cmake\n'}
[133.627181] (masc_chassis_msgs) StdoutLine: {'line': b'-- Installing: /home/tiema/project/masc_chassis/chassis_ros_ws/install/masc_chassis_msgs/share/masc_chassis_msgs/cmake/masc_chassis_msgs__rosidl_typesupport_cppExport-noconfig.cmake\n'}
[133.628060] (masc_chassis_msgs) StdoutLine: {'line': b'-- Installing: /home/tiema/project/masc_chassis/chassis_ros_ws/install/masc_chassis_msgs/share/masc_chassis_msgs/cmake/export_masc_chassis_msgs__rosidl_generator_pyExport.cmake\n'}
[133.628348] (masc_chassis_msgs) StdoutLine: {'line': b'-- Installing: /home/tiema/project/masc_chassis/chassis_ros_ws/install/masc_chassis_msgs/share/masc_chassis_msgs/cmake/export_masc_chassis_msgs__rosidl_generator_pyExport-noconfig.cmake\n'}
[133.628848] (masc_chassis_msgs) StdoutLine: {'line': b'-- Installing: /home/tiema/project/masc_chassis/chassis_ros_ws/install/masc_chassis_msgs/share/masc_chassis_msgs/cmake/rosidl_cmake-extras.cmake\n'}
[133.629069] (masc_chassis_msgs) StdoutLine: {'line': b'-- Installing: /home/tiema/project/masc_chassis/chassis_ros_ws/install/masc_chassis_msgs/share/masc_chassis_msgs/cmake/ament_cmake_export_dependencies-extras.cmake\n'}
[133.629294] (masc_chassis_msgs) StdoutLine: {'line': b'-- Installing: /home/tiema/project/masc_chassis/chassis_ros_ws/install/masc_chassis_msgs/share/masc_chassis_msgs/cmake/ament_cmake_export_include_directories-extras.cmake\n'}
[133.629570] (masc_chassis_msgs) StdoutLine: {'line': b'-- Installing: /home/tiema/project/masc_chassis/chassis_ros_ws/install/masc_chassis_msgs/share/masc_chassis_msgs/cmake/ament_cmake_export_libraries-extras.cmake\n'}
[133.629882] (masc_chassis_msgs) StdoutLine: {'line': b'-- Installing: /home/tiema/project/masc_chassis/chassis_ros_ws/install/masc_chassis_msgs/share/masc_chassis_msgs/cmake/ament_cmake_export_targets-extras.cmake\n'}
[133.630202] (masc_chassis_msgs) StdoutLine: {'line': b'-- Installing: /home/tiema/project/masc_chassis/chassis_ros_ws/install/masc_chassis_msgs/share/masc_chassis_msgs/cmake/rosidl_cmake_export_typesupport_targets-extras.cmake\n'}
[133.630495] (masc_chassis_msgs) StdoutLine: {'line': b'-- Installing: /home/tiema/project/masc_chassis/chassis_ros_ws/install/masc_chassis_msgs/share/masc_chassis_msgs/cmake/rosidl_cmake_export_typesupport_libraries-extras.cmake\n'}
[133.630770] (masc_chassis_msgs) StdoutLine: {'line': b'-- Installing: /home/tiema/project/masc_chassis/chassis_ros_ws/install/masc_chassis_msgs/share/masc_chassis_msgs/cmake/rosidl_cmake_aggregate_target-extras.cmake\n'}
[133.631093] (masc_chassis_msgs) StdoutLine: {'line': b'-- Installing: /home/tiema/project/masc_chassis/chassis_ros_ws/install/masc_chassis_msgs/share/masc_chassis_msgs/cmake/masc_chassis_msgsConfig.cmake\n'}
[133.631340] (masc_chassis_msgs) StdoutLine: {'line': b'-- Installing: /home/tiema/project/masc_chassis/chassis_ros_ws/install/masc_chassis_msgs/share/masc_chassis_msgs/cmake/masc_chassis_msgsConfig-version.cmake\n'}
[133.631591] (masc_chassis_msgs) StdoutLine: {'line': b'-- Installing: /home/tiema/project/masc_chassis/chassis_ros_ws/install/masc_chassis_msgs/share/masc_chassis_msgs/package.xml\n'}
[133.637653] (masc_chassis_msgs) CommandEnded: {'returncode': 0}
[133.676541] (masc_chassis_msgs) JobEnded: {'identifier': 'masc_chassis_msgs', 'rc': 0}
[133.678259] (masc_chassis_ros_driver) JobStarted: {'identifier': 'masc_chassis_ros_driver'}
[133.684169] (-) TimerEvent: {}
[133.698894] (masc_chassis_ros_driver) JobProgress: {'identifier': 'masc_chassis_ros_driver', 'progress': 'cmake'}
[133.699001] (masc_chassis_ros_driver) Command: {'cmd': ['/usr/bin/cmake', '/home/tiema/project/masc_chassis/chassis_ros_ws/src/masc_chassis_ros_driver', '-DCMAKE_INSTALL_PREFIX=/home/tiema/project/masc_chassis/chassis_ros_ws/install/masc_chassis_ros_driver'], 'cwd': '/home/tiema/project/masc_chassis/chassis_ros_ws/build/masc_chassis_ros_driver', 'env': OrderedDict({'GJS_DEBUG_TOPICS': 'JS ERROR;JS LOG', 'LESSOPEN': '| /usr/bin/lesspipe %s', 'LANGUAGE': 'zh_CN:en', 'USER': 'tiema', 'LC_TIME': 'zh_CN.UTF-8', 'XDG_SESSION_TYPE': 'x11', 'GIT_ASKPASS': '/usr/share/code/resources/app/extensions/git/dist/askpass.sh', 'CLUTTER_DISABLE_MIPMAPPED_TEXT': '1', 'SHLVL': '1', 'LD_LIBRARY_PATH': '/home/tiema/project/masc_chassis/chassis_ros_ws/install/masc_chassis_msgs/lib:/home/tiema/project/masc_chassis/chassis_ros_ws/install/masc_chassis_can_sdk/lib:/opt/ros/jazzy/lib/aarch64-linux-gnu:/opt/ros/jazzy/lib', 'HOME': '/home/tiema', 'CHROME_DESKTOP': 'code.desktop', 'OLDPWD': '/home/tiema/project/masc_chassis', 'TERM_PROGRAM_VERSION': '1.136.1', 'DESKTOP_SESSION': 'ubuntu-xorg', 'GIO_LAUNCHED_DESKTOP_FILE': '/usr/share/applications/code.desktop', 'ROS_PYTHON_VERSION': '3', 'GNOME_SHELL_SESSION_MODE': 'ubuntu', 'GTK_MODULES': 'gail:atk-bridge', 'SDL_IM_MODULE': 'fcitx', 'VSCODE_GIT_ASKPASS_MAIN': '/usr/share/code/resources/app/extensions/git/dist/askpass-main.js', 'LC_MONETARY': 'zh_CN.UTF-8', 'VSCODE_GIT_ASKPASS_NODE': '/usr/share/code/code', 'MANAGERPID': '1894', 'SYSTEMD_EXEC_PID': '2215', 'VSCODE_PYTHON_AUTOACTIVATE_GUARD': '1', 'GSM_SKIP_SSH_AGENT_WORKAROUND': 'true', 'DBUS_SESSION_BUS_ADDRESS': 'unix:path=/run/user/1000/bus', 'COLORTERM': 'truecolor', 'GIO_LAUNCHED_DESKTOP_FILE_PID': '16595', 'DEBUGINFOD_URLS': 'https://debuginfod.ubuntu.com', 'IM_CONFIG_PHASE': '1', 'ROS_DISTRO': 'jazzy', 'GTK_IM_MODULE': 'fcitx', 'LOGNAME': 'tiema', 'JOURNAL_STREAM': '8:19797', '_': '/usr/bin/colcon', 'ROS_VERSION': '2', 'MEMORY_PRESSURE_WATCH': '/sys/fs/cgroup/user.slice/user-1000.slice/user@1000.service/session.slice/org.gnome.Shell@x11.service/memory.pressure', 'XDG_SESSION_CLASS': 'user', 'USERNAME': 'tiema', 'TERM': 'xterm-256color', 'GNOME_DESKTOP_SESSION_ID': 'this-is-deprecated', 'FC_FONTATIONS': '1', 'WINDOWPATH': '2', 'PATH': '/home/tiema/project/masc_chassis/chassis_ros_ws/install/masc_chassis_can_sdk/bin:/home/tiema/.config/Code/User/globalStorage/github.copilot-chat/debugCommand:/home/tiema/.config/Code/User/globalStorage/github.copilot-chat/copilotCli:/opt/ros/jazzy/bin:/usr/local/sbin:/usr/local/bin:/usr/sbin:/usr/bin:/sbin:/bin:/usr/games:/usr/local/games:/snap/bin:/snap/bin', 'SESSION_MANAGER': 'local/tiema:@/tmp/.ICE-unix/2160,unix/tiema:/tmp/.ICE-unix/2160', 'INVOCATION_ID': '935cf4f9ac054f658ffe6ae8e39b8bb7', 'PAPERSIZE': 'a4', 'XDG_MENU_PREFIX': 'gnome-', 'LC_ADDRESS': 'zh_CN.UTF-8', 'XDG_RUNTIME_DIR': '/run/user/1000', 'GDK_BACKEND': 'x11', 'DISPLAY': ':1', 'LANG': 'zh_CN.UTF-8', 'XDG_CURRENT_DESKTOP': 'ubuntu:GNOME', 'LC_TELEPHONE': 'zh_CN.UTF-8', 'XMODIFIERS': '@im=fcitx', 'XDG_SESSION_DESKTOP': 'ubuntu-xorg', 'XAUTHORITY': '/run/user/1000/gdm/Xauthority', 'LS_COLORS': 'rs=0:di=01;34:ln=01;36:mh=00:pi=40;33:so=01;35:do=01;35:bd=40;33;01:cd=40;33;01:or=40;31;01:mi=00:su=37;41:sg=30;43:ca=00:tw=30;42:ow=34;42:st=37;44:ex=01;32:*.tar=01;31:*.tgz=01;31:*.arc=01;31:*.arj=01;31:*.taz=01;31:*.lha=01;31:*.lz4=01;31:*.lzh=01;31:*.lzma=01;31:*.tlz=01;31:*.txz=01;31:*.tzo=01;31:*.t7z=01;31:*.zip=01;31:*.z=01;31:*.dz=01;31:*.gz=01;31:*.lrz=01;31:*.lz=01;31:*.lzo=01;31:*.xz=01;31:*.zst=01;31:*.tzst=01;31:*.bz2=01;31:*.bz=01;31:*.tbz=01;31:*.tbz2=01;31:*.tz=01;31:*.deb=01;31:*.rpm=01;31:*.jar=01;31:*.war=01;31:*.ear=01;31:*.sar=01;31:*.rar=01;31:*.alz=01;31:*.ace=01;31:*.zoo=01;31:*.cpio=01;31:*.7z=01;31:*.rz=01;31:*.cab=01;31:*.wim=01;31:*.swm=01;31:*.dwm=01;31:*.esd=01;31:*.avif=01;35:*.jpg=01;35:*.jpeg=01;35:*.mjpg=01;35:*.mjpeg=01;35:*.gif=01;35:*.bmp=01;35:*.pbm=01;35:*.pgm=01;35:*.ppm=01;35:*.tga=01;35:*.xbm=01;35:*.xpm=01;35:*.tif=01;35:*.tiff=01;35:*.png=01;35:*.svg=01;35:*.svgz=01;35:*.mng=01;35:*.pcx=01;35:*.mov=01;35:*.mpg=01;35:*.mpeg=01;35:*.m2v=01;35:*.mkv=01;35:*.webm=01;35:*.webp=01;35:*.ogm=01;35:*.mp4=01;35:*.m4v=01;35:*.mp4v=01;35:*.vob=01;35:*.qt=01;35:*.nuv=01;35:*.wmv=01;35:*.asf=01;35:*.rm=01;35:*.rmvb=01;35:*.flc=01;35:*.avi=01;35:*.fli=01;35:*.flv=01;35:*.gl=01;35:*.dl=01;35:*.xcf=01;35:*.xwd=01;35:*.yuv=01;35:*.cgm=01;35:*.emf=01;35:*.ogv=01;35:*.ogx=01;35:*.aac=00;36:*.au=00;36:*.flac=00;36:*.m4a=00;36:*.mid=00;36:*.midi=00;36:*.mka=00;36:*.mp3=00;36:*.mpc=00;36:*.ogg=00;36:*.ra=00;36:*.wav=00;36:*.oga=00;36:*.opus=00;36:*.spx=00;36:*.xspf=00;36:*~=00;90:*#=00;90:*.bak=00;90:*.crdownload=00;90:*.dpkg-dist=00;90:*.dpkg-new=00;90:*.dpkg-old=00;90:*.dpkg-tmp=00;90:*.old=00;90:*.orig=00;90:*.part=00;90:*.rej=00;90:*.rpmnew=00;90:*.rpmorig=00;90:*.rpmsave=00;90:*.swp=00;90:*.tmp=00;90:*.ucf-dist=00;90:*.ucf-new=00;90:*.ucf-old=00;90:', 'VSCODE_GIT_IPC_HANDLE': '/run/user/1000/vscode-git-0c08523fcc.sock', 'TERM_PROGRAM': 'vscode', 'SSH_AUTH_SOCK': '/run/user/1000/keyring/ssh', 'AMENT_PREFIX_PATH': '/home/tiema/project/masc_chassis/chassis_ros_ws/install/masc_chassis_msgs:/home/tiema/project/masc_chassis/chassis_ros_ws/install/masc_chassis_can_sdk:/opt/ros/jazzy', 'SHELL': '/bin/bash', 'LC_NAME': 'zh_CN.UTF-8', 'QT_ACCESSIBILITY': '1', 'GDMSESSION': 'ubuntu-xorg', 'LESSCLOSE': '/usr/bin/lesspipe %s %s', 'LC_MEASUREMENT': 'zh_CN.UTF-8', 'GPG_AGENT_INFO': '/run/user/1000/gnupg/S.gpg-agent:0:1', 'GJS_DEBUG_OUTPUT': 'stderr', 'LC_IDENTIFICATION': 'zh_CN.UTF-8', 'ROS_AUTOMATIC_DISCOVERY_RANGE': 'SUBNET', 'VSCODE_GIT_ASKPASS_EXTRA_ARGS': '', 'QT_IM_MODULE': 'fcitx', 'PWD': '/home/tiema/project/masc_chassis/chassis_ros_ws/build/masc_chassis_ros_driver', 'XDG_CONFIG_DIRS': '/etc/xdg/xdg-ubuntu-xorg:/etc/xdg', 'COPILOT_DEBUG_NONCE': '07e554e5e30a71fe75ff906291ac7b38', 'CLUTTER_IM_MODULE': 'xim', 'XDG_DATA_DIRS': '/usr/share/ubuntu-xorg:/usr/share/gnome:/usr/local/share/:/usr/share/:/var/lib/snapd/desktop', 'QTWEBENGINE_DICTIONARIES_PATH': '/usr/share/hunspell-bdic/', 'PYTHONPATH': '/home/tiema/project/masc_chassis/chassis_ros_ws/install/masc_chassis_msgs/lib/python3.12/site-packages:/opt/ros/jazzy/lib/python3.12/site-packages', 'LC_NUMERIC': 'zh_CN.UTF-8', 'LC_PAPER': 'zh_CN.UTF-8', 'COLCON': '1', 'MEMORY_PRESSURE_WRITE': 'c29tZSAyMDAwMDAgMjAwMDAwMAA=', 'CMAKE_PREFIX_PATH': '/home/tiema/project/masc_chassis/chassis_ros_ws/install/masc_chassis_msgs:/home/tiema/project/masc_chassis/chassis_ros_ws/install/masc_chassis_can_sdk:/opt/ros/jazzy'}), 'shell': False}
[133.784409] (-) TimerEvent: {}
[133.875978] (masc_chassis_ros_driver) StdoutLine: {'line': b'-- The CXX compiler identification is GNU 13.3.0\n'}
[133.884947] (-) TimerEvent: {}
[133.918852] (masc_chassis_ros_driver) StdoutLine: {'line': b'-- Detecting CXX compiler ABI info\n'}
[133.985118] (-) TimerEvent: {}
[134.085682] (-) TimerEvent: {}
[134.167829] (masc_chassis_ros_driver) StdoutLine: {'line': b'-- Detecting CXX compiler ABI info - done\n'}
[134.185840] (-) TimerEvent: {}
[134.187393] (masc_chassis_ros_driver) StdoutLine: {'line': b'-- Check for working CXX compiler: /usr/bin/c++ - skipped\n'}
[134.187967] (masc_chassis_ros_driver) StdoutLine: {'line': b'-- Detecting CXX compile features\n'}
[134.188943] (masc_chassis_ros_driver) StdoutLine: {'line': b'-- Detecting CXX compile features - done\n'}
[134.191884] (masc_chassis_ros_driver) StdoutLine: {'line': b'-- Performing Test CMAKE_HAVE_LIBC_PTHREAD\n'}
[134.287946] (-) TimerEvent: {}
[134.388542] (-) TimerEvent: {}
[134.458565] (masc_chassis_ros_driver) StdoutLine: {'line': b'-- Performing Test CMAKE_HAVE_LIBC_PTHREAD - Success\n'}
[134.460305] (masc_chassis_ros_driver) StdoutLine: {'line': b'-- Found Threads: TRUE  \n'}
[134.462994] (masc_chassis_ros_driver) StdoutLine: {'line': b'-- Found ament_cmake: 2.5.6 (/opt/ros/jazzy/share/ament_cmake/cmake)\n'}
[134.488693] (-) TimerEvent: {}
[134.589269] (-) TimerEvent: {}
[134.689685] (-) TimerEvent: {}
[134.728529] (masc_chassis_ros_driver) StdoutLine: {'line': b'-- Found Python3: /usr/bin/python3 (found version "3.12.3") found components: Interpreter \n'}
[134.789883] (-) TimerEvent: {}
[134.890421] (-) TimerEvent: {}
[134.970419] (masc_chassis_ros_driver) StdoutLine: {'line': b'-- Found rclcpp: 28.1.21 (/opt/ros/jazzy/share/rclcpp/cmake)\n'}
[134.990625] (-) TimerEvent: {}
[135.032322] (masc_chassis_ros_driver) StdoutLine: {'line': b'-- Found rosidl_generator_c: 4.6.9 (/opt/ros/jazzy/share/rosidl_generator_c/cmake)\n'}
[135.056492] (masc_chassis_ros_driver) StdoutLine: {'line': b'-- Found rosidl_generator_cpp: 4.6.9 (/opt/ros/jazzy/share/rosidl_generator_cpp/cmake)\n'}
[135.083546] (masc_chassis_ros_driver) StdoutLine: {'line': b'-- Using all available rosidl_typesupport_c: rosidl_typesupport_fastrtps_c;rosidl_typesupport_introspection_c\n'}
[135.090820] (-) TimerEvent: {}
[135.117834] (masc_chassis_ros_driver) StdoutLine: {'line': b'-- Using all available rosidl_typesupport_cpp: rosidl_typesupport_fastrtps_cpp;rosidl_typesupport_introspection_cpp\n'}
[135.190864] (-) TimerEvent: {}
[135.291206] (-) TimerEvent: {}
[135.296430] (masc_chassis_ros_driver) StdoutLine: {'line': b'-- Found rmw_implementation_cmake: 7.3.3 (/opt/ros/jazzy/share/rmw_implementation_cmake/cmake)\n'}
[135.305485] (masc_chassis_ros_driver) StdoutLine: {'line': b'-- Found rmw_fastrtps_cpp: 8.4.4 (/opt/ros/jazzy/share/rmw_fastrtps_cpp/cmake)\n'}
[135.391352] (-) TimerEvent: {}
[135.497229] (-) TimerEvent: {}
[135.598413] (-) TimerEvent: {}
[135.609403] (masc_chassis_ros_driver) StdoutLine: {'line': b'-- Found OpenSSL: /usr/lib/aarch64-linux-gnu/libcrypto.so (found version "3.0.13")  \n'}
[135.666210] (masc_chassis_ros_driver) StdoutLine: {'line': b'-- Found FastRTPS: /opt/ros/jazzy/include (Required is at least version "2.13") \n'}
[135.698583] (-) TimerEvent: {}
[135.715592] (masc_chassis_ros_driver) StdoutLine: {'line': b"-- Using RMW implementation 'rmw_fastrtps_cpp' as default\n"}
[135.798708] (-) TimerEvent: {}
[135.899244] (-) TimerEvent: {}
[135.932957] (masc_chassis_ros_driver) StdoutLine: {'line': b'-- Found geometry_msgs: 5.3.8 (/opt/ros/jazzy/share/geometry_msgs/cmake)\n'}
[135.999350] (-) TimerEvent: {}
[136.000236] (masc_chassis_ros_driver) StdoutLine: {'line': b'-- Found masc_chassis_can_sdk: 1.0.0 (/home/tiema/project/masc_chassis/chassis_ros_ws/install/masc_chassis_can_sdk/share/masc_chassis_can_sdk/cmake)\n'}
[136.002862] (masc_chassis_ros_driver) StdoutLine: {'line': b'-- Found masc_chassis_msgs: 1.0.0 (/home/tiema/project/masc_chassis/chassis_ros_ws/install/masc_chassis_msgs/share/masc_chassis_msgs/cmake)\n'}
[136.038963] (masc_chassis_ros_driver) StdoutLine: {'line': b'-- Found nav_msgs: 5.3.8 (/opt/ros/jazzy/share/nav_msgs/cmake)\n'}
[136.092518] (masc_chassis_ros_driver) StdoutLine: {'line': b'-- Found sensor_msgs: 5.3.8 (/opt/ros/jazzy/share/sensor_msgs/cmake)\n'}
[136.099427] (-) TimerEvent: {}
[136.147887] (masc_chassis_ros_driver) StdoutLine: {'line': b'-- Found std_srvs: 5.3.8 (/opt/ros/jazzy/share/std_srvs/cmake)\n'}
[136.194234] (masc_chassis_ros_driver) StdoutLine: {'line': b'-- Found tf2: 0.36.21 (/opt/ros/jazzy/share/tf2/cmake)\n'}
[136.199517] (-) TimerEvent: {}
[136.207942] (masc_chassis_ros_driver) StdoutLine: {'line': b'-- Found tf2_geometry_msgs: 0.36.21 (/opt/ros/jazzy/share/tf2_geometry_msgs/cmake)\n'}
[136.248816] (masc_chassis_ros_driver) StdoutLine: {'line': b'-- Found eigen3_cmake_module: 0.3.1 (/opt/ros/jazzy/share/eigen3_cmake_module/cmake)\n'}
[136.253555] (masc_chassis_ros_driver) StdoutLine: {'line': b'-- Found Eigen3: TRUE (found version "3.4.0") \n'}
[136.254059] (masc_chassis_ros_driver) StdoutLine: {'line': b'-- Ensuring Eigen3 include directory is part of orocos-kdl CMake target\n'}
[136.299664] (-) TimerEvent: {}
[136.400170] (-) TimerEvent: {}
[136.500671] (-) TimerEvent: {}
[136.601301] (-) TimerEvent: {}
[136.701945] (-) TimerEvent: {}
[136.802395] (-) TimerEvent: {}
[136.831449] (masc_chassis_ros_driver) StdoutLine: {'line': b'-- Configuring done (3.1s)\n'}
[136.879415] (masc_chassis_ros_driver) StdoutLine: {'line': b'-- Generating done (0.0s)\n'}
[136.892284] (masc_chassis_ros_driver) StdoutLine: {'line': b'-- Build files have been written to: /home/tiema/project/masc_chassis/chassis_ros_ws/build/masc_chassis_ros_driver\n'}
[136.902568] (-) TimerEvent: {}
[136.922990] (masc_chassis_ros_driver) CommandEnded: {'returncode': 0}
[136.924465] (masc_chassis_ros_driver) JobProgress: {'identifier': 'masc_chassis_ros_driver', 'progress': 'build'}
[136.925134] (masc_chassis_ros_driver) Command: {'cmd': ['/usr/bin/cmake', '--build', '/home/tiema/project/masc_chassis/chassis_ros_ws/build/masc_chassis_ros_driver', '--', '-j4', '-l4'], 'cwd': '/home/tiema/project/masc_chassis/chassis_ros_ws/build/masc_chassis_ros_driver', 'env': OrderedDict({'GJS_DEBUG_TOPICS': 'JS ERROR;JS LOG', 'LESSOPEN': '| /usr/bin/lesspipe %s', 'LANGUAGE': 'zh_CN:en', 'USER': 'tiema', 'LC_TIME': 'zh_CN.UTF-8', 'XDG_SESSION_TYPE': 'x11', 'GIT_ASKPASS': '/usr/share/code/resources/app/extensions/git/dist/askpass.sh', 'CLUTTER_DISABLE_MIPMAPPED_TEXT': '1', 'SHLVL': '1', 'LD_LIBRARY_PATH': '/home/tiema/project/masc_chassis/chassis_ros_ws/install/masc_chassis_msgs/lib:/home/tiema/project/masc_chassis/chassis_ros_ws/install/masc_chassis_can_sdk/lib:/opt/ros/jazzy/lib/aarch64-linux-gnu:/opt/ros/jazzy/lib', 'HOME': '/home/tiema', 'CHROME_DESKTOP': 'code.desktop', 'OLDPWD': '/home/tiema/project/masc_chassis', 'TERM_PROGRAM_VERSION': '1.136.1', 'DESKTOP_SESSION': 'ubuntu-xorg', 'GIO_LAUNCHED_DESKTOP_FILE': '/usr/share/applications/code.desktop', 'ROS_PYTHON_VERSION': '3', 'GNOME_SHELL_SESSION_MODE': 'ubuntu', 'GTK_MODULES': 'gail:atk-bridge', 'SDL_IM_MODULE': 'fcitx', 'VSCODE_GIT_ASKPASS_MAIN': '/usr/share/code/resources/app/extensions/git/dist/askpass-main.js', 'LC_MONETARY': 'zh_CN.UTF-8', 'VSCODE_GIT_ASKPASS_NODE': '/usr/share/code/code', 'MANAGERPID': '1894', 'SYSTEMD_EXEC_PID': '2215', 'VSCODE_PYTHON_AUTOACTIVATE_GUARD': '1', 'GSM_SKIP_SSH_AGENT_WORKAROUND': 'true', 'DBUS_SESSION_BUS_ADDRESS': 'unix:path=/run/user/1000/bus', 'COLORTERM': 'truecolor', 'GIO_LAUNCHED_DESKTOP_FILE_PID': '16595', 'DEBUGINFOD_URLS': 'https://debuginfod.ubuntu.com', 'IM_CONFIG_PHASE': '1', 'ROS_DISTRO': 'jazzy', 'GTK_IM_MODULE': 'fcitx', 'LOGNAME': 'tiema', 'JOURNAL_STREAM': '8:19797', '_': '/usr/bin/colcon', 'ROS_VERSION': '2', 'MEMORY_PRESSURE_WATCH': '/sys/fs/cgroup/user.slice/user-1000.slice/user@1000.service/session.slice/org.gnome.Shell@x11.service/memory.pressure', 'XDG_SESSION_CLASS': 'user', 'USERNAME': 'tiema', 'TERM': 'xterm-256color', 'GNOME_DESKTOP_SESSION_ID': 'this-is-deprecated', 'FC_FONTATIONS': '1', 'WINDOWPATH': '2', 'PATH': '/home/tiema/project/masc_chassis/chassis_ros_ws/install/masc_chassis_can_sdk/bin:/home/tiema/.config/Code/User/globalStorage/github.copilot-chat/debugCommand:/home/tiema/.config/Code/User/globalStorage/github.copilot-chat/copilotCli:/opt/ros/jazzy/bin:/usr/local/sbin:/usr/local/bin:/usr/sbin:/usr/bin:/sbin:/bin:/usr/games:/usr/local/games:/snap/bin:/snap/bin', 'SESSION_MANAGER': 'local/tiema:@/tmp/.ICE-unix/2160,unix/tiema:/tmp/.ICE-unix/2160', 'INVOCATION_ID': '935cf4f9ac054f658ffe6ae8e39b8bb7', 'PAPERSIZE': 'a4', 'XDG_MENU_PREFIX': 'gnome-', 'LC_ADDRESS': 'zh_CN.UTF-8', 'XDG_RUNTIME_DIR': '/run/user/1000', 'GDK_BACKEND': 'x11', 'DISPLAY': ':1', 'LANG': 'zh_CN.UTF-8', 'XDG_CURRENT_DESKTOP': 'ubuntu:GNOME', 'LC_TELEPHONE': 'zh_CN.UTF-8', 'XMODIFIERS': '@im=fcitx', 'XDG_SESSION_DESKTOP': 'ubuntu-xorg', 'XAUTHORITY': '/run/user/1000/gdm/Xauthority', 'LS_COLORS': 'rs=0:di=01;34:ln=01;36:mh=00:pi=40;33:so=01;35:do=01;35:bd=40;33;01:cd=40;33;01:or=40;31;01:mi=00:su=37;41:sg=30;43:ca=00:tw=30;42:ow=34;42:st=37;44:ex=01;32:*.tar=01;31:*.tgz=01;31:*.arc=01;31:*.arj=01;31:*.taz=01;31:*.lha=01;31:*.lz4=01;31:*.lzh=01;31:*.lzma=01;31:*.tlz=01;31:*.txz=01;31:*.tzo=01;31:*.t7z=01;31:*.zip=01;31:*.z=01;31:*.dz=01;31:*.gz=01;31:*.lrz=01;31:*.lz=01;31:*.lzo=01;31:*.xz=01;31:*.zst=01;31:*.tzst=01;31:*.bz2=01;31:*.bz=01;31:*.tbz=01;31:*.tbz2=01;31:*.tz=01;31:*.deb=01;31:*.rpm=01;31:*.jar=01;31:*.war=01;31:*.ear=01;31:*.sar=01;31:*.rar=01;31:*.alz=01;31:*.ace=01;31:*.zoo=01;31:*.cpio=01;31:*.7z=01;31:*.rz=01;31:*.cab=01;31:*.wim=01;31:*.swm=01;31:*.dwm=01;31:*.esd=01;31:*.avif=01;35:*.jpg=01;35:*.jpeg=01;35:*.mjpg=01;35:*.mjpeg=01;35:*.gif=01;35:*.bmp=01;35:*.pbm=01;35:*.pgm=01;35:*.ppm=01;35:*.tga=01;35:*.xbm=01;35:*.xpm=01;35:*.tif=01;35:*.tiff=01;35:*.png=01;35:*.svg=01;35:*.svgz=01;35:*.mng=01;35:*.pcx=01;35:*.mov=01;35:*.mpg=01;35:*.mpeg=01;35:*.m2v=01;35:*.mkv=01;35:*.webm=01;35:*.webp=01;35:*.ogm=01;35:*.mp4=01;35:*.m4v=01;35:*.mp4v=01;35:*.vob=01;35:*.qt=01;35:*.nuv=01;35:*.wmv=01;35:*.asf=01;35:*.rm=01;35:*.rmvb=01;35:*.flc=01;35:*.avi=01;35:*.fli=01;35:*.flv=01;35:*.gl=01;35:*.dl=01;35:*.xcf=01;35:*.xwd=01;35:*.yuv=01;35:*.cgm=01;35:*.emf=01;35:*.ogv=01;35:*.ogx=01;35:*.aac=00;36:*.au=00;36:*.flac=00;36:*.m4a=00;36:*.mid=00;36:*.midi=00;36:*.mka=00;36:*.mp3=00;36:*.mpc=00;36:*.ogg=00;36:*.ra=00;36:*.wav=00;36:*.oga=00;36:*.opus=00;36:*.spx=00;36:*.xspf=00;36:*~=00;90:*#=00;90:*.bak=00;90:*.crdownload=00;90:*.dpkg-dist=00;90:*.dpkg-new=00;90:*.dpkg-old=00;90:*.dpkg-tmp=00;90:*.old=00;90:*.orig=00;90:*.part=00;90:*.rej=00;90:*.rpmnew=00;90:*.rpmorig=00;90:*.rpmsave=00;90:*.swp=00;90:*.tmp=00;90:*.ucf-dist=00;90:*.ucf-new=00;90:*.ucf-old=00;90:', 'VSCODE_GIT_IPC_HANDLE': '/run/user/1000/vscode-git-0c08523fcc.sock', 'TERM_PROGRAM': 'vscode', 'SSH_AUTH_SOCK': '/run/user/1000/keyring/ssh', 'AMENT_PREFIX_PATH': '/home/tiema/project/masc_chassis/chassis_ros_ws/install/masc_chassis_msgs:/home/tiema/project/masc_chassis/chassis_ros_ws/install/masc_chassis_can_sdk:/opt/ros/jazzy', 'SHELL': '/bin/bash', 'LC_NAME': 'zh_CN.UTF-8', 'QT_ACCESSIBILITY': '1', 'GDMSESSION': 'ubuntu-xorg', 'LESSCLOSE': '/usr/bin/lesspipe %s %s', 'LC_MEASUREMENT': 'zh_CN.UTF-8', 'GPG_AGENT_INFO': '/run/user/1000/gnupg/S.gpg-agent:0:1', 'GJS_DEBUG_OUTPUT': 'stderr', 'LC_IDENTIFICATION': 'zh_CN.UTF-8', 'ROS_AUTOMATIC_DISCOVERY_RANGE': 'SUBNET', 'VSCODE_GIT_ASKPASS_EXTRA_ARGS': '', 'QT_IM_MODULE': 'fcitx', 'PWD': '/home/tiema/project/masc_chassis/chassis_ros_ws/build/masc_chassis_ros_driver', 'XDG_CONFIG_DIRS': '/etc/xdg/xdg-ubuntu-xorg:/etc/xdg', 'COPILOT_DEBUG_NONCE': '07e554e5e30a71fe75ff906291ac7b38', 'CLUTTER_IM_MODULE': 'xim', 'XDG_DATA_DIRS': '/usr/share/ubuntu-xorg:/usr/share/gnome:/usr/local/share/:/usr/share/:/var/lib/snapd/desktop', 'QTWEBENGINE_DICTIONARIES_PATH': '/usr/share/hunspell-bdic/', 'PYTHONPATH': '/home/tiema/project/masc_chassis/chassis_ros_ws/install/masc_chassis_msgs/lib/python3.12/site-packages:/opt/ros/jazzy/lib/python3.12/site-packages', 'LC_NUMERIC': 'zh_CN.UTF-8', 'LC_PAPER': 'zh_CN.UTF-8', 'COLCON': '1', 'MEMORY_PRESSURE_WRITE': 'c29tZSAyMDAwMDAgMjAwMDAwMAA=', 'CMAKE_PREFIX_PATH': '/home/tiema/project/masc_chassis/chassis_ros_ws/install/masc_chassis_msgs:/home/tiema/project/masc_chassis/chassis_ros_ws/install/masc_chassis_can_sdk:/opt/ros/jazzy'}), 'shell': False}
[137.002725] (-) TimerEvent: {}
[137.067523] (masc_chassis_ros_driver) StdoutLine: {'line': b'[ 37%] \x1b[32mBuilding CXX object CMakeFiles/masc_chassis_ros_driver_node.dir/src/command_filter.cpp.o\x1b[0m\n'}
[137.069874] (masc_chassis_ros_driver) StdoutLine: {'line': b'[ 37%] \x1b[32mBuilding CXX object CMakeFiles/masc_chassis_ros_driver_node.dir/src/chassis_ros_driver_node.cpp.o\x1b[0m\n'}
[137.070443] (masc_chassis_ros_driver) StdoutLine: {'line': b'[ 37%] \x1b[32mBuilding CXX object CMakeFiles/masc_chassis_ros_driver_node.dir/src/auto_lock_controller.cpp.o\x1b[0m\n'}
[137.103088] (-) TimerEvent: {}
[137.203867] (-) TimerEvent: {}
[137.304250] (-) TimerEvent: {}
[137.404681] (-) TimerEvent: {}
[137.505119] (-) TimerEvent: {}
[137.605597] (-) TimerEvent: {}
[137.707917] (-) TimerEvent: {}
[137.808441] (-) TimerEvent: {}
[137.908929] (-) TimerEvent: {}
[138.009403] (-) TimerEvent: {}
[138.104379] (masc_chassis_ros_driver) StdoutLine: {'line': b'[ 50%] \x1b[32mBuilding CXX object CMakeFiles/masc_chassis_ros_driver_node.dir/src/feedback_cache.cpp.o\x1b[0m\n'}
[138.109890] (-) TimerEvent: {}
[138.210372] (-) TimerEvent: {}
[138.312522] (-) TimerEvent: {}
[138.413820] (-) TimerEvent: {}
[138.516917] (-) TimerEvent: {}
[138.617481] (-) TimerEvent: {}
[138.719122] (-) TimerEvent: {}
[138.821246] (-) TimerEvent: {}
[138.924268] (-) TimerEvent: {}
[139.025904] (-) TimerEvent: {}
[139.126826] (-) TimerEvent: {}
[139.230210] (-) TimerEvent: {}
[139.331346] (-) TimerEvent: {}
[139.433030] (-) TimerEvent: {}
[139.535306] (-) TimerEvent: {}
[139.637673] (-) TimerEvent: {}
[139.741918] (-) TimerEvent: {}
[139.842677] (-) TimerEvent: {}
[139.946077] (-) TimerEvent: {}
[140.047900] (-) TimerEvent: {}
[140.149889] (-) TimerEvent: {}
[140.252907] (-) TimerEvent: {}
[140.353442] (-) TimerEvent: {}
[140.454197] (-) TimerEvent: {}
[140.554955] (-) TimerEvent: {}
[140.660772] (-) TimerEvent: {}
[140.764680] (-) TimerEvent: {}
[140.867776] (-) TimerEvent: {}
[140.971384] (-) TimerEvent: {}
[141.072989] (-) TimerEvent: {}
[141.177913] (-) TimerEvent: {}
[141.278465] (-) TimerEvent: {}
[141.382091] (-) TimerEvent: {}
[141.482688] (-) TimerEvent: {}
[141.584613] (-) TimerEvent: {}
[141.685275] (-) TimerEvent: {}
[141.789004] (-) TimerEvent: {}
[141.889658] (-) TimerEvent: {}
[141.990215] (-) TimerEvent: {}
[142.090896] (-) TimerEvent: {}
[142.193336] (-) TimerEvent: {}
[142.295955] (-) TimerEvent: {}
[142.396660] (-) TimerEvent: {}
[142.499147] (-) TimerEvent: {}
[142.602199] (-) TimerEvent: {}
[142.704045] (-) TimerEvent: {}
[142.806038] (-) TimerEvent: {}
[142.906453] (-) TimerEvent: {}
[143.007108] (-) TimerEvent: {}
[143.107716] (-) TimerEvent: {}
[143.213037] (-) TimerEvent: {}
[143.313498] (-) TimerEvent: {}
[143.414099] (-) TimerEvent: {}
[143.520933] (-) TimerEvent: {}
[143.622208] (-) TimerEvent: {}
[143.724690] (-) TimerEvent: {}
[143.826163] (-) TimerEvent: {}
[143.927835] (-) TimerEvent: {}
[144.033332] (-) TimerEvent: {}
[144.134514] (-) TimerEvent: {}
[144.234892] (-) TimerEvent: {}
[144.338147] (-) TimerEvent: {}
[144.438907] (-) TimerEvent: {}
[144.539842] (-) TimerEvent: {}
[144.644503] (-) TimerEvent: {}
[144.748056] (-) TimerEvent: {}
[144.850056] (-) TimerEvent: {}
[144.953992] (-) TimerEvent: {}
[145.056894] (-) TimerEvent: {}
[145.160901] (-) TimerEvent: {}
[145.261385] (-) TimerEvent: {}
[145.369538] (-) TimerEvent: {}
[145.470362] (-) TimerEvent: {}
[145.571081] (-) TimerEvent: {}
[145.675942] (-) TimerEvent: {}
[145.778951] (-) TimerEvent: {}
[145.880880] (-) TimerEvent: {}
[145.981343] (-) TimerEvent: {}
[146.083912] (-) TimerEvent: {}
[146.184430] (-) TimerEvent: {}
[146.286120] (-) TimerEvent: {}
[146.386779] (-) TimerEvent: {}
[146.496768] (-) TimerEvent: {}
[146.598513] (-) TimerEvent: {}
[146.701935] (-) TimerEvent: {}
[146.836529] (-) TimerEvent: {}
[146.939778] (-) TimerEvent: {}
[147.058966] (-) TimerEvent: {}
[147.160053] (-) TimerEvent: {}
[147.262045] (-) TimerEvent: {}
[147.362599] (-) TimerEvent: {}
[147.468286] (-) TimerEvent: {}
[147.568988] (-) TimerEvent: {}
[147.674300] (-) TimerEvent: {}
[147.775818] (-) TimerEvent: {}
[147.879069] (-) TimerEvent: {}
[147.979683] (-) TimerEvent: {}
[148.085823] (-) TimerEvent: {}
[148.186538] (-) TimerEvent: {}
[148.288650] (-) TimerEvent: {}
[148.396200] (-) TimerEvent: {}
[148.496753] (-) TimerEvent: {}
[148.598973] (-) TimerEvent: {}
[148.699433] (-) TimerEvent: {}
[148.802887] (-) TimerEvent: {}
[148.907925] (-) TimerEvent: {}
[149.014139] (-) TimerEvent: {}
[149.114677] (-) TimerEvent: {}
[149.215584] (-) TimerEvent: {}
[149.319491] (-) TimerEvent: {}
[149.421007] (-) TimerEvent: {}
[149.524312] (-) TimerEvent: {}
[149.627876] (-) TimerEvent: {}
[149.733972] (-) TimerEvent: {}
[149.835032] (-) TimerEvent: {}
[149.936982] (-) TimerEvent: {}
[150.038515] (-) TimerEvent: {}
[150.141941] (-) TimerEvent: {}
[150.242989] (-) TimerEvent: {}
[150.348141] (-) TimerEvent: {}
[150.449983] (-) TimerEvent: {}
[150.557034] (-) TimerEvent: {}
[150.659529] (-) TimerEvent: {}
[150.762199] (-) TimerEvent: {}
[150.866612] (-) TimerEvent: {}
[150.967316] (-) TimerEvent: {}
[151.071600] (-) TimerEvent: {}
[151.172127] (-) TimerEvent: {}
[151.274010] (-) TimerEvent: {}
[151.378314] (-) TimerEvent: {}
[151.480399] (-) TimerEvent: {}
[151.589779] (-) TimerEvent: {}
[151.697946] (-) TimerEvent: {}
[151.801489] (-) TimerEvent: {}
[151.905953] (-) TimerEvent: {}
[152.009577] (-) TimerEvent: {}
[152.112349] (-) TimerEvent: {}
[152.216005] (-) TimerEvent: {}
[152.322964] (-) TimerEvent: {}
[152.423601] (-) TimerEvent: {}
[152.524960] (-) TimerEvent: {}
[152.625772] (-) TimerEvent: {}
[152.729219] (-) TimerEvent: {}
[152.835502] (-) TimerEvent: {}
[152.938310] (-) TimerEvent: {}
[153.041242] (-) TimerEvent: {}
[153.142282] (-) TimerEvent: {}
[153.243928] (-) TimerEvent: {}
[153.344563] (-) TimerEvent: {}
[153.446942] (-) TimerEvent: {}
[153.552896] (-) TimerEvent: {}
[153.659005] (-) TimerEvent: {}
[153.759684] (-) TimerEvent: {}
[153.860331] (-) TimerEvent: {}
[153.960981] (-) TimerEvent: {}
[154.063206] (-) TimerEvent: {}
[154.164948] (-) TimerEvent: {}
[154.265975] (-) TimerEvent: {}
[154.371229] (-) TimerEvent: {}
[154.471918] (-) TimerEvent: {}
[154.572596] (-) TimerEvent: {}
[154.673875] (-) TimerEvent: {}
[154.778776] (-) TimerEvent: {}
[154.881968] (-) TimerEvent: {}
[154.982761] (-) TimerEvent: {}
[155.083416] (-) TimerEvent: {}
[155.185878] (-) TimerEvent: {}
[155.288738] (-) TimerEvent: {}
[155.389546] (-) TimerEvent: {}
[155.490222] (-) TimerEvent: {}
[155.590705] (-) TimerEvent: {}
[155.691602] (-) TimerEvent: {}
[155.792002] (-) TimerEvent: {}
[155.892479] (-) TimerEvent: {}
[155.993328] (-) TimerEvent: {}
[156.093931] (-) TimerEvent: {}
[156.194966] (-) TimerEvent: {}
[156.295657] (-) TimerEvent: {}
[156.396270] (-) TimerEvent: {}
[156.497920] (-) TimerEvent: {}
[156.599544] (-) TimerEvent: {}
[156.700313] (-) TimerEvent: {}
[156.800943] (-) TimerEvent: {}
[156.902822] (-) TimerEvent: {}
[157.003626] (-) TimerEvent: {}
[157.104308] (-) TimerEvent: {}
[157.204918] (-) TimerEvent: {}
[157.305516] (-) TimerEvent: {}
[157.405960] (-) TimerEvent: {}
[157.506455] (-) TimerEvent: {}
[157.606908] (-) TimerEvent: {}
[157.707277] (-) TimerEvent: {}
[157.807640] (-) TimerEvent: {}
[157.908126] (-) TimerEvent: {}
[158.008801] (-) TimerEvent: {}
[158.109482] (-) TimerEvent: {}
[158.210929] (-) TimerEvent: {}
[158.311548] (-) TimerEvent: {}
[158.412146] (-) TimerEvent: {}
[158.512755] (-) TimerEvent: {}
[158.615584] (-) TimerEvent: {}
[158.716511] (-) TimerEvent: {}
[158.817109] (-) TimerEvent: {}
[158.917694] (-) TimerEvent: {}
[159.018240] (-) TimerEvent: {}
[159.118619] (-) TimerEvent: {}
[159.218996] (-) TimerEvent: {}
[159.319351] (-) TimerEvent: {}
[159.419709] (-) TimerEvent: {}
[159.520080] (-) TimerEvent: {}
[159.620491] (-) TimerEvent: {}
[159.721052] (-) TimerEvent: {}
[159.821551] (-) TimerEvent: {}
[159.922131] (-) TimerEvent: {}
[160.022651] (-) TimerEvent: {}
[160.123136] (-) TimerEvent: {}
[160.224114] (-) TimerEvent: {}
[160.324652] (-) TimerEvent: {}
[160.425243] (-) TimerEvent: {}
[160.525857] (-) TimerEvent: {}
[160.628689] (-) TimerEvent: {}
[160.729221] (-) TimerEvent: {}
[160.829729] (-) TimerEvent: {}
[160.930104] (-) TimerEvent: {}
[161.030460] (-) TimerEvent: {}
[161.130911] (-) TimerEvent: {}
[161.231457] (-) TimerEvent: {}
[161.331997] (-) TimerEvent: {}
[161.432530] (-) TimerEvent: {}
[161.533109] (-) TimerEvent: {}
[161.633520] (-) TimerEvent: {}
[161.733899] (-) TimerEvent: {}
[161.834307] (-) TimerEvent: {}
[161.934731] (-) TimerEvent: {}
[162.035182] (-) TimerEvent: {}
[162.135648] (-) TimerEvent: {}
[162.236015] (-) TimerEvent: {}
[162.336375] (-) TimerEvent: {}
[162.437571] (-) TimerEvent: {}
[162.538288] (-) TimerEvent: {}
[162.638834] (-) TimerEvent: {}
[162.739329] (-) TimerEvent: {}
[162.839702] (-) TimerEvent: {}
[162.940336] (-) TimerEvent: {}
[163.041085] (-) TimerEvent: {}
[163.141673] (-) TimerEvent: {}
[163.242151] (-) TimerEvent: {}
[163.342550] (-) TimerEvent: {}
[163.443715] (-) TimerEvent: {}
[163.544574] (-) TimerEvent: {}
[163.644969] (-) TimerEvent: {}
[163.747086] (-) TimerEvent: {}
[163.849955] (-) TimerEvent: {}
[163.950540] (-) TimerEvent: {}
[164.051022] (-) TimerEvent: {}
[164.151518] (-) TimerEvent: {}
[164.252226] (-) TimerEvent: {}
[164.352758] (-) TimerEvent: {}
[164.453272] (-) TimerEvent: {}
[164.553910] (-) TimerEvent: {}
[164.654378] (-) TimerEvent: {}
[164.754805] (-) TimerEvent: {}
[164.855224] (-) TimerEvent: {}
[164.955639] (-) TimerEvent: {}
[165.056142] (-) TimerEvent: {}
[165.156801] (-) TimerEvent: {}
[165.257257] (-) TimerEvent: {}
[165.357610] (-) TimerEvent: {}
[165.457993] (-) TimerEvent: {}
[165.558351] (-) TimerEvent: {}
[165.658710] (-) TimerEvent: {}
[165.759093] (-) TimerEvent: {}
[165.859440] (-) TimerEvent: {}
[165.959806] (-) TimerEvent: {}
[166.060169] (-) TimerEvent: {}
[166.160514] (-) TimerEvent: {}
[166.260884] (-) TimerEvent: {}
[166.361274] (-) TimerEvent: {}
[166.461627] (-) TimerEvent: {}
[166.562002] (-) TimerEvent: {}
[166.662362] (-) TimerEvent: {}
[166.762723] (-) TimerEvent: {}
[166.863103] (-) TimerEvent: {}
[166.963477] (-) TimerEvent: {}
[167.064830] (-) TimerEvent: {}
[167.166742] (-) TimerEvent: {}
[167.267489] (-) TimerEvent: {}
[167.368032] (-) TimerEvent: {}
[167.468602] (-) TimerEvent: {}
[167.569402] (-) TimerEvent: {}
[167.670407] (-) TimerEvent: {}
[167.771008] (-) TimerEvent: {}
[167.873986] (-) TimerEvent: {}
[167.974624] (-) TimerEvent: {}
[168.075260] (-) TimerEvent: {}
[168.175823] (-) TimerEvent: {}
[168.277001] (-) TimerEvent: {}
[168.377580] (-) TimerEvent: {}
[168.478181] (-) TimerEvent: {}
[168.578770] (-) TimerEvent: {}
[168.679395] (-) TimerEvent: {}
[168.779952] (-) TimerEvent: {}
[168.881649] (-) TimerEvent: {}
[168.983939] (-) TimerEvent: {}
[169.084882] (-) TimerEvent: {}
[169.187947] (-) TimerEvent: {}
[169.288611] (-) TimerEvent: {}
[169.391301] (-) TimerEvent: {}
[169.492656] (-) TimerEvent: {}
[169.596031] (-) TimerEvent: {}
[169.696727] (-) TimerEvent: {}
[169.799228] (-) TimerEvent: {}
[169.900857] (-) TimerEvent: {}
[170.008931] (-) TimerEvent: {}
[170.109624] (-) TimerEvent: {}
[170.211982] (-) TimerEvent: {}
[170.312551] (-) TimerEvent: {}
[170.413180] (-) TimerEvent: {}
[170.513730] (-) TimerEvent: {}
[170.614325] (-) TimerEvent: {}
[170.714917] (-) TimerEvent: {}
[170.815502] (-) TimerEvent: {}
[170.917037] (-) TimerEvent: {}
[171.017663] (-) TimerEvent: {}
[171.118344] (-) TimerEvent: {}
[171.218984] (-) TimerEvent: {}
[171.321063] (-) TimerEvent: {}
[171.424147] (-) TimerEvent: {}
[171.526188] (-) TimerEvent: {}
[171.629355] (-) TimerEvent: {}
[171.733944] (-) TimerEvent: {}
[171.834620] (-) TimerEvent: {}
[171.935381] (-) TimerEvent: {}
[172.037478] (-) TimerEvent: {}
[172.138187] (-) TimerEvent: {}
[172.240040] (-) TimerEvent: {}
[172.344361] (-) TimerEvent: {}
[172.445094] (-) TimerEvent: {}
[172.546494] (-) TimerEvent: {}
[172.653266] (-) TimerEvent: {}
[172.753949] (-) TimerEvent: {}
[172.854971] (-) TimerEvent: {}
[172.956031] (-) TimerEvent: {}
[173.056719] (-) TimerEvent: {}
[173.157969] (-) TimerEvent: {}
[173.263037] (-) TimerEvent: {}
[173.363775] (-) TimerEvent: {}
[173.464548] (-) TimerEvent: {}
[173.566547] (-) TimerEvent: {}
[173.668207] (-) TimerEvent: {}
[173.774412] (-) TimerEvent: {}
[173.882902] (-) TimerEvent: {}
[173.983950] (-) TimerEvent: {}
[174.084675] (-) TimerEvent: {}
[174.185289] (-) TimerEvent: {}
[174.286510] (-) TimerEvent: {}
[174.391142] (-) TimerEvent: {}
[174.493948] (-) TimerEvent: {}
[174.594695] (-) TimerEvent: {}
[174.695304] (-) TimerEvent: {}
[174.795872] (-) TimerEvent: {}
[174.896517] (-) TimerEvent: {}
[174.997847] (-) TimerEvent: {}
[175.098440] (-) TimerEvent: {}
[175.201070] (-) TimerEvent: {}
[175.301582] (-) TimerEvent: {}
[175.402226] (-) TimerEvent: {}
[175.502898] (-) TimerEvent: {}
[175.603438] (-) TimerEvent: {}
[175.703925] (-) TimerEvent: {}
[175.804531] (-) TimerEvent: {}
[175.905162] (-) TimerEvent: {}
[176.006020] (-) TimerEvent: {}
[176.106828] (-) TimerEvent: {}
[176.207198] (-) TimerEvent: {}
[176.307566] (-) TimerEvent: {}
[176.408034] (-) TimerEvent: {}
[176.508415] (-) TimerEvent: {}
[176.608775] (-) TimerEvent: {}
[176.709136] (-) TimerEvent: {}
[176.809659] (-) TimerEvent: {}
[176.910067] (-) TimerEvent: {}
[177.010443] (-) TimerEvent: {}
[177.110808] (-) TimerEvent: {}
[177.211152] (-) TimerEvent: {}
[177.311500] (-) TimerEvent: {}
[177.411856] (-) TimerEvent: {}
[177.512216] (-) TimerEvent: {}
[177.614934] (-) TimerEvent: {}
[177.719958] (-) TimerEvent: {}
[177.821365] (-) TimerEvent: {}
[177.927852] (-) TimerEvent: {}
[178.039571] (-) TimerEvent: {}
[178.142646] (-) TimerEvent: {}
[178.247906] (-) TimerEvent: {}
[178.350762] (-) TimerEvent: {}
[178.451884] (-) TimerEvent: {}
[178.559947] (-) TimerEvent: {}
[178.662720] (-) TimerEvent: {}
[178.769335] (-) TimerEvent: {}
[178.876950] (-) TimerEvent: {}
[178.992844] (-) TimerEvent: {}
[179.095272] (-) TimerEvent: {}
[179.198875] (-) TimerEvent: {}
[179.300998] (-) TimerEvent: {}
[179.401634] (-) TimerEvent: {}
[179.503147] (-) TimerEvent: {}
[179.603960] (-) TimerEvent: {}
[179.704644] (-) TimerEvent: {}
[179.805489] (-) TimerEvent: {}
[179.910597] (-) TimerEvent: {}
[180.012294] (-) TimerEvent: {}
[180.114616] (-) TimerEvent: {}
[180.215497] (-) TimerEvent: {}
[180.316152] (-) TimerEvent: {}
[180.416778] (-) TimerEvent: {}
[180.517440] (-) TimerEvent: {}
[180.618148] (-) TimerEvent: {}
[180.720754] (-) TimerEvent: {}
[180.821872] (-) TimerEvent: {}
[180.924020] (-) TimerEvent: {}
[181.025122] (-) TimerEvent: {}
[181.125866] (-) TimerEvent: {}
[181.226524] (-) TimerEvent: {}
[181.329019] (-) TimerEvent: {}
[181.429739] (-) TimerEvent: {}
[181.530447] (-) TimerEvent: {}
[181.631056] (-) TimerEvent: {}
[181.731917] (-) TimerEvent: {}
[181.832525] (-) TimerEvent: {}
[181.933129] (-) TimerEvent: {}
[182.034393] (-) TimerEvent: {}
[182.135494] (-) TimerEvent: {}
[182.236260] (-) TimerEvent: {}
[182.338992] (-) TimerEvent: {}
[182.439704] (-) TimerEvent: {}
[182.546418] (-) TimerEvent: {}
[182.648932] (-) TimerEvent: {}
[182.751318] (-) TimerEvent: {}
[182.853008] (-) TimerEvent: {}
[182.956613] (-) TimerEvent: {}
[183.057282] (-) TimerEvent: {}
[183.161162] (-) TimerEvent: {}
[183.269440] (-) TimerEvent: {}
[183.420189] (-) TimerEvent: {}
[183.521040] (-) TimerEvent: {}
[183.623157] (-) TimerEvent: {}
[183.723986] (-) TimerEvent: {}
[183.829948] (-) TimerEvent: {}
[183.930575] (-) TimerEvent: {}
[184.038144] (-) TimerEvent: {}
[184.165226] (-) TimerEvent: {}
[184.267239] (-) TimerEvent: {}
[184.374208] (-) TimerEvent: {}
[184.474949] (-) TimerEvent: {}
[184.576998] (-) TimerEvent: {}
[184.678684] (-) TimerEvent: {}
[184.779401] (-) TimerEvent: {}
[184.880055] (-) TimerEvent: {}
[184.980680] (-) TimerEvent: {}
[185.082975] (-) TimerEvent: {}
[185.187944] (-) TimerEvent: {}
[185.292950] (-) TimerEvent: {}
[185.393832] (-) TimerEvent: {}
[185.494474] (-) TimerEvent: {}
[185.614941] (-) TimerEvent: {}
[185.718365] (-) TimerEvent: {}
[185.823481] (-) TimerEvent: {}
[185.931037] (-) TimerEvent: {}
[186.038156] (-) TimerEvent: {}
[186.138770] (-) TimerEvent: {}
[186.240086] (-) TimerEvent: {}
[186.340812] (-) TimerEvent: {}
[186.443334] (-) TimerEvent: {}
[186.545033] (-) TimerEvent: {}
[186.647405] (-) TimerEvent: {}
[186.750355] (-) TimerEvent: {}
[186.851059] (-) TimerEvent: {}
[186.952676] (-) TimerEvent: {}
[187.054278] (-) TimerEvent: {}
[187.154849] (-) TimerEvent: {}
[187.255407] (-) TimerEvent: {}
[187.356241] (-) TimerEvent: {}
[187.456735] (-) TimerEvent: {}
[187.557306] (-) TimerEvent: {}
[187.657941] (-) TimerEvent: {}
[187.758505] (-) TimerEvent: {}
[187.860400] (-) TimerEvent: {}
[187.963204] (-) TimerEvent: {}
[188.063740] (-) TimerEvent: {}
[188.164689] (-) TimerEvent: {}
[188.271140] (-) TimerEvent: {}
[188.372979] (-) TimerEvent: {}
[188.473493] (-) TimerEvent: {}
[188.576245] (-) TimerEvent: {}
[188.676870] (-) TimerEvent: {}
[188.777419] (-) TimerEvent: {}
[188.878049] (-) TimerEvent: {}
[188.978539] (-) TimerEvent: {}
[189.078886] (-) TimerEvent: {}
[189.179241] (-) TimerEvent: {}
[189.279589] (-) TimerEvent: {}
[189.379953] (-) TimerEvent: {}
[189.480307] (-) TimerEvent: {}
[189.580950] (-) TimerEvent: {}
[189.685458] (-) TimerEvent: {}
[190.119889] (-) TimerEvent: {}
[190.221469] (-) TimerEvent: {}
[190.323605] (-) TimerEvent: {}
[190.426938] (-) TimerEvent: {}
[190.530304] (-) TimerEvent: {}
[190.633162] (-) TimerEvent: {}
[190.743968] (-) TimerEvent: {}
[190.845916] (-) TimerEvent: {}
[190.948457] (-) TimerEvent: {}
[191.049104] (-) TimerEvent: {}
[191.149740] (-) TimerEvent: {}
[191.251353] (-) TimerEvent: {}
[191.354917] (-) TimerEvent: {}
[191.457002] (-) TimerEvent: {}
[191.557759] (-) TimerEvent: {}
[191.658811] (-) TimerEvent: {}
[191.759445] (-) TimerEvent: {}
[191.862058] (-) TimerEvent: {}
[191.962707] (-) TimerEvent: {}
[192.064161] (-) TimerEvent: {}
[192.164718] (-) TimerEvent: {}
[192.265313] (-) TimerEvent: {}
[192.365951] (-) TimerEvent: {}
[192.466991] (-) TimerEvent: {}
[192.569199] (-) TimerEvent: {}
[192.669767] (-) TimerEvent: {}
[192.770291] (-) TimerEvent: {}
[192.870651] (-) TimerEvent: {}
[192.971076] (-) TimerEvent: {}
[193.071603] (-) TimerEvent: {}
[193.171977] (-) TimerEvent: {}
[193.272339] (-) TimerEvent: {}
[193.372726] (-) TimerEvent: {}
[193.473291] (-) TimerEvent: {}
[193.574537] (-) TimerEvent: {}
[193.676361] (-) TimerEvent: {}
[193.777017] (-) TimerEvent: {}
[193.877625] (-) TimerEvent: {}
[193.978219] (-) TimerEvent: {}
[194.080630] (-) TimerEvent: {}
[194.181286] (-) TimerEvent: {}
[194.282059] (-) TimerEvent: {}
[194.383467] (-) TimerEvent: {}
[194.484513] (-) TimerEvent: {}
[194.585581] (-) TimerEvent: {}
[194.686111] (-) TimerEvent: {}
[194.786563] (-) TimerEvent: {}
[194.887339] (-) TimerEvent: {}
[194.990869] (-) TimerEvent: {}
[195.097107] (-) TimerEvent: {}
[195.198207] (-) TimerEvent: {}
[195.300086] (-) TimerEvent: {}
[195.400709] (-) TimerEvent: {}
[195.501421] (-) TimerEvent: {}
[195.602099] (-) TimerEvent: {}
[195.703270] (-) TimerEvent: {}
[195.803970] (-) TimerEvent: {}
[195.904575] (-) TimerEvent: {}
[196.005576] (-) TimerEvent: {}
[196.106481] (-) TimerEvent: {}
[196.209023] (-) TimerEvent: {}
[196.312955] (-) TimerEvent: {}
[196.413624] (-) TimerEvent: {}
[196.514243] (-) TimerEvent: {}
[196.614913] (-) TimerEvent: {}
[196.715520] (-) TimerEvent: {}
[196.820090] (-) TimerEvent: {}
[196.920775] (-) TimerEvent: {}
[197.021530] (-) TimerEvent: {}
[197.122713] (-) TimerEvent: {}
[197.223498] (-) TimerEvent: {}
[197.330666] (-) TimerEvent: {}
[197.437532] (-) TimerEvent: {}
[197.545368] (-) TimerEvent: {}
[197.646021] (-) TimerEvent: {}
[197.746778] (-) TimerEvent: {}
[197.850390] (-) TimerEvent: {}
[197.952032] (-) TimerEvent: {}
[198.053773] (-) TimerEvent: {}
[198.155224] (-) TimerEvent: {}
[198.256989] (-) TimerEvent: {}
[198.360134] (-) TimerEvent: {}
[198.463106] (-) TimerEvent: {}
[198.565071] (-) TimerEvent: {}
[198.665988] (-) TimerEvent: {}
[198.767949] (-) TimerEvent: {}
[198.869012] (-) TimerEvent: {}
[198.970601] (-) TimerEvent: {}
[199.072050] (-) TimerEvent: {}
[199.173172] (-) TimerEvent: {}
[199.279942] (-) TimerEvent: {}
[199.380600] (-) TimerEvent: {}
[199.482380] (-) TimerEvent: {}
[199.583576] (-) TimerEvent: {}
[199.684280] (-) TimerEvent: {}
[199.786931] (-) TimerEvent: {}
[199.890714] (-) TimerEvent: {}
[199.991571] (-) TimerEvent: {}
[200.094408] (-) TimerEvent: {}
[200.196951] (-) TimerEvent: {}
[200.297642] (-) TimerEvent: {}
[200.400535] (-) TimerEvent: {}
[200.506564] (-) TimerEvent: {}
[200.607184] (-) TimerEvent: {}
[200.707917] (-) TimerEvent: {}
[200.808623] (-) TimerEvent: {}
[200.912423] (-) TimerEvent: {}
[201.016020] (-) TimerEvent: {}
[201.116656] (-) TimerEvent: {}
[201.222049] (-) TimerEvent: {}
[201.324067] (-) TimerEvent: {}
[201.424725] (-) TimerEvent: {}
[201.525972] (-) TimerEvent: {}
[201.629556] (-) TimerEvent: {}
[201.730261] (-) TimerEvent: {}
[201.830884] (-) TimerEvent: {}
[201.934253] (-) TimerEvent: {}
[202.034976] (-) TimerEvent: {}
[202.137087] (-) TimerEvent: {}
[202.237700] (-) TimerEvent: {}
[202.338072] (-) TimerEvent: {}
[202.962860] (-) TimerEvent: {}
[203.063968] (-) TimerEvent: {}
[203.165826] (-) TimerEvent: {}
[203.266528] (-) TimerEvent: {}
[203.368026] (-) TimerEvent: {}
[203.470249] (-) TimerEvent: {}
[203.570802] (-) TimerEvent: {}
[203.671172] (-) TimerEvent: {}
[203.771532] (-) TimerEvent: {}
[203.871868] (-) TimerEvent: {}
[203.972215] (-) TimerEvent: {}
[204.072573] (-) TimerEvent: {}
[204.172950] (-) TimerEvent: {}
[204.273314] (-) TimerEvent: {}
[204.378899] (-) TimerEvent: {}
[204.479635] (-) TimerEvent: {}
[204.581358] (-) TimerEvent: {}
[204.682981] (-) TimerEvent: {}
[204.786929] (-) TimerEvent: {}
[204.887538] (-) TimerEvent: {}
[204.988158] (-) TimerEvent: {}
[205.088647] (-) TimerEvent: {}
[205.189088] (-) TimerEvent: {}
[205.289524] (-) TimerEvent: {}
[205.390015] (-) TimerEvent: {}
[205.490512] (-) TimerEvent: {}
[205.591047] (-) TimerEvent: {}
[205.691441] (-) TimerEvent: {}
[205.792469] (-) TimerEvent: {}
[205.893249] (-) TimerEvent: {}
[205.993672] (-) TimerEvent: {}
[206.094034] (-) TimerEvent: {}
[206.194378] (-) TimerEvent: {}
[206.294732] (-) TimerEvent: {}
[206.395100] (-) TimerEvent: {}
[206.495496] (-) TimerEvent: {}
[206.595908] (-) TimerEvent: {}
[206.696335] (-) TimerEvent: {}
[206.796723] (-) TimerEvent: {}
[206.897123] (-) TimerEvent: {}
[206.997511] (-) TimerEvent: {}
[207.097911] (-) TimerEvent: {}
[207.198315] (-) TimerEvent: {}
[207.298693] (-) TimerEvent: {}
[207.399082] (-) TimerEvent: {}
[207.499480] (-) TimerEvent: {}
[207.599914] (-) TimerEvent: {}
[207.700481] (-) TimerEvent: {}
[207.801048] (-) TimerEvent: {}
[207.901443] (-) TimerEvent: {}
[208.002038] (-) TimerEvent: {}
[208.102729] (-) TimerEvent: {}
[208.203485] (-) TimerEvent: {}
[208.304331] (-) TimerEvent: {}
[208.407120] (-) TimerEvent: {}
[208.508145] (-) TimerEvent: {}
[208.611117] (-) TimerEvent: {}
[208.712968] (-) TimerEvent: {}
[208.813635] (-) TimerEvent: {}
[208.914057] (-) TimerEvent: {}
[209.016728] (-) TimerEvent: {}
[209.117253] (-) TimerEvent: {}
[209.217993] (-) TimerEvent: {}
[209.318394] (-) TimerEvent: {}
[209.418807] (-) TimerEvent: {}
[209.519204] (-) TimerEvent: {}
[209.619603] (-) TimerEvent: {}
[209.720041] (-) TimerEvent: {}
[209.820420] (-) TimerEvent: {}
[209.920830] (-) TimerEvent: {}
[210.021199] (-) TimerEvent: {}
[210.121591] (-) TimerEvent: {}
[210.221986] (-) TimerEvent: {}
[210.322447] (-) TimerEvent: {}
[210.422859] (-) TimerEvent: {}
[210.523322] (-) TimerEvent: {}
[210.623895] (-) TimerEvent: {}
[210.724551] (-) TimerEvent: {}
[210.825311] (-) TimerEvent: {}
[210.925751] (-) TimerEvent: {}
[211.026263] (-) TimerEvent: {}
[211.126616] (-) TimerEvent: {}
[211.226981] (-) TimerEvent: {}
[211.327435] (-) TimerEvent: {}
[211.428177] (-) TimerEvent: {}
[211.528533] (-) TimerEvent: {}
[211.629019] (-) TimerEvent: {}
[211.729508] (-) TimerEvent: {}
[211.830184] (-) TimerEvent: {}
[211.931587] (-) TimerEvent: {}
[212.032314] (-) TimerEvent: {}
[212.133087] (-) TimerEvent: {}
[212.233517] (-) TimerEvent: {}
[212.333902] (-) TimerEvent: {}
[212.434236] (masc_chassis_ros_driver) StdoutLine: {'line': b'[ 62%] \x1b[32mBuilding CXX object CMakeFiles/masc_chassis_ros_driver_node.dir/src/ros_conversions.cpp.o\x1b[0m\n'}
[212.467631] (-) TimerEvent: {}
[212.568027] (-) TimerEvent: {}
[212.668418] (-) TimerEvent: {}
[212.768805] (-) TimerEvent: {}
[212.869193] (-) TimerEvent: {}
[212.969576] (-) TimerEvent: {}
[213.069999] (-) TimerEvent: {}
[213.170397] (-) TimerEvent: {}
[213.270845] (-) TimerEvent: {}
[213.371416] (-) TimerEvent: {}
[213.471835] (-) TimerEvent: {}
[213.572227] (-) TimerEvent: {}
[213.672695] (-) TimerEvent: {}
[213.773155] (-) TimerEvent: {}
[213.873884] (-) TimerEvent: {}
[213.974539] (-) TimerEvent: {}
[214.076587] (-) TimerEvent: {}
[214.177259] (-) TimerEvent: {}
[214.277765] (-) TimerEvent: {}
[214.378146] (-) TimerEvent: {}
[214.478492] (-) TimerEvent: {}
[214.578858] (-) TimerEvent: {}
[214.679216] (-) TimerEvent: {}
[214.779583] (-) TimerEvent: {}
[214.879969] (-) TimerEvent: {}
[214.980388] (-) TimerEvent: {}
[215.080920] (-) TimerEvent: {}
[215.181423] (-) TimerEvent: {}
[215.281943] (-) TimerEvent: {}
[215.382643] (-) TimerEvent: {}
[215.483485] (-) TimerEvent: {}
[215.584493] (-) TimerEvent: {}
[215.684858] (-) TimerEvent: {}
[215.785226] (-) TimerEvent: {}
[215.885587] (-) TimerEvent: {}
[215.986008] (-) TimerEvent: {}
[216.086354] (-) TimerEvent: {}
[216.186729] (-) TimerEvent: {}
[216.287134] (-) TimerEvent: {}
[216.387494] (-) TimerEvent: {}
[216.487871] (-) TimerEvent: {}
[216.588254] (-) TimerEvent: {}
[216.688614] (-) TimerEvent: {}
[216.789024] (-) TimerEvent: {}
[216.889400] (-) TimerEvent: {}
[216.989844] (-) TimerEvent: {}
[217.090219] (-) TimerEvent: {}
[217.190592] (-) TimerEvent: {}
[217.291049] (-) TimerEvent: {}
[217.391506] (-) TimerEvent: {}
[217.491867] (-) TimerEvent: {}
[217.592234] (-) TimerEvent: {}
[217.692647] (-) TimerEvent: {}
[217.793055] (-) TimerEvent: {}
[217.893470] (-) TimerEvent: {}
[217.993865] (-) TimerEvent: {}
[218.094236] (-) TimerEvent: {}
[218.194615] (-) TimerEvent: {}
[218.295007] (-) TimerEvent: {}
[218.395358] (-) TimerEvent: {}
[218.495743] (-) TimerEvent: {}
[218.596137] (-) TimerEvent: {}
[218.696511] (-) TimerEvent: {}
[218.796917] (-) TimerEvent: {}
[218.897294] (-) TimerEvent: {}
[218.997670] (-) TimerEvent: {}
[219.098851] (-) TimerEvent: {}
[219.199283] (-) TimerEvent: {}
[219.299636] (-) TimerEvent: {}
[219.400012] (-) TimerEvent: {}
[219.500373] (-) TimerEvent: {}
[219.600730] (-) TimerEvent: {}
[219.701095] (-) TimerEvent: {}
[219.801459] (-) TimerEvent: {}
[219.901860] (-) TimerEvent: {}
[220.002218] (-) TimerEvent: {}
[220.102578] (-) TimerEvent: {}
[220.203004] (-) TimerEvent: {}
[220.272811] (masc_chassis_ros_driver) StdoutLine: {'line': b'[ 75%] \x1b[32mBuilding CXX object CMakeFiles/masc_chassis_ros_driver_node.dir/src/odom_integrator.cpp.o\x1b[0m\n'}
[220.303115] (-) TimerEvent: {}
[220.403452] (-) TimerEvent: {}
[220.503809] (-) TimerEvent: {}
[220.604144] (-) TimerEvent: {}
[220.704485] (-) TimerEvent: {}
[220.804826] (-) TimerEvent: {}
[220.905171] (-) TimerEvent: {}
[221.005532] (-) TimerEvent: {}
[221.105896] (-) TimerEvent: {}
[221.206243] (-) TimerEvent: {}
[221.306602] (-) TimerEvent: {}
[221.407021] (-) TimerEvent: {}
[221.507364] (-) TimerEvent: {}
[221.607724] (-) TimerEvent: {}
[221.708092] (-) TimerEvent: {}
[221.808447] (-) TimerEvent: {}
[221.908836] (-) TimerEvent: {}
[222.009209] (-) TimerEvent: {}
[222.109556] (-) TimerEvent: {}
[222.209938] (-) TimerEvent: {}
[222.310289] (-) TimerEvent: {}
[222.410642] (-) TimerEvent: {}
[222.511035] (-) TimerEvent: {}
[222.611398] (-) TimerEvent: {}
[222.711763] (-) TimerEvent: {}
[222.812125] (-) TimerEvent: {}
[222.912473] (-) TimerEvent: {}
[223.012858] (-) TimerEvent: {}
[223.113209] (-) TimerEvent: {}
[223.213561] (-) TimerEvent: {}
[223.314021] (-) TimerEvent: {}
[223.414376] (-) TimerEvent: {}
[223.514728] (-) TimerEvent: {}
[223.615081] (-) TimerEvent: {}
[223.715440] (-) TimerEvent: {}
[223.815844] (-) TimerEvent: {}
[223.916329] (-) TimerEvent: {}
[224.016894] (-) TimerEvent: {}
[224.117392] (-) TimerEvent: {}
[224.217756] (-) TimerEvent: {}
[224.318203] (-) TimerEvent: {}
[224.418822] (-) TimerEvent: {}
[224.519378] (-) TimerEvent: {}
[224.619905] (-) TimerEvent: {}
[224.720397] (-) TimerEvent: {}
[224.821022] (-) TimerEvent: {}
[224.921601] (-) TimerEvent: {}
[225.022397] (-) TimerEvent: {}
[225.122888] (-) TimerEvent: {}
[225.223400] (-) TimerEvent: {}
[225.323763] (-) TimerEvent: {}
[225.424144] (-) TimerEvent: {}
[225.524524] (-) TimerEvent: {}
[225.624975] (-) TimerEvent: {}
[225.725431] (-) TimerEvent: {}
[225.825798] (-) TimerEvent: {}
[225.926156] (-) TimerEvent: {}
[226.026517] (-) TimerEvent: {}
[226.126886] (-) TimerEvent: {}
[226.227239] (-) TimerEvent: {}
[226.327593] (-) TimerEvent: {}
[226.427962] (-) TimerEvent: {}
[226.528328] (-) TimerEvent: {}
[226.628701] (-) TimerEvent: {}
[226.729087] (-) TimerEvent: {}
[226.830048] (-) TimerEvent: {}
[226.930392] (-) TimerEvent: {}
[227.030744] (-) TimerEvent: {}
[227.131123] (-) TimerEvent: {}
[227.213041] (masc_chassis_ros_driver) StdoutLine: {'line': b'[ 87%] \x1b[32mBuilding CXX object CMakeFiles/masc_chassis_ros_driver_node.dir/src/main.cpp.o\x1b[0m\n'}
[227.231246] (-) TimerEvent: {}
[227.331656] (-) TimerEvent: {}
[227.432073] (-) TimerEvent: {}
[227.532553] (-) TimerEvent: {}
[227.632899] (-) TimerEvent: {}
[227.733254] (-) TimerEvent: {}
[227.833607] (-) TimerEvent: {}
[227.933973] (-) TimerEvent: {}
[228.035046] (-) TimerEvent: {}
[228.135489] (-) TimerEvent: {}
[228.235861] (-) TimerEvent: {}
[228.336209] (-) TimerEvent: {}
[228.436600] (-) TimerEvent: {}
[228.536975] (-) TimerEvent: {}
[228.637322] (-) TimerEvent: {}
[228.737683] (-) TimerEvent: {}
[228.838055] (-) TimerEvent: {}
[228.938415] (-) TimerEvent: {}
[229.038772] (-) TimerEvent: {}
[229.139159] (-) TimerEvent: {}
[229.239499] (-) TimerEvent: {}
[229.339859] (-) TimerEvent: {}
[229.440214] (-) TimerEvent: {}
[229.540564] (-) TimerEvent: {}
[229.640940] (-) TimerEvent: {}
[229.741288] (-) TimerEvent: {}
[229.841653] (-) TimerEvent: {}
[229.942031] (-) TimerEvent: {}
[230.042380] (-) TimerEvent: {}
[230.142741] (-) TimerEvent: {}
[230.243186] (-) TimerEvent: {}
[230.343550] (-) TimerEvent: {}
[230.443857] (-) TimerEvent: {}
[230.544190] (-) TimerEvent: {}
[230.644540] (-) TimerEvent: {}
[230.744892] (-) TimerEvent: {}
[230.845245] (-) TimerEvent: {}
[230.945598] (-) TimerEvent: {}
[231.045960] (-) TimerEvent: {}
[231.146303] (-) TimerEvent: {}
[231.246658] (-) TimerEvent: {}
[231.347041] (-) TimerEvent: {}
[231.447397] (-) TimerEvent: {}
[231.547748] (-) TimerEvent: {}
[231.648108] (-) TimerEvent: {}
[231.748469] (-) TimerEvent: {}
[231.848845] (-) TimerEvent: {}
[231.949762] (-) TimerEvent: {}
[232.050125] (-) TimerEvent: {}
[232.150484] (-) TimerEvent: {}
[232.250880] (-) TimerEvent: {}
[232.351252] (-) TimerEvent: {}
[232.451596] (-) TimerEvent: {}
[232.551984] (-) TimerEvent: {}
[232.652342] (-) TimerEvent: {}
[232.752697] (-) TimerEvent: {}
[232.853078] (-) TimerEvent: {}
[232.953429] (-) TimerEvent: {}
[233.053816] (-) TimerEvent: {}
[233.154243] (-) TimerEvent: {}
[233.254610] (-) TimerEvent: {}
[233.354981] (-) TimerEvent: {}
[233.455330] (-) TimerEvent: {}
[233.555673] (-) TimerEvent: {}
[233.656073] (-) TimerEvent: {}
[233.756435] (-) TimerEvent: {}
[233.856854] (-) TimerEvent: {}
[233.957236] (-) TimerEvent: {}
[234.057592] (-) TimerEvent: {}
[234.157972] (-) TimerEvent: {}
[234.258334] (-) TimerEvent: {}
[234.358692] (-) TimerEvent: {}
[234.459076] (-) TimerEvent: {}
[234.533180] (masc_chassis_ros_driver) StdoutLine: {'line': b'[100%] \x1b[32m\x1b[1mLinking CXX executable masc_chassis_ros_driver_node\x1b[0m\n'}
[234.559184] (-) TimerEvent: {}
[234.659636] (-) TimerEvent: {}
[234.760236] (-) TimerEvent: {}
[234.860697] (-) TimerEvent: {}
[234.961204] (-) TimerEvent: {}
[235.061561] (-) TimerEvent: {}
[235.162157] (-) TimerEvent: {}
[235.263339] (-) TimerEvent: {}
[235.364289] (-) TimerEvent: {}
[235.464686] (-) TimerEvent: {}
[235.565278] (-) TimerEvent: {}
[235.665825] (-) TimerEvent: {}
[235.766827] (-) TimerEvent: {}
[235.867842] (-) TimerEvent: {}
[235.968937] (-) TimerEvent: {}
[236.069881] (-) TimerEvent: {}
[236.170324] (-) TimerEvent: {}
[236.270867] (-) TimerEvent: {}
[236.371961] (-) TimerEvent: {}
[236.473050] (-) TimerEvent: {}
[236.573882] (-) TimerEvent: {}
[236.674328] (-) TimerEvent: {}
[236.774778] (-) TimerEvent: {}
[236.875454] (-) TimerEvent: {}
[236.976216] (-) TimerEvent: {}
[237.077150] (-) TimerEvent: {}
[237.177618] (-) TimerEvent: {}
[237.278307] (-) TimerEvent: {}
[237.379195] (-) TimerEvent: {}
[237.480088] (-) TimerEvent: {}
[237.580564] (-) TimerEvent: {}
[237.681202] (-) TimerEvent: {}
[237.782118] (-) TimerEvent: {}
[237.882566] (-) TimerEvent: {}
[237.982865] (-) TimerEvent: {}
[238.083414] (-) TimerEvent: {}
[238.184294] (-) TimerEvent: {}
[238.284971] (-) TimerEvent: {}
[238.385342] (-) TimerEvent: {}
[238.485703] (-) TimerEvent: {}
[238.586083] (-) TimerEvent: {}
[238.686440] (-) TimerEvent: {}
[238.786901] (-) TimerEvent: {}
[238.890351] (-) TimerEvent: {}
[238.990892] (-) TimerEvent: {}
[239.091974] (-) TimerEvent: {}
[239.192570] (-) TimerEvent: {}
[239.226110] (masc_chassis_ros_driver) StdoutLine: {'line': b'[100%] Built target masc_chassis_ros_driver_node\n'}
[239.283312] (masc_chassis_ros_driver) CommandEnded: {'returncode': 0}
[239.292637] (-) TimerEvent: {}
[239.293093] (masc_chassis_ros_driver) JobProgress: {'identifier': 'masc_chassis_ros_driver', 'progress': 'install'}
[239.294287] (masc_chassis_ros_driver) Command: {'cmd': ['/usr/bin/cmake', '--install', '/home/tiema/project/masc_chassis/chassis_ros_ws/build/masc_chassis_ros_driver'], 'cwd': '/home/tiema/project/masc_chassis/chassis_ros_ws/build/masc_chassis_ros_driver', 'env': OrderedDict({'GJS_DEBUG_TOPICS': 'JS ERROR;JS LOG', 'LESSOPEN': '| /usr/bin/lesspipe %s', 'LANGUAGE': 'zh_CN:en', 'USER': 'tiema', 'LC_TIME': 'zh_CN.UTF-8', 'XDG_SESSION_TYPE': 'x11', 'GIT_ASKPASS': '/usr/share/code/resources/app/extensions/git/dist/askpass.sh', 'CLUTTER_DISABLE_MIPMAPPED_TEXT': '1', 'SHLVL': '1', 'LD_LIBRARY_PATH': '/home/tiema/project/masc_chassis/chassis_ros_ws/install/masc_chassis_msgs/lib:/home/tiema/project/masc_chassis/chassis_ros_ws/install/masc_chassis_can_sdk/lib:/opt/ros/jazzy/lib/aarch64-linux-gnu:/opt/ros/jazzy/lib', 'HOME': '/home/tiema', 'CHROME_DESKTOP': 'code.desktop', 'OLDPWD': '/home/tiema/project/masc_chassis', 'TERM_PROGRAM_VERSION': '1.136.1', 'DESKTOP_SESSION': 'ubuntu-xorg', 'GIO_LAUNCHED_DESKTOP_FILE': '/usr/share/applications/code.desktop', 'ROS_PYTHON_VERSION': '3', 'GNOME_SHELL_SESSION_MODE': 'ubuntu', 'GTK_MODULES': 'gail:atk-bridge', 'SDL_IM_MODULE': 'fcitx', 'VSCODE_GIT_ASKPASS_MAIN': '/usr/share/code/resources/app/extensions/git/dist/askpass-main.js', 'LC_MONETARY': 'zh_CN.UTF-8', 'VSCODE_GIT_ASKPASS_NODE': '/usr/share/code/code', 'MANAGERPID': '1894', 'SYSTEMD_EXEC_PID': '2215', 'VSCODE_PYTHON_AUTOACTIVATE_GUARD': '1', 'GSM_SKIP_SSH_AGENT_WORKAROUND': 'true', 'DBUS_SESSION_BUS_ADDRESS': 'unix:path=/run/user/1000/bus', 'COLORTERM': 'truecolor', 'GIO_LAUNCHED_DESKTOP_FILE_PID': '16595', 'DEBUGINFOD_URLS': 'https://debuginfod.ubuntu.com', 'IM_CONFIG_PHASE': '1', 'ROS_DISTRO': 'jazzy', 'GTK_IM_MODULE': 'fcitx', 'LOGNAME': 'tiema', 'JOURNAL_STREAM': '8:19797', '_': '/usr/bin/colcon', 'ROS_VERSION': '2', 'MEMORY_PRESSURE_WATCH': '/sys/fs/cgroup/user.slice/user-1000.slice/user@1000.service/session.slice/org.gnome.Shell@x11.service/memory.pressure', 'XDG_SESSION_CLASS': 'user', 'USERNAME': 'tiema', 'TERM': 'xterm-256color', 'GNOME_DESKTOP_SESSION_ID': 'this-is-deprecated', 'FC_FONTATIONS': '1', 'WINDOWPATH': '2', 'PATH': '/home/tiema/project/masc_chassis/chassis_ros_ws/install/masc_chassis_can_sdk/bin:/home/tiema/.config/Code/User/globalStorage/github.copilot-chat/debugCommand:/home/tiema/.config/Code/User/globalStorage/github.copilot-chat/copilotCli:/opt/ros/jazzy/bin:/usr/local/sbin:/usr/local/bin:/usr/sbin:/usr/bin:/sbin:/bin:/usr/games:/usr/local/games:/snap/bin:/snap/bin', 'SESSION_MANAGER': 'local/tiema:@/tmp/.ICE-unix/2160,unix/tiema:/tmp/.ICE-unix/2160', 'INVOCATION_ID': '935cf4f9ac054f658ffe6ae8e39b8bb7', 'PAPERSIZE': 'a4', 'XDG_MENU_PREFIX': 'gnome-', 'LC_ADDRESS': 'zh_CN.UTF-8', 'XDG_RUNTIME_DIR': '/run/user/1000', 'GDK_BACKEND': 'x11', 'DISPLAY': ':1', 'LANG': 'zh_CN.UTF-8', 'XDG_CURRENT_DESKTOP': 'ubuntu:GNOME', 'LC_TELEPHONE': 'zh_CN.UTF-8', 'XMODIFIERS': '@im=fcitx', 'XDG_SESSION_DESKTOP': 'ubuntu-xorg', 'XAUTHORITY': '/run/user/1000/gdm/Xauthority', 'LS_COLORS': 'rs=0:di=01;34:ln=01;36:mh=00:pi=40;33:so=01;35:do=01;35:bd=40;33;01:cd=40;33;01:or=40;31;01:mi=00:su=37;41:sg=30;43:ca=00:tw=30;42:ow=34;42:st=37;44:ex=01;32:*.tar=01;31:*.tgz=01;31:*.arc=01;31:*.arj=01;31:*.taz=01;31:*.lha=01;31:*.lz4=01;31:*.lzh=01;31:*.lzma=01;31:*.tlz=01;31:*.txz=01;31:*.tzo=01;31:*.t7z=01;31:*.zip=01;31:*.z=01;31:*.dz=01;31:*.gz=01;31:*.lrz=01;31:*.lz=01;31:*.lzo=01;31:*.xz=01;31:*.zst=01;31:*.tzst=01;31:*.bz2=01;31:*.bz=01;31:*.tbz=01;31:*.tbz2=01;31:*.tz=01;31:*.deb=01;31:*.rpm=01;31:*.jar=01;31:*.war=01;31:*.ear=01;31:*.sar=01;31:*.rar=01;31:*.alz=01;31:*.ace=01;31:*.zoo=01;31:*.cpio=01;31:*.7z=01;31:*.rz=01;31:*.cab=01;31:*.wim=01;31:*.swm=01;31:*.dwm=01;31:*.esd=01;31:*.avif=01;35:*.jpg=01;35:*.jpeg=01;35:*.mjpg=01;35:*.mjpeg=01;35:*.gif=01;35:*.bmp=01;35:*.pbm=01;35:*.pgm=01;35:*.ppm=01;35:*.tga=01;35:*.xbm=01;35:*.xpm=01;35:*.tif=01;35:*.tiff=01;35:*.png=01;35:*.svg=01;35:*.svgz=01;35:*.mng=01;35:*.pcx=01;35:*.mov=01;35:*.mpg=01;35:*.mpeg=01;35:*.m2v=01;35:*.mkv=01;35:*.webm=01;35:*.webp=01;35:*.ogm=01;35:*.mp4=01;35:*.m4v=01;35:*.mp4v=01;35:*.vob=01;35:*.qt=01;35:*.nuv=01;35:*.wmv=01;35:*.asf=01;35:*.rm=01;35:*.rmvb=01;35:*.flc=01;35:*.avi=01;35:*.fli=01;35:*.flv=01;35:*.gl=01;35:*.dl=01;35:*.xcf=01;35:*.xwd=01;35:*.yuv=01;35:*.cgm=01;35:*.emf=01;35:*.ogv=01;35:*.ogx=01;35:*.aac=00;36:*.au=00;36:*.flac=00;36:*.m4a=00;36:*.mid=00;36:*.midi=00;36:*.mka=00;36:*.mp3=00;36:*.mpc=00;36:*.ogg=00;36:*.ra=00;36:*.wav=00;36:*.oga=00;36:*.opus=00;36:*.spx=00;36:*.xspf=00;36:*~=00;90:*#=00;90:*.bak=00;90:*.crdownload=00;90:*.dpkg-dist=00;90:*.dpkg-new=00;90:*.dpkg-old=00;90:*.dpkg-tmp=00;90:*.old=00;90:*.orig=00;90:*.part=00;90:*.rej=00;90:*.rpmnew=00;90:*.rpmorig=00;90:*.rpmsave=00;90:*.swp=00;90:*.tmp=00;90:*.ucf-dist=00;90:*.ucf-new=00;90:*.ucf-old=00;90:', 'VSCODE_GIT_IPC_HANDLE': '/run/user/1000/vscode-git-0c08523fcc.sock', 'TERM_PROGRAM': 'vscode', 'SSH_AUTH_SOCK': '/run/user/1000/keyring/ssh', 'AMENT_PREFIX_PATH': '/home/tiema/project/masc_chassis/chassis_ros_ws/install/masc_chassis_msgs:/home/tiema/project/masc_chassis/chassis_ros_ws/install/masc_chassis_can_sdk:/opt/ros/jazzy', 'SHELL': '/bin/bash', 'LC_NAME': 'zh_CN.UTF-8', 'QT_ACCESSIBILITY': '1', 'GDMSESSION': 'ubuntu-xorg', 'LESSCLOSE': '/usr/bin/lesspipe %s %s', 'LC_MEASUREMENT': 'zh_CN.UTF-8', 'GPG_AGENT_INFO': '/run/user/1000/gnupg/S.gpg-agent:0:1', 'GJS_DEBUG_OUTPUT': 'stderr', 'LC_IDENTIFICATION': 'zh_CN.UTF-8', 'ROS_AUTOMATIC_DISCOVERY_RANGE': 'SUBNET', 'VSCODE_GIT_ASKPASS_EXTRA_ARGS': '', 'QT_IM_MODULE': 'fcitx', 'PWD': '/home/tiema/project/masc_chassis/chassis_ros_ws/build/masc_chassis_ros_driver', 'XDG_CONFIG_DIRS': '/etc/xdg/xdg-ubuntu-xorg:/etc/xdg', 'COPILOT_DEBUG_NONCE': '07e554e5e30a71fe75ff906291ac7b38', 'CLUTTER_IM_MODULE': 'xim', 'XDG_DATA_DIRS': '/usr/share/ubuntu-xorg:/usr/share/gnome:/usr/local/share/:/usr/share/:/var/lib/snapd/desktop', 'QTWEBENGINE_DICTIONARIES_PATH': '/usr/share/hunspell-bdic/', 'PYTHONPATH': '/home/tiema/project/masc_chassis/chassis_ros_ws/install/masc_chassis_msgs/lib/python3.12/site-packages:/opt/ros/jazzy/lib/python3.12/site-packages', 'LC_NUMERIC': 'zh_CN.UTF-8', 'LC_PAPER': 'zh_CN.UTF-8', 'COLCON': '1', 'MEMORY_PRESSURE_WRITE': 'c29tZSAyMDAwMDAgMjAwMDAwMAA=', 'CMAKE_PREFIX_PATH': '/home/tiema/project/masc_chassis/chassis_ros_ws/install/masc_chassis_msgs:/home/tiema/project/masc_chassis/chassis_ros_ws/install/masc_chassis_can_sdk:/opt/ros/jazzy'}), 'shell': False}
[239.330055] (masc_chassis_ros_driver) StdoutLine: {'line': b'-- Install configuration: ""\n'}
[239.330525] (masc_chassis_ros_driver) StdoutLine: {'line': b'-- Installing: /home/tiema/project/masc_chassis/chassis_ros_ws/install/masc_chassis_ros_driver/lib/masc_chassis_ros_driver/masc_chassis_ros_driver_node\n'}
[239.364841] (masc_chassis_ros_driver) StdoutLine: {'line': b'-- Set non-toolchain portion of runtime path of "/home/tiema/project/masc_chassis/chassis_ros_ws/install/masc_chassis_ros_driver/lib/masc_chassis_ros_driver/masc_chassis_ros_driver_node" to ""\n'}
[239.365176] (masc_chassis_ros_driver) StdoutLine: {'line': b'-- Installing: /home/tiema/project/masc_chassis/chassis_ros_ws/install/masc_chassis_ros_driver/share/masc_chassis_ros_driver/config\n'}
[239.365679] (masc_chassis_ros_driver) StdoutLine: {'line': b'-- Installing: /home/tiema/project/masc_chassis/chassis_ros_ws/install/masc_chassis_ros_driver/share/masc_chassis_ros_driver/config/ros2\n'}
[239.366178] (masc_chassis_ros_driver) StdoutLine: {'line': b'-- Installing: /home/tiema/project/masc_chassis/chassis_ros_ws/install/masc_chassis_ros_driver/share/masc_chassis_ros_driver/config/ros2/driver_params.yaml\n'}
[239.366906] (masc_chassis_ros_driver) StdoutLine: {'line': b'-- Installing: /home/tiema/project/masc_chassis/chassis_ros_ws/install/masc_chassis_ros_driver/share/masc_chassis_ros_driver/config/ros1\n'}
[239.367415] (masc_chassis_ros_driver) StdoutLine: {'line': b'-- Installing: /home/tiema/project/masc_chassis/chassis_ros_ws/install/masc_chassis_ros_driver/share/masc_chassis_ros_driver/config/ros1/driver_params.yaml\n'}
[239.367994] (masc_chassis_ros_driver) StdoutLine: {'line': b'-- Installing: /home/tiema/project/masc_chassis/chassis_ros_ws/install/masc_chassis_ros_driver/share/masc_chassis_ros_driver/launch\n'}
[239.368476] (masc_chassis_ros_driver) StdoutLine: {'line': b'-- Installing: /home/tiema/project/masc_chassis/chassis_ros_ws/install/masc_chassis_ros_driver/share/masc_chassis_ros_driver/launch/masc_chassis_ros_driver_ros1.launch\n'}
[239.369018] (masc_chassis_ros_driver) StdoutLine: {'line': b'-- Installing: /home/tiema/project/masc_chassis/chassis_ros_ws/install/masc_chassis_ros_driver/share/masc_chassis_ros_driver/launch/masc_chassis_ros_driver.launch.py\n'}
[239.371721] (masc_chassis_ros_driver) StdoutLine: {'line': b'-- Installing: /home/tiema/project/masc_chassis/chassis_ros_ws/install/masc_chassis_ros_driver/share/ament_index/resource_index/package_run_dependencies/masc_chassis_ros_driver\n'}
[239.372826] (masc_chassis_ros_driver) StdoutLine: {'line': b'-- Installing: /home/tiema/project/masc_chassis/chassis_ros_ws/install/masc_chassis_ros_driver/share/ament_index/resource_index/parent_prefix_path/masc_chassis_ros_driver\n'}
[239.375320] (masc_chassis_ros_driver) StdoutLine: {'line': b'-- Installing: /home/tiema/project/masc_chassis/chassis_ros_ws/install/masc_chassis_ros_driver/share/masc_chassis_ros_driver/environment/ament_prefix_path.sh\n'}
[239.378633] (masc_chassis_ros_driver) StdoutLine: {'line': b'-- Installing: /home/tiema/project/masc_chassis/chassis_ros_ws/install/masc_chassis_ros_driver/share/masc_chassis_ros_driver/environment/ament_prefix_path.dsv\n'}
[239.380626] (masc_chassis_ros_driver) StdoutLine: {'line': b'-- Installing: /home/tiema/project/masc_chassis/chassis_ros_ws/install/masc_chassis_ros_driver/share/masc_chassis_ros_driver/environment/path.sh\n'}
[239.382155] (masc_chassis_ros_driver) StdoutLine: {'line': b'-- Installing: /home/tiema/project/masc_chassis/chassis_ros_ws/install/masc_chassis_ros_driver/share/masc_chassis_ros_driver/environment/path.dsv\n'}
[239.382940] (masc_chassis_ros_driver) StdoutLine: {'line': b'-- Installing: /home/tiema/project/masc_chassis/chassis_ros_ws/install/masc_chassis_ros_driver/share/masc_chassis_ros_driver/local_setup.bash\n'}
[239.383518] (masc_chassis_ros_driver) StdoutLine: {'line': b'-- Installing: /home/tiema/project/masc_chassis/chassis_ros_ws/install/masc_chassis_ros_driver/share/masc_chassis_ros_driver/local_setup.sh\n'}
[239.384233] (masc_chassis_ros_driver) StdoutLine: {'line': b'-- Installing: /home/tiema/project/masc_chassis/chassis_ros_ws/install/masc_chassis_ros_driver/share/masc_chassis_ros_driver/local_setup.zsh\n'}
[239.384888] (masc_chassis_ros_driver) StdoutLine: {'line': b'-- Installing: /home/tiema/project/masc_chassis/chassis_ros_ws/install/masc_chassis_ros_driver/share/masc_chassis_ros_driver/local_setup.dsv\n'}
[239.385553] (masc_chassis_ros_driver) StdoutLine: {'line': b'-- Installing: /home/tiema/project/masc_chassis/chassis_ros_ws/install/masc_chassis_ros_driver/share/masc_chassis_ros_driver/package.dsv\n'}
[239.386736] (masc_chassis_ros_driver) StdoutLine: {'line': b'-- Installing: /home/tiema/project/masc_chassis/chassis_ros_ws/install/masc_chassis_ros_driver/share/ament_index/resource_index/packages/masc_chassis_ros_driver\n'}
[239.387511] (masc_chassis_ros_driver) StdoutLine: {'line': b'-- Installing: /home/tiema/project/masc_chassis/chassis_ros_ws/install/masc_chassis_ros_driver/share/masc_chassis_ros_driver/cmake/masc_chassis_ros_driverConfig.cmake\n'}
[239.388092] (masc_chassis_ros_driver) StdoutLine: {'line': b'-- Installing: /home/tiema/project/masc_chassis/chassis_ros_ws/install/masc_chassis_ros_driver/share/masc_chassis_ros_driver/cmake/masc_chassis_ros_driverConfig-version.cmake\n'}
[239.388734] (masc_chassis_ros_driver) StdoutLine: {'line': b'-- Installing: /home/tiema/project/masc_chassis/chassis_ros_ws/install/masc_chassis_ros_driver/share/masc_chassis_ros_driver/package.xml\n'}
[239.392769] (-) TimerEvent: {}
[239.393586] (masc_chassis_ros_driver) CommandEnded: {'returncode': 0}
[239.457012] (masc_chassis_ros_driver) JobEnded: {'identifier': 'masc_chassis_ros_driver', 'rc': 0}
[239.457985] (-) EventReactorShutdown: {}
